"","orig.ident","nCount_RNA","nFeature_RNA","percent.mt","RNA_snn_res.0.3","seurat_clusters","harmony_clusters","broad_cell_type","cell_type"
"AAAAAAAAACACAAGC","KO1",6705,1869,5.74198359433259,"0","1","1","Projection Neurons","Neuron"
"AAAAAAACAGCGTTCC","KO1",7866,2313,9.1533180778032,"0","1","1","Projection Neurons","Neuron"
"AAAAAACCATTCGCCC","KO1",7121,2190,6.81084117399242,"0","1","1","Projection Neurons","Neuron"
"AAAAAACCCATAAAGT","KO1",3194,1090,8.14026299311208,"4","4","4","Non-Projection Neuron Cells","Oligo"
"AAAAAACTTGAGTGCT","KO1",26707,5559,6.20436589658142,"1","0","0","Projection Neurons","Neuron"
"AAAAAATCAGGCACTG","KO1",2123,1187,2.16674517192652,"1","0","0","Projection Neurons","Neuron"
"AAAAAATCAGGGGCCC","KO1",2431,1021,9.95475113122172,"0","1","1","Projection Neurons","Neuron"
"AAAAAATCTCGATGCT","KO1",5498,1872,8.51218624954529,"0","1","1","Projection Neurons","Neuron"
"AAAAAATGACGTATGT","KO1",5113,1675,4.90905534911011,"0","1","1","Projection Neurons","Neuron"
"AAAAAATTCTCAACAC","KO1",4637,1690,4.59348716842786,"0","1","1","Projection Neurons","Neuron"
"AAAAACGATGCTTATT","KO1",14538,4301,4.43664878250103,"6","2","2","Non-Projection Neuron Cells","aIP"
"AAAAACTGATTGTGGA","KO1",14912,4318,6.06893776824034,"6","2","2","Non-Projection Neuron Cells","aIP"
"AAAAAGAGATTTAATA","KO1",6386,2031,7.65737550892577,"0","1","1","Projection Neurons","Neuron"
"AAAAAGCGTAATATCC","KO1",1706,701,9.26143024618992,"0","0","0","Projection Neurons","Neuron"
"AAAAAGGAATTGGTTG","KO1",4603,1719,6.90853791005866,"0","1","1","Projection Neurons","Neuron"
"AAAAAGGCGCGACGGG","KO1",18374,4149,4.14716447153587,"1","0","0","Projection Neurons","Neuron"
"AAAAAGGGACGAAGCG","KO1",2318,1018,8.75754961173425,"0","1","1","Projection Neurons","Neuron"
"AAAAAGTAGCGAGTAT","KO1",3986,1705,6.47265429001505,"0","1","1","Projection Neurons","Neuron"
"AAAAAGTCTATTGAAA","KO1",4614,1650,6.11183355006502,"0","0","0","Projection Neurons","Neuron"
"AAAAATACCAGCACCC","KO1",4629,1475,8.07949881183841,"4","4","4","Non-Projection Neuron Cells","Oligo"
"AAAAATCATCGGATAG","KO1",4440,1809,4.52702702702703,"2","2","2","Non-Projection Neuron Cells","aIP"
"AAAAATCCATCCGTTG","KO1",10889,2998,5.3448434199651,"1","0","0","Projection Neurons","Neuron"
"AAAAATCCGATCACGG","KO1",16343,4113,6.0025699076057,"1","0","0","Projection Neurons","Neuron"
"AAAAATGACTTCCTCC","KO1",9007,2385,8.5711113578328,"0","0","0","Projection Neurons","Neuron"
"AAAAATTATACTGGCT","KO1",4438,1635,6.57954033348355,"1","0","0","Projection Neurons","Neuron"
"AAAAATTCATGCGGTC","KO1",2153,985,9.1500232234092,"0","0","0","Projection Neurons","Neuron"
"AAAACAAATGATTAGT","KO1",2327,1053,7.64933390631715,"0","1","1","Projection Neurons","Neuron"
"AAAACAAATTGACTAC","KO1",2608,1032,3.06748466257669,"3","3","3","Non-Projection Neuron Cells","RGP"
"AAAACACAATTGGCTA","KO1",1564,811,9.0153452685422,"5","5","5","Non-Projection Neuron Cells","OBNB"
"AAAACACGGTGAGGAC","KO1",6234,1930,3.62528071863972,"2","2","2","Non-Projection Neuron Cells","aIP"
"AAAACACGTCTGTGGA","KO1",6832,2238,5.91334894613583,"0","1","1","Projection Neurons","Neuron"
"AAAACAGCTATCTGAG","KO1",16338,3398,6.35328681601175,"1","0","0","Projection Neurons","Neuron"
"AAAACATATCCCCTTT","KO1",6228,2128,6.85613359023764,"0","1","1","Projection Neurons","Neuron"
"AAAACATTGTAAATGG","KO1",6042,2043,8.19265143992056,"0","1","1","Projection Neurons","Neuron"
"AAAACCAGGACCAAAT","KO1",11364,3351,3.73108060542063,"1","0","0","Projection Neurons","Neuron"
"AAAACCATTGTGGGTA","KO1",1998,797,11.5615615615616,"0","0","0","Projection Neurons","Neuron"
"AAAACCGGACAACTGG","KO1",9099,2811,4.6928233871854,"0","0","0","Projection Neurons","Neuron"
"AAAACCTCCAACTATG","KO1",13956,3436,5.56033247348811,"0","0","0","Projection Neurons","Neuron"
"AAAACGAAAAAGAAAT","KO1",7231,2189,7.3157239662564,"4","3","3","Non-Projection Neuron Cells","RGP"
"AAAACGAAACTTTCCT","KO1",3539,1571,4.18197230856174,"4","3","3","Non-Projection Neuron Cells","RGP"
"AAAACGAAGTGGATAA","KO1",14110,3106,5.83274273564848,"0","0","0","Projection Neurons","Neuron"
"AAAACGAATTCCTTAC","KO1",2592,1092,7.21450617283951,"0","1","1","Projection Neurons","Neuron"
"AAAACGATTTCTCCGT","KO1",2691,1238,7.32069862504645,"0","1","1","Projection Neurons","Neuron"
"AAAACGCTCTTGGCAG","KO1",6759,2255,7.26438822310993,"0","0","0","Projection Neurons","Neuron"
"AAAACGCTGACGCTGT","KO1",3834,1478,4.30359937402191,"0","0","0","Projection Neurons","Neuron"
"AAAACGGCGTGGCTTT","KO1",4262,1599,6.89816987329892,"0","1","1","Projection Neurons","Neuron"
"AAAACGTAGGAGTACC","KO1",5951,1831,6.50310872122332,"1","0","0","Projection Neurons","Neuron"
"AAAACGTTTATGTCGT","KO1",2773,1196,8.65488640461594,"5","5","5","Non-Projection Neuron Cells","OBNB"
"AAAACTACCGGCCCAT","KO1",2566,1229,3.66328916601715,"2","2","2","Non-Projection Neuron Cells","aIP"
"AAAACTCCAGACTCTG","KO1",2054,970,5.45277507302824,"0","1","1","Projection Neurons","Neuron"
"AAAACTCGATGCTTCT","KO1",5428,1956,3.11348563006632,"2","2","2","Non-Projection Neuron Cells","aIP"
"AAAACTCGGACAAATC","KO1",4884,1656,5.48730548730549,"1","0","0","Projection Neurons","Neuron"
"AAAACTTCGCATGTGG","KO1",5565,2120,7.13387241689128,"0","1","1","Projection Neurons","Neuron"
"AAAACTTGCGGATAGG","KO1",4869,1612,6.36681043335387,"0","1","1","Projection Neurons","Neuron"
"AAAACTTTGTTCCTTG","KO1",12820,3220,6.14664586583463,"1","0","0","Projection Neurons","Neuron"
"AAAAGAATGTATTGCC","KO1",6642,2321,5.42005420054201,"0","1","1","Projection Neurons","Neuron"
"AAAAGACCACTTTCAT","KO1",3814,1426,9.15049816465653,"1","0","0","Projection Neurons","Neuron"
"AAAAGAGGTCTACAGT","KO1",3188,1502,2.94855708908407,"2","2","2","Non-Projection Neuron Cells","aIP"
"AAAAGATCCATGTCCG","KO1",6125,2115,3.96734693877551,"2","2","2","Non-Projection Neuron Cells","aIP"
"AAAAGATCCTGCTCCT","KO1",4420,1349,7.73755656108597,"4","4","4","Non-Projection Neuron Cells","Oligo"
"AAAAGCAATCCAGGAC","KO1",2584,1062,8.51393188854489,"0","1","1","Projection Neurons","Neuron"
"AAAAGCCGCACATCCA","KO1",2098,1080,6.24404194470925,"0","1","1","Projection Neurons","Neuron"
"AAAAGCCGGCCAGTGC","KO1",14455,3329,6.77966101694915,"0","6","6","Projection Neurons","Neuron"
"AAAAGCGGGACGACCC","KO1",2649,1128,10.0415251038128,"5","5","5","Non-Projection Neuron Cells","OBNB"
"AAAAGCTGGCTAACTT","KO1",1679,835,7.80226325193568,"0","1","1","Projection Neurons","Neuron"
"AAAAGCTGGTCCGAGA","KO1",6513,2334,6.15691693536005,"0","1","1","Projection Neurons","Neuron"
"AAAAGCTTTAACGGCC","KO1",6514,2143,6.89284617746392,"0","0","0","Projection Neurons","Neuron"
"AAAAGGAGTAACAACG","KO1",4780,1783,8.34728033472803,"1","0","0","Projection Neurons","Neuron"
"AAAAGGATCGGTCAGG","KO1",1998,977,7.45745745745746,"0","1","1","Projection Neurons","Neuron"
"AAAAGGCCGACTCCAC","KO1",6047,1873,7.90474615511824,"3","3","3","Non-Projection Neuron Cells","RGP"
"AAAAGGCTTGTGGACT","KO1",5631,1905,6.51749245249512,"0","1","1","Projection Neurons","Neuron"
"AAAAGGGCCATAGCAT","KO1",2543,1077,8.65119937082186,"0","0","0","Projection Neurons","Neuron"
"AAAAGGGTGGTCATCG","KO1",4884,1651,6.1015561015561,"2","2","2","Non-Projection Neuron Cells","aIP"
"AAAAGGGTGTTTATAA","KO1",2100,1080,9.90476190476191,"0","0","0","Projection Neurons","Neuron"
"AAAAGTACCACCCACC","KO1",17774,4971,4.93979970743783,"2","2","2","Non-Projection Neuron Cells","aIP"
"AAAATAAGAAGCCCTC","KO1",5086,1596,4.62052693668895,"3","3","3","Non-Projection Neuron Cells","RGP"
"AAAATAAGTAGTTTGC","KO1",11276,2796,6.74884710890387,"0","0","0","Projection Neurons","Neuron"
"AAAATAAGTGCCATCT","KO1",10858,2865,4.07994105728495,"3","3","3","Non-Projection Neuron Cells","RGP"
"AAAATACAAGGGTAAC","KO1",6573,2057,7.02875399361022,"0","1","1","Projection Neurons","Neuron"
"AAAATATAATGCCAAT","KO1",7355,2439,3.57579877634262,"2","2","2","Non-Projection Neuron Cells","aIP"
"AAAATATACTATTGTT","KO1",6365,2516,5.02749410840534,"0","1","1","Projection Neurons","Neuron"
"AAAATATGACAGTCAA","KO1",5633,2143,5.52103674773655,"0","0","0","Projection Neurons","Neuron"
"AAAATATGGGTGCCGC","KO1",2304,1016,5.12152777777778,"5","5","5","Non-Projection Neuron Cells","OBNB"
"AAAATCAAGACGTTAT","KO1",2413,1097,9.32449233319519,"0","0","0","Projection Neurons","Neuron"
"AAAATCACACAAGGAA","KO1",7509,2172,9.01584764948728,"0","0","0","Projection Neurons","Neuron"
"AAAATCATACGTTGAC","KO1",2166,816,7.52539242843952,"4","3","3","Non-Projection Neuron Cells","RGP"
"AAAATCCTATATGGAG","KO1",1913,950,8.62519602718244,"1","6","6","Projection Neurons","Neuron"
"AAAATCCTATATGGCT","KO1",11098,2982,6.70391061452514,"0","6","6","Projection Neurons","Neuron"
"AAAATCGTCCGGCCTC","KO1",7306,2292,9.03367095537914,"1","0","0","Projection Neurons","Neuron"
"AAAATCGTTTAACACC","KO1",6964,2208,7.35209649626651,"0","1","1","Projection Neurons","Neuron"
"AAAATCTCTGGCACCT","KO1",4832,1644,9.02317880794702,"0","1","1","Projection Neurons","Neuron"
"AAAATGAACCTATGTC","KO1",2855,1244,12.399299474606,"0","1","1","Projection Neurons","Neuron"
"AAAATGATCAATCCTG","KO1",18302,4074,4.59512621571413,"1","0","0","Projection Neurons","Neuron"
"AAAATGCACTGCTGGT","KO1",3233,1321,8.53696257346118,"0","1","1","Projection Neurons","Neuron"
"AAAATGCCGTCTATGC","KO1",4986,1801,4.53269153630164,"2","2","2","Non-Projection Neuron Cells","aIP"
"AAAATGCCTTTAACAG","KO1",2476,1048,5.65428109854604,"0","1","1","Projection Neurons","Neuron"
"AAAATGCGAACTCCAA","KO1",7838,2083,6.94054605766777,"1","0","0","Projection Neurons","Neuron"
"AAAATGGCCGTAACTC","KO1",15388,3872,3.42474655575773,"1","0","0","Projection Neurons","Neuron"
"AAAATGTAGCATCCAT","KO1",3362,1187,7.13860797144557,"0","1","1","Projection Neurons","Neuron"
"AAAATGTCACATCTAG","KO1",4001,1675,8.64783804048988,"1","0","0","Projection Neurons","Neuron"
"AAAATGTGCGTGCCAG","KO1",5058,1964,2.72835112692764,"0","1","1","Projection Neurons","Neuron"
"AAAATGTGCTCGCCCT","KO1",1790,911,4.35754189944134,"2","2","2","Non-Projection Neuron Cells","aIP"
"AAAATTAGCTGGCTCG","KO1",5879,2437,5.17094744004082,"6","2","2","Non-Projection Neuron Cells","aIP"
"AAAATTCATGAACATT","KO1",6226,2090,6.58528750401542,"0","1","1","Projection Neurons","Neuron"
"AAAATTCCGCTGTGAA","KO1",4452,1344,8.40071877807727,"3","3","3","Non-Projection Neuron Cells","RGP"
"AAAATTCCTAGCCGGG","KO1",5498,1699,5.43834121498727,"3","3","3","Non-Projection Neuron Cells","RGP"
"AAAATTGAAATTGGTG","KO1",8180,1947,7.76283618581907,"4","4","4","Non-Projection Neuron Cells","Oligo"
"AAAATTGTCCTAGCGA","KO1",3130,1171,6.03833865814696,"0","1","1","Projection Neurons","Neuron"
"AAAATTTAACAACAGT","KO1",8978,2193,10.3809311650702,"0","0","0","Projection Neurons","Neuron"
"AAAATTTCAAATTAAT","KO1",5338,1876,8.09291869614088,"4","4","4","Non-Projection Neuron Cells","Oligo"
"AAAATTTGAATCAATG","KO1",3571,1532,3.44441332959955,"2","2","2","Non-Projection Neuron Cells","aIP"
"AAACAAAGCAGCCTTT","KO1",4292,1436,7.618825722274,"5","5","5","Non-Projection Neuron Cells","OBNB"
"AAACAACAGTTCTGGA","KO1",20416,4614,4.5503526645768,"1","0","0","Projection Neurons","Neuron"
"AAACAACATCCTAGTT","KO1",2610,1085,5.90038314176245,"0","0","0","Projection Neurons","Neuron"
"AAACAACTGGGTATAG","KO1",3084,1071,6.67963683527886,"2","2","2","Non-Projection Neuron Cells","aIP"
"AAACAAGACCACCCAA","KO1",2033,897,7.23069355632071,"0","1","1","Projection Neurons","Neuron"
"AAACAAGGGGTTCTCC","KO1",1712,815,6.89252336448598,"0","0","0","Projection Neurons","Neuron"
"AAACAAGGGGTTGGCC","KO1",20828,3603,4.9404647589783,"1","0","0","Projection Neurons","Neuron"
"AAACAAGTACAAGCCG","KO1",7218,2194,5.55555555555556,"1","0","0","Projection Neurons","Neuron"
"AAACAAGTATCACGCT","KO1",6682,2241,12.675845555223,"1","0","0","Projection Neurons","Neuron"
"AAACACAACATTATGG","KO1",2945,1364,3.4634974533107,"2","2","2","Non-Projection Neuron Cells","aIP"
"AAACACATCGGGTCTC","KO1",4859,1463,7.40893187898745,"0","0","0","Projection Neurons","Neuron"
"AAACACCAAAAAGGTG","KO1",2768,1188,6.32225433526012,"1","0","0","Projection Neurons","Neuron"
"AAACACCAGGATCAGT","KO1",2832,1203,10.6285310734463,"0","1","1","Projection Neurons","Neuron"
"AAACACCCAGTACTTA","KO1",3004,1277,9.0878828229028,"0","1","1","Projection Neurons","Neuron"
"AAACACGGACGCTCTA","KO1",13797,3937,5.29100529100529,"0","0","0","Projection Neurons","Neuron"
"AAACACGTGTGCGAGA","KO1",5425,1928,2.56221198156682,"2","2","2","Non-Projection Neuron Cells","aIP"
"AAACAGATATTGGTGA","KO1",7510,2830,4.96671105193076,"0","0","0","Projection Neurons","Neuron"
"AAACAGCCGATCTATC","KO1",5920,1914,9.39189189189189,"1","0","0","Projection Neurons","Neuron"
"AAACAGGGCGAAAACT","KO1",1757,878,6.94365395560615,"0","1","1","Projection Neurons","Neuron"
"AAACAGGTACTGAAAC","KO1",8087,3097,7.19673550142204,"3","3","3","Non-Projection Neuron Cells","RGP"
"AAACATAACCATGTTT","KO1",8210,2814,4.1047503045067,"2","2","2","Non-Projection Neuron Cells","aIP"
"AAACATAGAGATGTCC","KO1",5586,1838,8.98675259577515,"0","1","1","Projection Neurons","Neuron"
"AAACATGAACAGACTT","KO1",3632,1501,5.91960352422907,"4","4","4","Non-Projection Neuron Cells","Oligo"
"AAACATGACCTAAAGG","KO1",1736,779,5.06912442396313,"2","2","2","Non-Projection Neuron Cells","aIP"
"AAACATGGAAACCTTA","KO1",3908,961,6.7553735926305,"0","0","0","Projection Neurons","Neuron"
"AAACATGGACTTAGAA","KO1",2559,1155,6.05705353653771,"0","1","1","Projection Neurons","Neuron"
"AAACATGGTCAGGGGA","KO1",11264,3073,4.66086647727273,"0","1","1","Projection Neurons","Neuron"
"AAACATGTGCCATTGT","KO1",18911,4526,4.30437311617577,"3","3","3","Non-Projection Neuron Cells","RGP"
"AAACATTGCGTGCCAA","KO1",12740,2782,3.50863422291994,"3","3","3","Non-Projection Neuron Cells","RGP"
"AAACCAAACAGAGACA","KO1",19907,4736,4.89777465213242,"1","0","0","Projection Neurons","Neuron"
"AAACCAACATCGCACT","KO1",6473,2300,4.4492507338174,"2","2","2","Non-Projection Neuron Cells","aIP"
"AAACCAACTTGACCTT","KO1",7422,2667,8.39396389113447,"1","0","0","Projection Neurons","Neuron"
"AAACCAAGACTACTAG","KO1",2694,1148,6.49591685226429,"0","0","0","Projection Neurons","Neuron"
"AAACCACCGTGCACAG","KO1",6027,2162,7.36684917869587,"0","1","1","Projection Neurons","Neuron"
"AAACCAGTAATCACTA","KO1",9146,2427,7.44587797944457,"1","0","0","Projection Neurons","Neuron"
"AAACCCAGGATATGGG","KO1",9820,2528,7.52545824847251,"1","0","0","Projection Neurons","Neuron"
"AAACCCATCTCGCGTT","KO1",2934,1217,4.15814587593729,"1","0","0","Projection Neurons","Neuron"
"AAACCCCGCTGAGCCA","KO1",4280,1341,10.1168224299065,"0","0","0","Projection Neurons","Neuron"
"AAACCCGGTTGAACTT","KO1",2064,992,5.57170542635659,"0","1","1","Projection Neurons","Neuron"
"AAACCCTAAGCAAATA","KO1",6528,2013,10.2634803921569,"0","0","0","Projection Neurons","Neuron"
"AAACCCTAATCAGCTT","KO1",4127,1732,1.16307244972135,"0","1","1","Projection Neurons","Neuron"
"AAACCCTAGTACGAGG","KO1",5860,2002,7.62798634812287,"1","0","0","Projection Neurons","Neuron"
"AAACCCTGGTAAACTT","KO1",3149,1313,10.6382978723404,"0","1","1","Projection Neurons","Neuron"
"AAACCGATCTGATAAG","KO1",4577,1601,6.42342145510159,"0","1","1","Projection Neurons","Neuron"
"AAACCGCCACTACCTG","KO1",5296,1780,8.87462235649547,"0","1","1","Projection Neurons","Neuron"
"AAACCGCCAGATGGTA","KO1",16286,3468,4.13852388554587,"2","2","2","Non-Projection Neuron Cells","aIP"
"AAACCGCCATTTACGG","KO1",7168,3109,3.68303571428571,"6","2","2","Non-Projection Neuron Cells","aIP"
"AAACCGCGTTACACAA","KO1",15541,4010,4.7744675374815,"0","0","0","Projection Neurons","Neuron"
"AAACCGGAGTCCGGTA","KO1",2906,1359,6.98554714384033,"0","1","1","Projection Neurons","Neuron"
"AAACCGGTCGCGATGT","KO1",3526,1265,9.27396483267158,"0","1","1","Projection Neurons","Neuron"
"AAACCGTTGCGAGAAA","KO1",6223,2145,3.5352723766672,"3","3","3","Non-Projection Neuron Cells","RGP"
"AAACCTAACGGATCAG","KO1",1526,736,8.25688073394496,"5","5","5","Non-Projection Neuron Cells","OBNB"
"AAACCTACTCCTCACG","KO1",1899,980,14.4286466561348,"4","4","4","Non-Projection Neuron Cells","Oligo"
"AAACCTCATTCGGGCA","KO1",2161,898,8.65340120314669,"4","4","4","Non-Projection Neuron Cells","Oligo"
"AAACCTGTATGCGTTA","KO1",6090,1806,14.367816091954,"0","0","0","Projection Neurons","Neuron"
"AAACCTTTTATTAGAG","KO1",4301,1582,6.92862125087189,"0","1","1","Projection Neurons","Neuron"
"AAACGAAATCCTAAGC","KO1",1646,964,13.3657351154313,"0","0","0","Projection Neurons","Neuron"
"AAACGACCCTCTGTGG","KO1",2588,1190,8.53941267387944,"0","1","1","Projection Neurons","Neuron"
"AAACGACTAACAGAGC","KO1",2670,1366,0.674157303370786,"0","0","0","Projection Neurons","Neuron"
"AAACGACTGGGCTAGT","KO1",12022,3246,8.11013142571952,"4","4","4","Non-Projection Neuron Cells","Oligo"
"AAACGACTTAATAAGC","KO1",1815,1067,6.77685950413223,"1","0","0","Projection Neurons","Neuron"
"AAACGAGGGTTCTTAC","KO1",10729,2734,5.65756361263864,"3","3","3","Non-Projection Neuron Cells","RGP"
"AAACGAGGTCACCTCA","KO1",11540,2979,5.84922010398614,"1","0","0","Projection Neurons","Neuron"
"AAACGATCAGATATGC","KO1",7861,2631,4.71950133570792,"5","5","5","Non-Projection Neuron Cells","OBNB"
"AAACGCCCATGCCCAT","KO1",4088,1495,6.82485322896282,"0","1","1","Projection Neurons","Neuron"
"AAACGCCCGTCTTCGT","KO1",5139,1777,6.07122008172796,"0","0","0","Projection Neurons","Neuron"
"AAACGCCGGAGTTTCG","KO1",3892,1356,7.06577595066804,"0","1","1","Projection Neurons","Neuron"
"AAACGCCTGGTCCTAA","KO1",8750,2598,5.24571428571429,"1","0","0","Projection Neurons","Neuron"
"AAACGCGTGACCTATG","KO1",7251,2177,8.28851192938905,"0","0","0","Projection Neurons","Neuron"
"AAACGCTCAGACCTTA","KO1",13085,2905,3.78295758502102,"3","3","3","Non-Projection Neuron Cells","RGP"
"AAACGCTGAATTTTCG","KO1",5143,1724,8.47754229049193,"4","4","4","Non-Projection Neuron Cells","Oligo"
"AAACGCTTGTTTGTGC","KO1",5717,2074,5.94717509183138,"0","1","1","Projection Neurons","Neuron"
"AAACGGAGTCGCTGCC","KO1",8444,2469,7.38986262434865,"1","0","0","Projection Neurons","Neuron"
"AAACGGAGTCTTCCAA","KO1",7926,2602,4.4032298763563,"2","2","2","Non-Projection Neuron Cells","aIP"
"AAACGGATTGGGCCCT","KO1",6601,1929,8.48356309650053,"0","1","1","Projection Neurons","Neuron"
"AAACGGCGATTTCGGC","KO1",7243,2210,8.09057020571586,"4","4","4","Non-Projection Neuron Cells","Oligo"
"AAACGGGCCTGATTCG","KO1",7961,2147,5.66511744755684,"1","0","0","Projection Neurons","Neuron"
"AAACGGGGTTTGTATG","KO1",3929,1423,6.0320692288114,"0","1","1","Projection Neurons","Neuron"
"AAACGGTGAACCGTCG","KO1",4908,1649,9.1279543602282,"0","1","1","Projection Neurons","Neuron"
"AAACGTACTTGACTGT","KO1",7231,2492,6.85935555248237,"0","1","1","Projection Neurons","Neuron"
"AAACGTCTGCCCGGCT","KO1",3272,1040,6.08190709046455,"0","0","0","Projection Neurons","Neuron"
"AAACGTTAGTTCAGCG","KO1",10375,2688,6.58313253012048,"1","0","0","Projection Neurons","Neuron"
"AAACTAACCACATCGG","KO1",6436,1982,8.53014294592915,"1","0","0","Projection Neurons","Neuron"
"AAACTAATAAGTAGGA","KO1",9178,2512,4.30376988450643,"0","1","1","Projection Neurons","Neuron"
"AAACTACTCATCAGTT","KO1",6827,2028,7.08949758312582,"1","0","0","Projection Neurons","Neuron"
"AAACTACTGAAAGGGT","KO1",3498,1594,9.29102344196684,"2","2","2","Non-Projection Neuron Cells","aIP"
"AAACTCATAACGGAAC","KO1",4831,1708,9.1906437590561,"0","0","0","Projection Neurons","Neuron"
"AAACTCCACCGGACGG","KO1",2099,939,6.66984278227727,"5","5","5","Non-Projection Neuron Cells","OBNB"
"AAACTCCCATAAGTCT","KO1",3326,1243,7.24594107035478,"5","5","5","Non-Projection Neuron Cells","OBNB"
"AAACTCGAAAAATTAA","KO1",7620,2134,6.12860892388451,"4","4","4","Non-Projection Neuron Cells","Oligo"
"AAACTCGCGGCCGCCC","KO1",7241,2461,2.76204944068499,"2","2","2","Non-Projection Neuron Cells","aIP"
"AAACTCGGGGTATAGA","KO1",4069,1365,14.2295404276235,"4","4","4","Non-Projection Neuron Cells","Oligo"
"AAACTCGTAATCACCG","KO1",3415,977,10.1024890190337,"5","5","5","Non-Projection Neuron Cells","OBNB"
"AAACTCGTGGATCAAG","KO1",1976,1036,3.08704453441296,"0","1","1","Projection Neurons","Neuron"
"AAACTCTGGGCCTGCA","KO1",1520,1052,3.28947368421053,"1","0","0","Projection Neurons","Neuron"
"AAACTGAAAACTAGTT","KO1",5541,1861,7.30914997292907,"3","3","3","Non-Projection Neuron Cells","RGP"
"AAACTGAAGAAAATGG","KO1",1529,726,12.6226291693918,"0","0","0","Projection Neurons","Neuron"
"AAACTGCTCGGATACC","KO1",8016,2613,2.95658682634731,"2","2","2","Non-Projection Neuron Cells","aIP"
"AAACTGCTGAGCTTTT","KO1",3072,1367,7.16145833333333,"0","1","1","Projection Neurons","Neuron"
"AAACTGGAGGGGTCAG","KO1",4610,1518,6.16052060737527,"0","1","1","Projection Neurons","Neuron"
"AAACTGGGTCTTTCCC","KO1",6055,1962,8.86870355078448,"1","0","0","Projection Neurons","Neuron"
"AAACTGTACTTTTTTC","KO1",2487,1078,10.2131081624447,"0","0","0","Projection Neurons","Neuron"
"AAACTGTCGTCTCCAG","KO1",10011,1886,7.96124263310359,"0","0","0","Projection Neurons","Neuron"
"AAACTGTGCAGCTTCC","KO1",7117,2240,7.32050021076296,"0","1","1","Projection Neurons","Neuron"
"AAACTTACATTCAAAC","KO1",4169,1596,8.13144639002159,"1","0","0","Projection Neurons","Neuron"
"AAACTTGAAGGAGGCT","KO1",3803,1600,8.65106494872469,"2","2","2","Non-Projection Neuron Cells","aIP"
"AAACTTGATCCAGAAC","KO1",9811,2470,8.48027723983284,"1","0","0","Projection Neurons","Neuron"
"AAACTTGGCTGACACT","KO1",4997,1713,7.02421452871723,"0","0","0","Projection Neurons","Neuron"
"AAACTTTATACCAGAG","KO1",17101,4006,7.56680895854044,"2","2","2","Non-Projection Neuron Cells","aIP"
"AAACTTTATTTATAAG","KO1",14317,4379,2.66815673674653,"3","3","3","Non-Projection Neuron Cells","RGP"
"AAAGAAAAGTAGTATC","KO1",2009,940,9.30811348929816,"0","1","1","Projection Neurons","Neuron"
"AAAGAACATTACATGA","KO1",2297,1032,5.52895080539835,"5","5","5","Non-Projection Neuron Cells","OBNB"
"AAAGAACGAACCTAGG","KO1",8822,2250,5.25957832691,"3","3","3","Non-Projection Neuron Cells","RGP"
"AAAGAAGCCATATCGG","KO1",9441,2539,5.84683825865904,"1","0","0","Projection Neurons","Neuron"
"AAAGAAGCGTCACCTG","KO1",6884,2248,3.26844857640906,"3","3","3","Non-Projection Neuron Cells","RGP"
"AAAGAAGCTTATTAGA","KO1",1636,758,9.29095354523227,"5","5","5","Non-Projection Neuron Cells","OBNB"
"AAAGAAGTACAGGAAT","KO1",11834,2957,8.12066925806997,"1","0","0","Projection Neurons","Neuron"
"AAAGACAACGACCATA","KO1",9362,2863,4.3366801965392,"3","3","3","Non-Projection Neuron Cells","RGP"
"AAAGACGCTAACTTCC","KO1",4275,1443,7.25146198830409,"0","0","0","Projection Neurons","Neuron"
"AAAGACTTCTCAGGGA","KO1",7109,2505,6.24560416373611,"1","0","0","Projection Neurons","Neuron"
"AAAGAGAACGCCTGAA","KO1",3090,1346,7.86407766990291,"0","1","1","Projection Neurons","Neuron"
"AAAGAGAGCTAGTTGC","KO1",5933,2139,8.54542390021911,"1","0","0","Projection Neurons","Neuron"
"AAAGAGCCTCCGTGGC","KO1",13675,2979,4.9945155393053,"2","2","2","Non-Projection Neuron Cells","aIP"
"AAAGAGCGGGCGGGCA","KO1",4053,1453,5.47742413027387,"0","1","1","Projection Neurons","Neuron"
"AAAGAGCTCATTAAGG","KO1",4541,1355,7.11297071129707,"4","4","4","Non-Projection Neuron Cells","Oligo"
"AAAGAGGAGATTACGG","KO1",5690,1939,6.78383128295255,"0","1","1","Projection Neurons","Neuron"
"AAAGAGGCTTCGAGCA","KO1",1663,767,7.33613950691521,"0","5","5","Non-Projection Neuron Cells","OBNB"
"AAAGAGGCTTTGTTCG","KO1",1883,816,6.37280934678704,"0","1","1","Projection Neurons","Neuron"
"AAAGAGGTCACCTTGT","KO1",5945,2020,4.59209419680404,"4","4","4","Non-Projection Neuron Cells","Oligo"
"AAAGAGTCTCCGGTAA","KO1",1632,734,8.27205882352941,"0","5","5","Non-Projection Neuron Cells","OBNB"
"AAAGATAGGGACCTCA","KO1",3263,1366,6.49708856880172,"0","1","1","Projection Neurons","Neuron"
"AAAGATATCGATCTGG","KO1",9367,2588,5.55140386463115,"2","2","2","Non-Projection Neuron Cells","aIP"
"AAAGATCTAAGTATCC","KO1",6514,2165,4.72827755603316,"0","1","1","Projection Neurons","Neuron"
"AAAGATGGTGAACAAT","KO1",8564,2544,5.97851471275105,"1","0","0","Projection Neurons","Neuron"
"AAAGATGGTTCGTCTG","KO1",6577,2325,4.6525771628402,"0","1","1","Projection Neurons","Neuron"
"AAAGATTTCGCTAAAC","KO1",3030,1338,9.24092409240924,"0","1","1","Projection Neurons","Neuron"
"AAAGCAAATTTGAGTG","KO1",6647,2115,5.415977132541,"0","1","1","Projection Neurons","Neuron"
"AAAGCACAGCGGCCCT","KO1",1720,863,8.83720930232558,"0","1","1","Projection Neurons","Neuron"
"AAAGCACGGACGGTTA","KO1",2603,1052,7.64502497118709,"0","1","1","Projection Neurons","Neuron"
"AAAGCAGAGATAGGGA","KO1",4914,1640,5.94220594220594,"0","1","1","Projection Neurons","Neuron"
"AAAGCAGATTAGGGCG","KO1",5240,1727,8.09160305343512,"0","0","0","Projection Neurons","Neuron"
"AAAGCAGATTGTATAT","KO1",11106,2874,2.01692778678192,"3","3","3","Non-Projection Neuron Cells","RGP"
"AAAGCAGGACGGTGGC","KO1",13538,3135,6.3155562121436,"0","6","6","Projection Neurons","Neuron"
"AAAGCAGGAGGTCAAA","KO1",2336,942,11.3441780821918,"0","1","1","Projection Neurons","Neuron"
"AAAGCATGCTCCCGGC","KO1",2240,980,14.5982142857143,"0","1","1","Projection Neurons","Neuron"
"AAAGCCAAAACTTCAT","KO1",5387,1682,5.68034156302209,"0","1","1","Projection Neurons","Neuron"
"AAAGCCACTACATATA","KO1",9563,2801,6.0336714420161,"0","6","6","Projection Neurons","Neuron"
"AAAGCCACTGATAACC","KO1",5188,1766,7.69082498072475,"5","5","5","Non-Projection Neuron Cells","OBNB"
"AAAGCCCCATTCTGTC","KO1",1890,906,5.87301587301587,"0","1","1","Projection Neurons","Neuron"
"AAAGCCCCGTACGGCA","KO1",1840,883,6.73913043478261,"5","5","5","Non-Projection Neuron Cells","OBNB"
"AAAGCCCGGACAGCAG","KO1",3324,1315,9.65703971119134,"0","1","1","Projection Neurons","Neuron"
"AAAGCCCGGCAATTAA","KO1",10770,2765,6.68523676880223,"1","0","0","Projection Neurons","Neuron"
"AAAGCCCGTACAGTTG","KO1",16765,3597,6.76409185803758,"1","0","0","Projection Neurons","Neuron"
"AAAGCCCGTACCGCGG","KO1",7641,2393,7.14566156262269,"0","1","1","Projection Neurons","Neuron"
"AAAGCCCTAAAGGGGC","KO1",6790,1792,3.06332842415317,"2","2","2","Non-Projection Neuron Cells","aIP"
"AAAGCCGGTATGTGCC","KO1",7749,2380,5.82010582010582,"1","0","0","Projection Neurons","Neuron"
"AAAGCCGTGCGGGGTA","KO1",2549,971,3.17771675166732,"0","1","1","Projection Neurons","Neuron"
"AAAGCCGTTGATTCCC","KO1",16759,3832,7.16033176203831,"1","0","0","Projection Neurons","Neuron"
"AAAGCCTCGCGTTGGG","KO1",3610,1294,10.4432132963989,"0","1","1","Projection Neurons","Neuron"
"AAAGCGAACAATGCCC","KO1",6730,2089,6.09212481426449,"0","0","0","Projection Neurons","Neuron"
"AAAGCGACTCCTTTAC","KO1",4289,1671,5.40918629051061,"4","4","4","Non-Projection Neuron Cells","Oligo"
"AAAGCGTAACTGCTAT","KO1",4350,1782,4.64367816091954,"2","2","2","Non-Projection Neuron Cells","aIP"
"AAAGCGTTCTAAGCTC","KO1",6327,1902,6.62241188556978,"0","1","1","Projection Neurons","Neuron"
"AAAGCTAACCATGTTG","KO1",3924,1215,8.33333333333333,"5","5","5","Non-Projection Neuron Cells","OBNB"
"AAAGCTATCGGCAATC","KO1",8002,2326,5.77355661084729,"0","1","1","Projection Neurons","Neuron"
"AAAGCTATTCCTCAGC","KO1",2370,861,9.49367088607595,"0","1","1","Projection Neurons","Neuron"
"AAAGCTCCTAACGTCT","KO1",5065,1825,7.16683119447187,"0","1","1","Projection Neurons","Neuron"
"AAAGCTCGTTGCAAGT","KO1",2075,853,6.31325301204819,"0","0","0","Projection Neurons","Neuron"
"AAAGCTGCCACTTCTG","KO1",13519,3148,5.75486352540868,"0","0","0","Projection Neurons","Neuron"
"AAAGGAAAGTCGTACT","KO1",3388,1074,5.90318772136954,"4","4","4","Non-Projection Neuron Cells","Oligo"
"AAAGGAACCTGCGTAG","KO1",1773,898,6.48618161308517,"0","1","1","Projection Neurons","Neuron"
"AAAGGATTGCGGTGTG","KO1",4427,2071,9.48723740682178,"2","2","2","Non-Projection Neuron Cells","aIP"
"AAAGGCCTCGTCTTGA","KO1",10296,2824,2.58352758352758,"3","3","3","Non-Projection Neuron Cells","RGP"
"AAAGGCTCGGTCAGAT","KO1",4589,1656,6.47199825670081,"0","0","0","Projection Neurons","Neuron"
"AAAGGCTGACTAGGGA","KO1",17222,4003,6.02136801765184,"1","0","0","Projection Neurons","Neuron"
"AAAGGGCGATTAGACA","KO1",3312,1385,6.06884057971014,"4","4","4","Non-Projection Neuron Cells","Oligo"
"AAAGGGCGCCCTGTTA","KO1",8664,2702,7.97553093259465,"2","2","2","Non-Projection Neuron Cells","aIP"
"AAAGGGGGCCCAAAAT","KO1",2963,1248,4.38744515693554,"0","1","1","Projection Neurons","Neuron"
"AAAGGTAACGATTTCG","KO1",2234,1101,1.56669650850492,"0","1","1","Projection Neurons","Neuron"
"AAAGGTACTGGTAGCA","KO1",1657,848,7.48340374170187,"2","2","2","Non-Projection Neuron Cells","aIP"
"AAAGGTGATGTCATTT","KO1",5575,1697,8.28699551569507,"4","4","4","Non-Projection Neuron Cells","Oligo"
"AAAGGTGGCGAGGCCA","KO1",2841,1154,11.6508271735304,"1","0","0","Projection Neurons","Neuron"
"AAAGGTGGCTACGCAC","KO1",1828,942,8.36980306345733,"0","1","1","Projection Neurons","Neuron"
"AAAGGTTAACTCTCGG","KO1",5476,1908,4.83929875821768,"0","1","1","Projection Neurons","Neuron"
"AAAGGTTCGACAGACC","KO1",9161,2370,5.93821635192665,"0","1","1","Projection Neurons","Neuron"
"AAAGTAAAGGCAGGGT","KO1",3047,1584,3.41319330489006,"0","1","1","Projection Neurons","Neuron"
"AAAGTAGAACAATCTC","KO1",1572,833,6.1704834605598,"0","1","1","Projection Neurons","Neuron"
"AAAGTAGAATATCAGT","KO1",1963,943,7.38665308201732,"0","1","1","Projection Neurons","Neuron"
"AAAGTATAAGTCCATT","KO1",1723,1041,2.55368543238537,"2","2","2","Non-Projection Neuron Cells","aIP"
"AAAGTATTCACTCTCT","KO1",2172,1174,1.70349907918969,"2","2","2","Non-Projection Neuron Cells","aIP"
"AAAGTCAAACCCATCG","KO1",4165,1621,5.35414165666266,"0","1","1","Projection Neurons","Neuron"
"AAAGTCAAGATGTACT","KO1",4456,1515,7.54039497307002,"1","0","0","Projection Neurons","Neuron"
"AAAGTCCTACCAACAA","KO1",3915,1386,7.81609195402299,"0","1","1","Projection Neurons","Neuron"
"AAAGTCCTGAGACGTG","KO1",1747,673,5.43789353176875,"0","1","1","Projection Neurons","Neuron"
"AAAGTCTGTCAAGTAA","KO1",2371,1083,4.13327709827077,"1","0","0","Projection Neurons","Neuron"
"AAAGTGACGGATGCGC","KO1",1885,936,11.2997347480106,"0","1","1","Projection Neurons","Neuron"
"AAAGTGCTGGCTGCGG","KO1",7458,2280,7.76347546259051,"0","0","0","Projection Neurons","Neuron"
"AAAGTGGAACGAATAC","KO1",1579,774,5.95313489550348,"5","5","5","Non-Projection Neuron Cells","OBNB"
"AAAGTGGACTCTCAGG","KO1",1941,841,9.5311695002576,"0","0","0","Projection Neurons","Neuron"
"AAAGTGTAGTAAATAT","KO1",2112,1018,2.65151515151515,"2","2","2","Non-Projection Neuron Cells","aIP"
"AAAGTGTTCAAAATGG","KO1",3798,1369,11.3480779357557,"0","1","1","Projection Neurons","Neuron"
"AAAGTTAAACGTAAAA","KO1",5814,2062,7.37874097007224,"0","0","0","Projection Neurons","Neuron"
"AAAGTTACTTAACTAA","KO1",3631,1617,6.30680253373726,"1","0","0","Projection Neurons","Neuron"
"AAAGTTCAGCGGCAAG","KO1",10683,3357,3.16390527005523,"2","2","2","Non-Projection Neuron Cells","aIP"
"AAAGTTGGCTACCCTT","KO1",8557,2421,5.77305130302676,"1","0","0","Projection Neurons","Neuron"
"AAAGTTTATATCCTAC","KO1",6059,2144,2.32711668592177,"2","2","2","Non-Projection Neuron Cells","aIP"
"AAATAAATCGGTTAAT","KO1",8646,2400,4.81147351376359,"3","3","3","Non-Projection Neuron Cells","RGP"
"AAATAACCGCGCCGGT","KO1",5051,1587,6.13739853494358,"4","4","4","Non-Projection Neuron Cells","Oligo"
"AAATAACTCTGCGTTG","KO1",10103,3074,2.28644956943482,"3","3","3","Non-Projection Neuron Cells","RGP"
"AAATAAGAATGGAGGT","KO1",7722,2244,5.30950530950531,"0","1","1","Projection Neurons","Neuron"
"AAATAAGGTTGTGCGC","KO1",3073,1214,4.94630654083957,"3","1","1","Projection Neurons","Neuron"
"AAATACATTAGGGCGG","KO1",3635,1455,3.65887207702889,"0","1","1","Projection Neurons","Neuron"
"AAATACCACACCAACT","KO1",4355,1598,5.2812858783008,"0","1","1","Projection Neurons","Neuron"
"AAATACTCGATATCTT","KO1",5424,1888,5.88126843657817,"0","1","1","Projection Neurons","Neuron"
"AAATACTCTTATGCAA","KO1",1579,888,1.64661177960735,"0","1","1","Projection Neurons","Neuron"
"AAATAGAAGTCGATTT","KO1",1986,934,9.36555891238671,"0","1","1","Projection Neurons","Neuron"
"AAATAGCAGCGACCCC","KO1",3975,1509,10.8679245283019,"0","1","1","Projection Neurons","Neuron"
"AAATAGCATGAAGTGG","KO1",2338,955,13.9863130881095,"0","1","1","Projection Neurons","Neuron"
"AAATAGCATGCGTAGT","KO1",5972,1875,4.0020093770931,"1","0","0","Projection Neurons","Neuron"
"AAATAGGCGTATCGTA","KO1",9173,2717,6.45372288237218,"0","0","0","Projection Neurons","Neuron"
"AAATAGGTGCTAAATT","KO1",12994,3014,5.27166384485147,"1","0","0","Projection Neurons","Neuron"
"AAATAGTCGACTGAAC","KO1",2357,937,7.33983877810776,"5","5","5","Non-Projection Neuron Cells","OBNB"
"AAATAGTGATCGTCAA","KO1",17642,3945,5.07878925291917,"3","3","3","Non-Projection Neuron Cells","RGP"
"AAATAGTGGCTGAAGG","KO1",3845,1538,5.9297789336801,"0","1","1","Projection Neurons","Neuron"
"AAATAGTGGTTATACC","KO1",2937,1360,8.92066734763364,"0","1","1","Projection Neurons","Neuron"
"AAATAGTTATAGAGAT","KO1",1988,1026,8.70221327967807,"0","1","1","Projection Neurons","Neuron"
"AAATATACCCAAACTC","KO1",3474,1391,7.25388601036269,"0","1","1","Projection Neurons","Neuron"
"AAATATATTCCAAGCC","KO1",7420,2299,4.3800539083558,"0","1","1","Projection Neurons","Neuron"
"AAATATCAGTCGACGT","KO1",3358,1247,11.7033948779035,"0","1","1","Projection Neurons","Neuron"
"AAATATCGCTTCGAAA","KO1",5980,1966,5.91973244147157,"3","3","3","Non-Projection Neuron Cells","RGP"
"AAATATCTCCGCGACG","KO1",6267,2045,4.08488910164353,"2","2","2","Non-Projection Neuron Cells","aIP"
"AAATATTCAATTAAGC","KO1",7456,2063,8.20815450643777,"0","1","1","Projection Neurons","Neuron"
"AAATATTCTATACTAT","KO1",11960,3013,1.92307692307692,"3","3","3","Non-Projection Neuron Cells","RGP"
"AAATATTGGTAGGAAA","KO1",4501,1789,2.42168407020662,"1","0","0","Projection Neurons","Neuron"
"AAATCAAGCTTATTTA","KO1",11766,3144,7.83613802481727,"2","2","2","Non-Projection Neuron Cells","aIP"
"AAATCACCGGGAGTTT","KO1",7329,2749,3.76586164551781,"2","2","2","Non-Projection Neuron Cells","aIP"
"AAATCAGTGTCAGCGC","KO1",5736,1815,7.35704323570432,"0","1","1","Projection Neurons","Neuron"
"AAATCATACTGCCCGT","KO1",8093,2347,6.42530581984431,"3","3","3","Non-Projection Neuron Cells","RGP"
"AAATCATGTCAGTTTG","KO1",6090,1959,8.57142857142857,"0","1","1","Projection Neurons","Neuron"
"AAATCCACCCCTACCG","KO1",6633,1935,6.8596411879994,"0","1","1","Projection Neurons","Neuron"
"AAATCCACTTGTGGAA","KO1",10471,2803,6.72333110495655,"0","0","0","Projection Neurons","Neuron"
"AAATCCCGCGGAGTCA","KO1",1653,881,11.1917725347852,"4","2","2","Non-Projection Neuron Cells","aIP"
"AAATCCCTCTACGCGG","KO1",6348,2177,5.18273471959672,"0","1","1","Projection Neurons","Neuron"
"AAATCCCTCTTATGGA","KO1",3587,1467,5.5199330917201,"0","0","0","Projection Neurons","Neuron"
"AAATCCCTTTTGTTGC","KO1",7130,2170,4.90883590462833,"0","1","1","Projection Neurons","Neuron"
"AAATCCGGCCCACCAG","KO1",6725,2191,9.13011152416357,"0","0","0","Projection Neurons","Neuron"
"AAATCCGTAATTCAGG","KO1",5537,1934,6.35723315875023,"0","0","0","Projection Neurons","Neuron"
"AAATCCTCCCGATGCA","KO1",14460,3353,6.65283540802213,"1","0","0","Projection Neurons","Neuron"
"AAATCCTGAAGTGTCC","KO1",1665,984,6.60660660660661,"0","1","1","Projection Neurons","Neuron"
"AAATCCTTCTACAGAG","KO1",3597,1196,12.3992215735335,"0","0","0","Projection Neurons","Neuron"
"AAATCGATCTCCACAT","KO1",2577,1231,1.74621653084983,"2","2","2","Non-Projection Neuron Cells","aIP"
"AAATCGATGTTCCTCG","KO1",5672,1970,8.40973201692525,"0","1","1","Projection Neurons","Neuron"
"AAATCGATTGTGACCT","KO1",1547,793,4.20168067226891,"3","3","3","Non-Projection Neuron Cells","RGP"
"AAATCGCACGGGCTTG","KO1",8630,2531,7.33487833140209,"0","1","1","Projection Neurons","Neuron"
"AAATCGCCACGCCGGC","KO1",2095,1030,6.73031026252983,"4","4","4","Non-Projection Neuron Cells","Oligo"
"AAATCGCCGTAACGAT","KO1",4858,1517,6.38122684232194,"0","1","1","Projection Neurons","Neuron"
"AAATCGGCATCGCGAT","KO1",3487,1389,11.901347863493,"0","1","1","Projection Neurons","Neuron"
"AAATCGGCTACAAGGA","KO1",2243,1038,6.10789121711993,"5","5","5","Non-Projection Neuron Cells","OBNB"
"AAATCGGGGTACGTCG","KO1",7151,2177,8.05481750804083,"0","1","1","Projection Neurons","Neuron"
"AAATCGTATAGCTGAC","KO1",3721,1363,7.14861596345069,"5","5","5","Non-Projection Neuron Cells","OBNB"
"AAATCGTATAGGTAGT","KO1",7661,2346,10.2467040856285,"0","0","0","Projection Neurons","Neuron"
"AAATCTACTGGAATAA","KO1",7761,2413,8.00154619250097,"0","0","0","Projection Neurons","Neuron"
"AAATCTCGCGCGAGCG","KO1",5719,1652,6.46966252841406,"1","0","0","Projection Neurons","Neuron"
"AAATCTGCGTCATTCG","KO1",9206,2398,11.3947425592005,"0","1","1","Projection Neurons","Neuron"
"AAATCTTAAGTGATTC","KO1",5092,1611,5.14532600157109,"2","2","2","Non-Projection Neuron Cells","aIP"
"AAATCTTCAGCGGAGC","KO1",3573,1039,7.47271200671704,"4","4","4","Non-Projection Neuron Cells","Oligo"
"AAATCTTGGGGTTGTC","KO1",7923,2605,6.09617569102613,"1","0","0","Projection Neurons","Neuron"
"AAATCTTTGGTGCAAT","KO1",7005,1983,6.06709493219129,"3","3","3","Non-Projection Neuron Cells","RGP"
"AAATGAAAAATGCTTG","KO1",1527,817,5.30451866404715,"0","1","1","Projection Neurons","Neuron"
"AAATGAATTGATCTAT","KO1",3901,1695,6.71622660856191,"2","2","2","Non-Projection Neuron Cells","aIP"
"AAATGACAAATCGCGC","KO1",4655,1804,5.56390977443609,"2","2","2","Non-Projection Neuron Cells","aIP"
"AAATGACTGAAAACTC","KO1",2965,1116,8.83642495784148,"0","1","1","Projection Neurons","Neuron"
"AAATGATAAGGTTTAT","KO1",2404,1115,9.69217970049917,"0","0","0","Projection Neurons","Neuron"
"AAATGATGGTTCCAAC","KO1",8332,2470,4.66874699951992,"0","1","1","Projection Neurons","Neuron"
"AAATGATGTGCTCTTG","KO1",2537,1112,6.62199448167127,"0","1","1","Projection Neurons","Neuron"
"AAATGCAAAATTGAAA","KO1",2894,1250,10.0898410504492,"0","0","0","Projection Neurons","Neuron"
"AAATGCAATGAAGTCA","KO1",4219,1535,6.58923915619815,"0","1","1","Projection Neurons","Neuron"
"AAATGCAGACCGCGAC","KO1",2593,1229,8.06016197454686,"2","2","2","Non-Projection Neuron Cells","aIP"
"AAATGCATTACAACTT","KO1",7958,2389,7.97939180698668,"0","0","0","Projection Neurons","Neuron"
"AAATGCCAAGGCTGTC","KO1",12763,2760,4.95964898534827,"3","3","3","Non-Projection Neuron Cells","RGP"
"AAATGCCCGTGACTAC","KO1",2714,1202,5.12159174649963,"0","1","1","Projection Neurons","Neuron"
"AAATGCCTGCCAGCCT","KO1",5918,1962,7.43494423791822,"0","1","1","Projection Neurons","Neuron"
"AAATGCGAGAGGACAG","KO1",1853,850,1.1332973556395,"0","1","1","Projection Neurons","Neuron"
"AAATGCGTCTAACCTT","KO1",3002,1314,8.32778147901399,"0","1","1","Projection Neurons","Neuron"
"AAATGCTCATATTATA","KO1",8502,2473,5.65749235474006,"0","1","1","Projection Neurons","Neuron"
"AAATGCTCTTCATTTT","KO1",4683,1551,4.03587443946188,"0","1","1","Projection Neurons","Neuron"
"AAATGCTGTGATGTGA","KO1",1872,920,7.47863247863248,"0","1","1","Projection Neurons","Neuron"
"AAATGCTGTTAGTGGG","KO1",5233,1738,6.66921459965603,"0","0","0","Projection Neurons","Neuron"
"AAATGGACTACATCAG","KO1",7078,2093,8.26504662333993,"1","0","0","Projection Neurons","Neuron"
"AAATGGCACCACACCT","KO1",5851,2047,5.02478208853187,"0","1","1","Projection Neurons","Neuron"
"AAATGGCGATTACGCG","KO1",11068,2815,5.46620889049512,"0","0","0","Projection Neurons","Neuron"
"AAATGGCGTAGTAGTC","KO1",2313,1086,9.42498919152616,"0","1","1","Projection Neurons","Neuron"
"AAATGTACCTCATTAT","KO1",2491,910,4.85748695303091,"0","0","0","Projection Neurons","Neuron"
"AAATGTATATGTAAGA","KO1",4590,1608,7.53812636165577,"5","5","5","Non-Projection Neuron Cells","OBNB"
"AAATGTCGTAACAAAT","KO1",1672,906,3.34928229665072,"0","0","0","Projection Neurons","Neuron"
"AAATGTGAAACTCGGC","KO1",13737,4200,4.87005896483948,"6","2","2","Non-Projection Neuron Cells","aIP"
"AAATGTTCTATCTAGG","KO1",2119,999,10.9013685700802,"0","1","1","Projection Neurons","Neuron"
"AAATGTTGCGACCTCT","KO1",3529,1468,7.62255596486257,"0","1","1","Projection Neurons","Neuron"
"AAATGTTTCGTCGACC","KO1",15445,3569,3.29556490773713,"1","0","0","Projection Neurons","Neuron"
"AAATGTTTGGTCTTAA","KO1",3250,1196,8.61538461538461,"0","0","0","Projection Neurons","Neuron"
"AAATTAACTGCCTTAG","KO1",2092,1077,6.40535372848948,"2","2","2","Non-Projection Neuron Cells","aIP"
"AAATTACATCTTGTTT","KO1",2702,1438,3.33086602516654,"2","2","2","Non-Projection Neuron Cells","aIP"
"AAATTACCGCCAGGCC","KO1",7770,2211,3.95109395109395,"0","1","1","Projection Neurons","Neuron"
"AAATTACGGAGTAGTA","KO1",5559,1539,11.6028062601187,"0","0","0","Projection Neurons","Neuron"
"AAATTAGCGACCTATG","KO1",5808,1800,9.6763085399449,"0","0","0","Projection Neurons","Neuron"
"AAATTAGGATTTCTTT","KO1",3485,1331,9.12482065997131,"0","0","0","Projection Neurons","Neuron"
"AAATTAGTCCTTCGTG","KO1",4980,1822,2.95180722891566,"4","4","4","Non-Projection Neuron Cells","Oligo"
"AAATTATCTATAGCAA","KO1",7263,2156,6.23709211069806,"0","0","0","Projection Neurons","Neuron"
"AAATTATGGATAGTTG","KO1",5450,2084,3.04587155963303,"2","2","2","Non-Projection Neuron Cells","aIP"
"AAATTCAGGATTATTC","KO1",6011,1935,4.67476293461986,"3","3","3","Non-Projection Neuron Cells","RGP"
"AAATTCCATATAGTCG","KO1",4725,1674,8.4021164021164,"1","0","0","Projection Neurons","Neuron"
"AAATTCCTGGCATGGG","KO1",4171,1534,4.84296331814912,"4","4","4","Non-Projection Neuron Cells","Oligo"
"AAATTCGTAGCCTAGC","KO1",6707,2078,6.82868644699568,"0","0","0","Projection Neurons","Neuron"
"AAATTGATACCACGGA","KO1",4815,1823,3.82139148494289,"2","2","2","Non-Projection Neuron Cells","aIP"
"AAATTGATTAAACTAC","KO1",10925,2880,6.38901601830664,"0","0","0","Projection Neurons","Neuron"
"AAATTGCGTAGCACTC","KO1",3504,1264,4.93721461187215,"3","3","3","Non-Projection Neuron Cells","RGP"
"AAATTGCTGCCCGCTA","KO1",6237,1891,8.11287477954145,"0","0","0","Projection Neurons","Neuron"
"AAATTGTTGCAATTGT","KO1",3914,1523,7.00051098620337,"0","1","1","Projection Neurons","Neuron"
"AAATTTATGGCTATTC","KO1",1845,857,6.17886178861789,"2","2","2","Non-Projection Neuron Cells","aIP"
"AACAAAAGGCAGGGGA","KO1",10774,3158,6.07016892519027,"0","1","1","Projection Neurons","Neuron"
"AACAAACAAGATCTGT","KO1",2470,1016,6.39676113360324,"0","5","5","Non-Projection Neuron Cells","OBNB"
"AACAAAGCTCAATGCA","KO1",3514,1542,10.4154809334092,"0","1","1","Projection Neurons","Neuron"
"AACAACATATACAAGA","KO1",13275,3264,6.31261770244821,"1","0","0","Projection Neurons","Neuron"
"AACAACCATCACTAAT","KO1",4414,1616,7.54417761667422,"5","5","5","Non-Projection Neuron Cells","OBNB"
"AACAACCGCGTCTTAC","KO1",6137,1883,7.62587583509858,"1","0","0","Projection Neurons","Neuron"
"AACAACGCAGTGTTGG","KO1",5405,1959,4.84736355226642,"0","0","0","Projection Neurons","Neuron"
"AACAACGGTCTTACTT","KO1",2029,918,5.86495810744209,"0","1","1","Projection Neurons","Neuron"
"AACAACTCCATTACCC","KO1",14225,3137,4.98418277680141,"3","3","3","Non-Projection Neuron Cells","RGP"
"AACAACTGACTTCGCT","KO1",4799,1725,7.31402375494895,"2","2","2","Non-Projection Neuron Cells","aIP"
"AACAACTGCCGGTACC","KO1",6088,1966,4.48423127463863,"0","1","1","Projection Neurons","Neuron"
"AACAAGAGATGCTGTT","KO1",6736,2132,7.00712589073634,"1","0","0","Projection Neurons","Neuron"
"AACAAGATGCATGTGC","KO1",2758,1155,9.71718636693256,"0","1","1","Projection Neurons","Neuron"
"AACAAGCCCGGCTCGC","KO1",3027,1238,11.3974231912785,"0","1","1","Projection Neurons","Neuron"
"AACAAGCGCCTGTCGT","KO1",3840,1456,4.50520833333333,"0","0","0","Projection Neurons","Neuron"
"AACAAGCGGTCGTAAC","KO1",11067,2830,9.29791271347248,"1","0","0","Projection Neurons","Neuron"
"AACAAGCTCGTCAACA","KO1",10898,2607,5.8084052119655,"1","0","0","Projection Neurons","Neuron"
"AACAAGGATAAGATGA","KO1",1894,964,6.38859556494192,"0","1","1","Projection Neurons","Neuron"
"AACAAGGTGATCGCGT","KO1",1808,736,5.80752212389381,"4","4","4","Non-Projection Neuron Cells","Oligo"
"AACAAGTCCTGTGACC","KO1",4285,1580,6.8144690781797,"0","1","1","Projection Neurons","Neuron"
"AACAATAATTGCTAAA","KO1",15798,3536,5.97543992910495,"1","0","0","Projection Neurons","Neuron"
"AACAATATAAGCAGCA","KO1",13363,3961,6.74998129162613,"6","2","2","Non-Projection Neuron Cells","aIP"
"AACAATATCCCATCTG","KO1",8208,1890,6.39619883040936,"1","0","0","Projection Neurons","Neuron"
"AACAATATTTGGATAA","KO1",7077,2243,3.87169704677123,"1","0","0","Projection Neurons","Neuron"
"AACAATTACCGGGTCA","KO1",5384,1642,3.62184249628529,"4","3","3","Non-Projection Neuron Cells","RGP"
"AACAATTATACATGGC","KO1",3161,1168,4.52388484656754,"5","5","5","Non-Projection Neuron Cells","OBNB"
"AACACAACTATTTCGA","KO1",9236,2563,5.59766132524903,"0","0","0","Projection Neurons","Neuron"
"AACACAGAAGTTCCGG","KO1",4589,1763,6.01438221834822,"0","1","1","Projection Neurons","Neuron"
"AACACCACTAGCAGAA","KO1",3688,1553,9.40889370932755,"0","1","1","Projection Neurons","Neuron"
"AACACCAGGAGGGCTC","KO1",11851,3525,2.43861277529322,"2","2","2","Non-Projection Neuron Cells","aIP"
"AACACCGAATGGTGCG","KO1",3560,1413,5.61797752808989,"0","1","1","Projection Neurons","Neuron"
"AACACCTACGCTCCTT","KO1",10731,2762,4.68735439381232,"0","1","1","Projection Neurons","Neuron"
"AACACCTAGGTACCGG","KO1",4856,1828,5.4159802306425,"2","2","2","Non-Projection Neuron Cells","aIP"
"AACACCTCTACGGAGG","KO1",1723,859,12.5943122460824,"0","1","1","Projection Neurons","Neuron"
"AACACGAGACATACTC","KO1",8749,2235,8.64098754143331,"1","0","0","Projection Neurons","Neuron"
"AACACGCCGGAGCGCA","KO1",7198,1982,4.987496526813,"0","1","1","Projection Neurons","Neuron"
"AACACGGCGGATAAAT","KO1",7196,2281,4.54419121734297,"1","0","0","Projection Neurons","Neuron"
"AACACGTTTCACTAGC","KO1",5451,1790,6.56760227481196,"0","1","1","Projection Neurons","Neuron"
"AACACTACATTGGCGA","KO1",12703,3537,4.14862630874596,"0","6","6","Projection Neurons","Neuron"
"AACACTACCAACAAAC","KO1",3459,1437,8.00809482509396,"0","0","0","Projection Neurons","Neuron"
"AACACTACCTGGCGCG","KO1",11492,2685,6.48277062304212,"0","1","1","Projection Neurons","Neuron"
"AACACTATGATACATT","KO1",4020,1531,5.19900497512438,"0","0","0","Projection Neurons","Neuron"
"AACACTCCGACGAAAA","KO1",3586,1556,9.50920245398773,"0","1","1","Projection Neurons","Neuron"
"AACACTCCGTGATAGG","KO1",7398,2206,6.96134090294674,"0","0","0","Projection Neurons","Neuron"
"AACACTCTAGGTGGTA","KO1",4548,1745,5.91468777484609,"0","1","1","Projection Neurons","Neuron"
"AACACTGGTCGGATCG","KO1",10017,2550,5.66037735849057,"2","2","2","Non-Projection Neuron Cells","aIP"
"AACACTTACCGAGACG","KO1",13409,3368,6.74919829964949,"1","0","0","Projection Neurons","Neuron"
"AACACTTCCTGACAAA","KO1",12223,2909,3.64067741143745,"1","0","0","Projection Neurons","Neuron"
"AACAGAAGACACGCGC","KO1",3740,1735,4.11764705882353,"1","0","0","Projection Neurons","Neuron"
"AACAGAAGAGTCGTTT","KO1",6421,2007,4.95249961065255,"0","1","1","Projection Neurons","Neuron"
"AACAGACAAAGGCCCA","KO1",4216,1586,11.5275142314991,"0","1","1","Projection Neurons","Neuron"
"AACAGACGCGAGGACA","KO1",12610,2605,4.203013481364,"3","3","3","Non-Projection Neuron Cells","RGP"
"AACAGACTATTATGCG","KO1",3833,1308,5.68745108270284,"0","0","0","Projection Neurons","Neuron"
"AACAGAGACAACCTCG","KO1",6886,2278,5.50392099912867,"0","1","1","Projection Neurons","Neuron"
"AACAGATCCCATGGGT","KO1",5178,1804,5.67786790266512,"0","1","1","Projection Neurons","Neuron"
"AACAGATCGATCCCGG","KO1",7798,2300,4.83457296742754,"3","3","3","Non-Projection Neuron Cells","RGP"
"AACAGCAAGTTTCCCG","KO1",5566,1766,6.68343514193317,"0","0","0","Projection Neurons","Neuron"
"AACAGCATACCTCTTA","KO1",2033,945,14.4121987211018,"5","5","5","Non-Projection Neuron Cells","OBNB"
"AACAGCATCATGCGGT","KO1",3432,1275,9.12004662004662,"0","0","0","Projection Neurons","Neuron"
"AACAGCATTCAAACCT","KO1",1985,850,6.54911838790932,"2","2","2","Non-Projection Neuron Cells","aIP"
"AACAGCGAATAGCCAG","KO1",9316,2580,5.86088449978532,"1","0","0","Projection Neurons","Neuron"
"AACAGCGCGTGCAGGG","KO1",6282,1924,6.76536134988857,"0","1","1","Projection Neurons","Neuron"
"AACAGCGGCATCATAG","KO1",2505,1005,6.42714570858283,"3","3","3","Non-Projection Neuron Cells","RGP"
"AACAGCGTGAAAAGGT","KO1",6365,1795,6.17439120188531,"0","1","1","Projection Neurons","Neuron"
"AACAGCGTGTCGACCG","KO1",1640,839,6.95121951219512,"4","4","4","Non-Projection Neuron Cells","Oligo"
"AACAGCTTTGCAATGC","KO1",2965,1293,7.41989881956155,"0","1","1","Projection Neurons","Neuron"
"AACAGGACCTTTTTAG","KO1",11747,3071,5.77168638801396,"1","0","0","Projection Neurons","Neuron"
"AACAGGGACAGACACC","KO1",10497,3090,8.02133943031342,"0","0","0","Projection Neurons","Neuron"
"AACAGGGATCGCTCGC","KO1",9150,2768,7.67213114754098,"4","4","4","Non-Projection Neuron Cells","Oligo"
"AACAGGTAGGGATATC","KO1",8025,2585,4.66043613707165,"0","1","1","Projection Neurons","Neuron"
"AACAGGTATGATCGGG","KO1",7024,2230,6.32118451025057,"1","0","0","Projection Neurons","Neuron"
"AACAGGTCGTACTGAC","KO1",5192,1486,7.53081664098613,"4","4","4","Non-Projection Neuron Cells","Oligo"
"AACAGGTGCAGCTCGG","KO1",5086,1942,7.70743216673221,"2","2","2","Non-Projection Neuron Cells","aIP"
"AACAGGTTCAGGATGG","KO1",7708,2239,7.87493513233005,"0","1","1","Projection Neurons","Neuron"
"AACAGTAGTTCCGATA","KO1",5695,1836,3.77524143985953,"3","3","3","Non-Projection Neuron Cells","RGP"
"AACAGTCAATCTCTTC","KO1",5604,1792,4.78229835831549,"0","1","1","Projection Neurons","Neuron"
"AACAGTGCGAGCTACC","KO1",3359,1501,5.53736231021137,"0","0","0","Projection Neurons","Neuron"
"AACAGTGTTGAACAGG","KO1",3225,1328,9.11627906976744,"0","1","1","Projection Neurons","Neuron"
"AACATAATGTCGACTC","KO1",1667,873,4.07918416316737,"0","1","1","Projection Neurons","Neuron"
"AACATATGTCACTCCG","KO1",3501,1412,8.25478434732933,"0","0","0","Projection Neurons","Neuron"
"AACATCACTACGCTGG","KO1",4989,1814,8.95971136500301,"0","1","1","Projection Neurons","Neuron"
"AACATCCACCTTCGGA","KO1",3048,1341,9.51443569553806,"0","1","1","Projection Neurons","Neuron"
"AACATCCACTCATCAC","KO1",3178,1335,9.72309628697294,"0","1","1","Projection Neurons","Neuron"
"AACATCGAAGTCTCAA","KO1",4855,1853,7.72399588053553,"0","1","1","Projection Neurons","Neuron"
"AACATCGCCTAAACTA","KO1",1913,917,6.53423941453215,"2","2","2","Non-Projection Neuron Cells","aIP"
"AACATCTAAACATTGT","KO1",7775,2398,3.2411575562701,"2","2","2","Non-Projection Neuron Cells","aIP"
"AACATCTAGGAAGAGC","KO1",13015,3549,5.10180560891279,"0","0","0","Projection Neurons","Neuron"
"AACATCTGGTGAATGA","KO1",5636,1881,5.37615330021292,"2","2","2","Non-Projection Neuron Cells","aIP"
"AACATCTTTTCGAATG","KO1",6025,2173,4.09958506224066,"0","1","1","Projection Neurons","Neuron"
"AACATGACGGTCACGA","KO1",3600,1402,8.08333333333333,"0","1","1","Projection Neurons","Neuron"
"AACATGAGCTGCTCCA","KO1",1549,805,6.5848934796643,"0","1","1","Projection Neurons","Neuron"
"AACATGATAGTTGGAG","KO1",10972,3295,4.3383157127233,"4","4","4","Non-Projection Neuron Cells","Oligo"
"AACATGGAATACTGCT","KO1",1868,966,7.54817987152034,"2","2","2","Non-Projection Neuron Cells","aIP"
"AACATGGCTAGAAACG","KO1",3358,1361,7.17689100655152,"0","6","6","Projection Neurons","Neuron"
"AACATGTCAGGAGTGG","KO1",1916,889,8.97703549060543,"0","0","0","Projection Neurons","Neuron"
"AACATGTGATAGGAGC","KO1",31231,5861,4.70686177195735,"1","0","0","Projection Neurons","Neuron"
"AACATGTGCTATTTGG","KO1",5300,1834,6.35849056603774,"0","1","1","Projection Neurons","Neuron"
"AACATTAGTCCGTACG","KO1",2395,932,6.22129436325678,"0","5","5","Non-Projection Neuron Cells","OBNB"
"AACATTCCGAGGCAGT","KO1",8983,1997,3.77379494600913,"4","4","4","Non-Projection Neuron Cells","Oligo"
"AACATTGAAGCCGCAA","KO1",4608,1765,7.35677083333333,"1","0","0","Projection Neurons","Neuron"
"AACATTGATTCCGACG","KO1",12902,3151,7.03766857851496,"1","0","0","Projection Neurons","Neuron"
"AACATTGATTGGACCC","KO1",5565,1793,10.2246181491465,"0","2","2","Non-Projection Neuron Cells","aIP"
"AACATTGGTACCACCT","KO1",9372,2598,4.9082373026035,"3","3","3","Non-Projection Neuron Cells","RGP"
"AACATTTTTTTAAGAG","KO1",7172,2258,3.49972113775795,"1","0","0","Projection Neurons","Neuron"
"AACCAAAAGGAGGTCC","KO1",2593,1001,8.52294639413806,"0","0","0","Projection Neurons","Neuron"
"AACCAAACTTACAAAC","KO1",5448,1641,8.31497797356828,"4","4","4","Non-Projection Neuron Cells","Oligo"
"AACCAACAAAGCCTAG","KO1",10115,2748,4.21156697973307,"1","0","0","Projection Neurons","Neuron"
"AACCAACACGATCCTT","KO1",4747,1510,6.50937434168949,"0","0","0","Projection Neurons","Neuron"
"AACCAACTTTAAATAC","KO1",2347,1150,10.9501491265445,"0","0","0","Projection Neurons","Neuron"
"AACCAAGCAGGGGGCC","KO1",2923,1258,4.61854259322614,"3","3","3","Non-Projection Neuron Cells","RGP"
"AACCAAGCAGGGTAAC","KO1",26330,4664,3.96126091910368,"3","3","3","Non-Projection Neuron Cells","RGP"
"AACCAATGTCTGCAAA","KO1",6286,1959,8.39961819917276,"0","0","0","Projection Neurons","Neuron"
"AAAAAAAAGTGGGTCG","KO2",3444,1688,5.13937282229965,"0","1","1","Projection Neurons","Neuron"
"AAAAAACTACCCGCTA","KO2",4339,1997,3.41092417607744,"0","1","1","Projection Neurons","Neuron"
"AAAAAACTATTCCTGT","KO2",5978,2360,4.75075276012044,"5","5","5","Non-Projection Neuron Cells","OBNB"
"AAAAAACTGTCAAGCC","KO2",7479,2869,6.64527343227704,"0","1","1","Projection Neurons","Neuron"
"AAAAAAGATCAAACTC","KO2",7003,2685,5.36912751677852,"3","3","3","Non-Projection Neuron Cells","RGP"
"AAAAAAGCAAGCCGCG","KO2",11671,3526,4.82392254305544,"0","0","0","Projection Neurons","Neuron"
"AAAAAAGCGGAAAGGC","KO2",3152,1436,8.12182741116751,"2","2","2","Non-Projection Neuron Cells","aIP"
"AAAAAATCGAGCAATT","KO2",3138,1339,5.2899936265137,"1","0","0","Projection Neurons","Neuron"
"AAAAAATGATGGTTCT","KO2",10719,3627,2.17371023416363,"3","3","3","Non-Projection Neuron Cells","RGP"
"AAAAAATTTGGCAAAC","KO2",16107,3637,6.32644191966226,"3","3","3","Non-Projection Neuron Cells","RGP"
"AAAAACACGCGTTTTT","KO2",6377,2366,11.3376195703309,"4","3","3","Non-Projection Neuron Cells","RGP"
"AAAAACACTACACCTC","KO2",8995,2971,6.85936631461923,"4","4","4","Non-Projection Neuron Cells","Oligo"
"AAAAACAGACCTGGAT","KO2",8184,2615,7.11143695014663,"0","0","0","Projection Neurons","Neuron"
"AAAAACATGGTATTCT","KO2",4244,1892,6.43261074458058,"0","1","1","Projection Neurons","Neuron"
"AAAAACCAAACGCTTC","KO2",2603,1424,4.95582020745294,"0","1","1","Projection Neurons","Neuron"
"AAAAACCCACGAAGGG","KO2",6809,2502,5.63959465413423,"0","1","1","Projection Neurons","Neuron"
"AAAAACCCCGGTCTTG","KO2",2725,1479,4.80733944954128,"0","1","1","Projection Neurons","Neuron"
"AAAAACCTATACTGGC","KO2",8848,2834,4.09132007233273,"3","3","3","Non-Projection Neuron Cells","RGP"
"AAAAACCTTGTACTTG","KO2",3378,1565,3.96684428656009,"4","4","4","Non-Projection Neuron Cells","Oligo"
"AAAAACGATGAAGAAA","KO2",15984,3919,3.94144144144144,"4","4","4","Non-Projection Neuron Cells","Oligo"
"AAAAACGGGTGAGCGG","KO2",4015,1660,3.86052303860523,"3","3","3","Non-Projection Neuron Cells","RGP"
"AAAAACGGTGAAATGC","KO2",20482,5317,2.98310711844546,"2","2","2","Non-Projection Neuron Cells","aIP"
"AAAAACTAACTCCATT","KO2",5486,2019,3.99197958439665,"4","4","4","Non-Projection Neuron Cells","Oligo"
"AAAAACTAGAACTTGC","KO2",22334,4655,4.37001880540879,"1","0","0","Projection Neurons","Neuron"
"AAAAACTGTGATGATG","KO2",6126,2353,6.49689846555664,"4","4","4","Non-Projection Neuron Cells","Oligo"
"AAAAAGAGAAAAGATT","KO2",6140,2198,3.7785016286645,"3","3","3","Non-Projection Neuron Cells","RGP"
"AAAAAGCCCTCAATGC","KO2",3161,1460,2.91047136981968,"0","1","1","Projection Neurons","Neuron"
"AAAAAGCGATACTACA","KO2",17263,4270,3.4061287145919,"1","0","0","Projection Neurons","Neuron"
"AAAAAGCTGACACTGC","KO2",6045,2342,6.10421836228288,"0","1","1","Projection Neurons","Neuron"
"AAAAAGGCAATTGGAC","KO2",5527,2008,7.12864121584947,"1","0","0","Projection Neurons","Neuron"
"AAAAAGGGGCAACACC","KO2",12542,3583,4.00255142720459,"0","0","0","Projection Neurons","Neuron"
"AAAAAGGTTACGGAAC","KO2",10460,3186,4.92351816443595,"4","4","4","Non-Projection Neuron Cells","Oligo"
"AAAAAGTTTGAGAATG","KO2",13832,3956,4.00520532099479,"1","0","0","Projection Neurons","Neuron"
"AAAAATAAGCACTCTG","KO2",12436,3662,4.70408491476359,"0","0","0","Projection Neurons","Neuron"
"AAAAATAATATTGACC","KO2",13588,3694,4.26847218133647,"4","3","3","Non-Projection Neuron Cells","RGP"
"AAAAATATGCAGCATT","KO2",12966,3726,5.49128489896653,"1","0","0","Projection Neurons","Neuron"
"AAAAATCAAACCGGAC","KO2",2759,1340,5.11054729974629,"0","1","1","Projection Neurons","Neuron"
"AAAAATCCAGGGTTTA","KO2",4817,2008,8.78139921112726,"4","4","4","Non-Projection Neuron Cells","Oligo"
"AAAAATCGCAGCAACT","KO2",5792,2243,7.63121546961326,"5","5","5","Non-Projection Neuron Cells","OBNB"
"AAAAATGGAACACGTG","KO2",12141,4252,3.81352442138209,"6","2","2","Non-Projection Neuron Cells","aIP"
"AAAAATGTGCTATCGG","KO2",6826,2576,4.62935833577498,"2","2","2","Non-Projection Neuron Cells","aIP"
"AAAAATGTGTGATGAA","KO2",5836,2323,3.75257025359836,"0","1","1","Projection Neurons","Neuron"
"AAAAATTCCCCTTTTA","KO2",4920,2168,4.81707317073171,"0","1","1","Projection Neurons","Neuron"
"AAAAATTCCGAAAATG","KO2",2528,1105,5.85443037974684,"0","1","1","Projection Neurons","Neuron"
"AAAACAAAGTGAATCC","KO2",13168,3764,4.57928311057108,"3","3","3","Non-Projection Neuron Cells","RGP"
"AAAACAAGCCAAAGAG","KO2",4916,2089,4.98372660699756,"0","6","6","Projection Neurons","Neuron"
"AAAACAATGAAGATAA","KO2",8243,2728,3.94273929394638,"1","0","0","Projection Neurons","Neuron"
"AAAACACAGCTAGTAT","KO2",5735,2310,2.23190932868352,"0","1","1","Projection Neurons","Neuron"
"AAAACAGCCAGATATA","KO2",4396,2037,3.54868061874431,"0","1","1","Projection Neurons","Neuron"
"AAAACAGCCCTACCGC","KO2",10017,3354,2.26614754916642,"2","2","2","Non-Projection Neuron Cells","aIP"
"AAAACAGCCCTGGAAC","KO2",11309,3428,4.63347776107525,"0","0","0","Projection Neurons","Neuron"
"AAAACATCGGCGGTCG","KO2",2478,1134,6.6182405165456,"0","0","0","Projection Neurons","Neuron"
"AAAACATTGGGGAGCC","KO2",8201,2708,1.18278258748933,"1","0","0","Projection Neurons","Neuron"
"AAAACATTTTAGAGCA","KO2",10503,3433,3.7037037037037,"0","0","0","Projection Neurons","Neuron"
"AAAACCAGCGTCTAAA","KO2",1838,950,5.8759521218716,"1","0","0","Projection Neurons","Neuron"
"AAAACCAGCTCAAGAC","KO2",5292,1952,4.74300831443689,"0","1","1","Projection Neurons","Neuron"
"AAAACCCAGAGTCACG","KO2",3533,1700,6.70818001698273,"0","1","1","Projection Neurons","Neuron"
"AAAACCCCCACAGGAG","KO2",8142,2995,3.26701056251535,"0","1","1","Projection Neurons","Neuron"
"AAAACCCCGTAAAGAC","KO2",6742,2993,0.459804212399881,"0","0","0","Projection Neurons","Neuron"
"AAAACCGACCCGAGGT","KO2",3299,1407,2.84934828735981,"1","0","0","Projection Neurons","Neuron"
"AAAACCGACTCCATTG","KO2",1853,1014,6.79978413383702,"0","1","1","Projection Neurons","Neuron"
"AAAACCGCCCATTGCT","KO2",4090,1764,4.18092909535452,"0","1","1","Projection Neurons","Neuron"
"AAAACCGCCGGGCGCT","KO2",2801,1495,0.285612281328097,"4","3","3","Non-Projection Neuron Cells","RGP"
"AAAACCGCGAGAGTCC","KO2",3525,1663,6.97872340425532,"0","1","1","Projection Neurons","Neuron"
"AAAACCGCTAGGCCCC","KO2",3375,1451,5.92592592592593,"3","3","3","Non-Projection Neuron Cells","RGP"
"AAAACCGCTCTTGGCA","KO2",11835,3113,7.63836079425433,"1","0","0","Projection Neurons","Neuron"
"AAAACCGTCGAAATAG","KO2",6197,2390,4.48604163304825,"0","1","1","Projection Neurons","Neuron"
"AAAACCTCTTCGAGGG","KO2",6352,2619,4.56549118387909,"0","1","1","Projection Neurons","Neuron"
"AAAACCTTCCGAAAAC","KO2",10680,3096,3.34269662921348,"3","3","3","Non-Projection Neuron Cells","RGP"
"AAAACGAAGCTTGGCG","KO2",6636,2410,5.75647980711272,"0","1","1","Projection Neurons","Neuron"
"AAAACGACATGACCAG","KO2",8656,2837,4.65573012939002,"0","0","0","Projection Neurons","Neuron"
"AAAACGATGAGATTGG","KO2",10902,3303,5.20088057237204,"0","6","6","Projection Neurons","Neuron"
"AAAACGCACTACGGTT","KO2",7054,2327,5.27360362914658,"1","0","0","Projection Neurons","Neuron"
"AAAACGCTCCCACGTA","KO2",10894,3548,1.96438406462273,"2","2","2","Non-Projection Neuron Cells","aIP"
"AAAACGCTGAAGCGTC","KO2",11982,3418,5.19946586546486,"1","0","0","Projection Neurons","Neuron"
"AAAACGGATTCCTAAC","KO2",12382,3602,4.66806654821515,"0","0","0","Projection Neurons","Neuron"
"AAAACGGCGTGGTATC","KO2",3166,1525,5.74857864813645,"3","3","3","Non-Projection Neuron Cells","RGP"
"AAAACGGTGACCGCGT","KO2",7649,2752,1.90874624133874,"2","2","2","Non-Projection Neuron Cells","aIP"
"AAAACGTAAGTAAAAG","KO2",8234,2551,3.58270585377702,"0","0","0","Projection Neurons","Neuron"
"AAAACGTAGCGGCTCG","KO2",12502,4155,3.61542153255479,"0","0","0","Projection Neurons","Neuron"
"AAAACGTCTTCCGTTC","KO2",18996,4309,3.99557801642451,"1","0","0","Projection Neurons","Neuron"
"AAAACGTGTCAAAATC","KO2",12141,3257,4.75249155753233,"4","4","4","Non-Projection Neuron Cells","Oligo"
"AAAACGTTAGACCATT","KO2",7891,2704,4.61285008237232,"1","0","0","Projection Neurons","Neuron"
"AAAACTAAGTTAGATC","KO2",19703,4986,2.09612749327514,"2","2","2","Non-Projection Neuron Cells","aIP"
"AAAACTACCTGTGCAT","KO2",6300,2170,3.76190476190476,"1","0","0","Projection Neurons","Neuron"
"AAAACTCACTCTGTTG","KO2",2130,1148,5.77464788732394,"0","1","1","Projection Neurons","Neuron"
"AAAACTCGATTCCTAC","KO2",3562,1835,7.88882650196519,"0","1","1","Projection Neurons","Neuron"
"AAAACTGATACGCTTG","KO2",4809,1980,4.1380744437513,"1","0","0","Projection Neurons","Neuron"
"AAAACTGATTACGGAC","KO2",5609,2337,0.249598858976645,"2","2","2","Non-Projection Neuron Cells","aIP"
"AAAACTGTTTAGCCTT","KO2",8716,3124,5.96603946764571,"2","2","2","Non-Projection Neuron Cells","aIP"
"AAAACTTAAGACGCTC","KO2",2464,1288,4.46428571428571,"2","2","2","Non-Projection Neuron Cells","aIP"
"AAAACTTACCCCTTGG","KO2",3895,1537,6.62387676508344,"0","1","1","Projection Neurons","Neuron"
"AAAACTTCTTTGCAGG","KO2",4389,2068,5.62770562770563,"0","1","1","Projection Neurons","Neuron"
"AAAAGACAAGAGCACA","KO2",4045,1773,5.88380716934487,"0","1","1","Projection Neurons","Neuron"
"AAAAGACGATCGGTTC","KO2",5492,2307,2.91332847778587,"2","2","2","Non-Projection Neuron Cells","aIP"
"AAAAGAGGAGCGTGAC","KO2",11353,3514,3.71707918611821,"2","2","2","Non-Projection Neuron Cells","aIP"
"AAAAGAGGTCTATGAG","KO2",8209,2848,5.43306127421123,"3","2","2","Non-Projection Neuron Cells","aIP"
"AAAAGAGTAAAATCAA","KO2",7458,2223,8.0450522928399,"1","0","0","Projection Neurons","Neuron"
"AAAAGATATATTATAA","KO2",8989,3106,5.43998220046724,"0","0","0","Projection Neurons","Neuron"
"AAAAGATCGGCTCCAT","KO2",5947,2357,3.48074659492181,"3","3","3","Non-Projection Neuron Cells","RGP"
"AAAAGATTCGTACTTA","KO2",9590,3003,3.88946819603754,"1","0","0","Projection Neurons","Neuron"
"AAAAGATTCTTAGAAA","KO2",7917,3123,6.58077554629279,"0","0","0","Projection Neurons","Neuron"
"AAAAGCAGTAATACCT","KO2",20125,4411,3.43850931677019,"3","3","3","Non-Projection Neuron Cells","RGP"
"AAAAGCCACCGACTCC","KO2",11142,3660,2.25273739005565,"2","2","2","Non-Projection Neuron Cells","aIP"
"AAAAGCCACTGGCCGG","KO2",2219,1170,5.58810274898603,"1","0","0","Projection Neurons","Neuron"
"AAAAGCGACGGCGACA","KO2",9972,3201,3.45968712394705,"0","1","1","Projection Neurons","Neuron"
"AAAAGCGATAACATAC","KO2",2018,1206,1.63528245787909,"5","5","5","Non-Projection Neuron Cells","OBNB"
"AAAAGCGATCAGAGGG","KO2",9548,3377,3.69710934227063,"2","2","2","Non-Projection Neuron Cells","aIP"
"AAAAGCGTTACTCAGA","KO2",6022,2328,4.54998339422119,"1","0","0","Projection Neurons","Neuron"
"AAAAGCGTTGAGATTA","KO2",5452,1941,5.53925165077036,"0","0","0","Projection Neurons","Neuron"
"AAAAGCTGATGTGGCG","KO2",1867,981,7.44509908944831,"0","1","1","Projection Neurons","Neuron"
"AAAAGCTTATACGGGT","KO2",3151,1541,5.07775309425579,"3","3","3","Non-Projection Neuron Cells","RGP"
"AAAAGCTTCTCATGTG","KO2",5487,2107,3.46273008930199,"0","0","0","Projection Neurons","Neuron"
"AAAAGGAACATTCGCT","KO2",15072,3606,4.57802547770701,"1","0","0","Projection Neurons","Neuron"
"AAAAGGAGTGTAAGGG","KO2",1761,1115,9.31289040318001,"1","0","0","Projection Neurons","Neuron"
"AAAAGGATGCTTTTCG","KO2",7103,2317,4.01238913135295,"5","5","5","Non-Projection Neuron Cells","OBNB"
"AAAAGGATTTTGTCTT","KO2",2994,1395,4.30861723446894,"0","0","0","Projection Neurons","Neuron"
"AAAAGGCATTGCGGAC","KO2",8173,2805,4.88192830050165,"3","3","3","Non-Projection Neuron Cells","RGP"
"AAAAGGCGATACCAGC","KO2",14195,3846,5.26241634378302,"1","0","0","Projection Neurons","Neuron"
"AAAAGGCGTGTTGCCC","KO2",9460,3085,3.04439746300211,"0","0","0","Projection Neurons","Neuron"
"AAAAGGCGTTCGAGAG","KO2",22924,4843,3.74280230326296,"1","0","0","Projection Neurons","Neuron"
"AAAAGGGTGCCCGCTT","KO2",12303,3490,4.82809070958303,"2","2","2","Non-Projection Neuron Cells","aIP"
"AAAAGGGTGTCTTCTT","KO2",10505,3599,2.48453117563065,"2","2","2","Non-Projection Neuron Cells","aIP"
"AAAAGGTATTTTTTAG","KO2",7958,2777,4.1090726313144,"0","1","1","Projection Neurons","Neuron"
"AAAAGGTCTATGGCCA","KO2",7763,2063,4.58585598351153,"1","0","0","Projection Neurons","Neuron"
"AAAAGGTGACGCGGGT","KO2",6388,2318,4.97808390732624,"1","0","0","Projection Neurons","Neuron"
"AAAAGGTGCCCCGCGT","KO2",3251,1531,8.15133804983082,"4","4","4","Non-Projection Neuron Cells","Oligo"
"AAAAGGTGTACAGCAC","KO2",18845,4169,5.39135049084638,"1","0","0","Projection Neurons","Neuron"
"AAAAGGTTGCATTCTA","KO2",12329,3630,3.59315435152892,"2","2","2","Non-Projection Neuron Cells","aIP"
"AAAAGTACGCCCAGTG","KO2",6029,2448,3.46657820534085,"0","1","1","Projection Neurons","Neuron"
"AAAAGTAGGAGGGTCC","KO2",3773,1522,8.18976941425921,"1","0","0","Projection Neurons","Neuron"
"AAAAGTATAGCGATAT","KO2",2546,1413,2.16025137470542,"0","1","1","Projection Neurons","Neuron"
"AAAAGTCAGAGAATCC","KO2",12043,3578,3.84455700406875,"0","0","0","Projection Neurons","Neuron"
"AAAAGTCAGTATGAAG","KO2",12399,3749,3.88741027502218,"0","6","6","Projection Neurons","Neuron"
"AAAAGTCATGGTCCAG","KO2",18753,4389,4.42595851330454,"1","0","0","Projection Neurons","Neuron"
"AAAAGTGCACTAACAA","KO2",11635,3329,4.93339063171465,"1","0","0","Projection Neurons","Neuron"
"AAAAGTGCCAATAAGA","KO2",8655,3186,3.92836510687464,"2","2","2","Non-Projection Neuron Cells","aIP"
"AAAAGTGCGAGCGTCG","KO2",26086,5305,4.31649160469217,"1","0","0","Projection Neurons","Neuron"
"AAAAGTGCTAGTGTGT","KO2",3401,1672,5.70420464569244,"0","1","1","Projection Neurons","Neuron"
"AAAAGTGGATAAAAGT","KO2",1927,1029,5.13751946030099,"0","0","0","Projection Neurons","Neuron"
"AAAAGTGTGTGGATGC","KO2",9642,3090,3.93071976768305,"0","1","1","Projection Neurons","Neuron"
"AAAAGTTCGCATAAGC","KO2",5685,2286,5.69920844327177,"0","1","1","Projection Neurons","Neuron"
"AAAAGTTTTTATCGCA","KO2",6745,2421,5.98962194217939,"0","1","1","Projection Neurons","Neuron"
"AAAATAAAGGCGAGTA","KO2",7386,2873,4.57622529109125,"3","3","3","Non-Projection Neuron Cells","RGP"
"AAAATAACTTAAGTCA","KO2",8077,3171,4.30853039494862,"0","0","0","Projection Neurons","Neuron"
"AAAATAAGTCTTAAAT","KO2",7764,2725,6.41421947449768,"0","1","1","Projection Neurons","Neuron"
"AAAATACGGATGACCG","KO2",2848,1632,11.2710674157303,"1","0","0","Projection Neurons","Neuron"
"AAAATACTAAAAGAAG","KO2",2718,1316,3.53200883002207,"4","4","4","Non-Projection Neuron Cells","Oligo"
"AAAATACTTGGATCAG","KO2",4524,2235,5.76923076923077,"0","0","0","Projection Neurons","Neuron"
"AAAATACTTTCGGAAC","KO2",10069,3221,4.40957393981527,"0","6","6","Projection Neurons","Neuron"
"AAAATAGACATGAGAA","KO2",8528,3567,4.36210131332083,"6","2","2","Non-Projection Neuron Cells","aIP"
"AAAATAGACGAGACAG","KO2",4913,2119,4.70181152045593,"5","5","5","Non-Projection Neuron Cells","OBNB"
"AAAATAGCGAGTCCAC","KO2",6771,2502,5.02141485748043,"0","1","1","Projection Neurons","Neuron"
"AAAATAGGAGTGTTCC","KO2",4470,2248,4.7427293064877,"0","0","0","Projection Neurons","Neuron"
"AAAATATATGACTTTG","KO2",16884,4179,3.57142857142857,"2","2","2","Non-Projection Neuron Cells","aIP"
"AAAATATCCTACCAAT","KO2",6886,2631,4.18239907057798,"0","1","1","Projection Neurons","Neuron"
"AAAATATCGAATAGCG","KO2",8967,3288,2.21924835507974,"2","2","2","Non-Projection Neuron Cells","aIP"
"AAAATATCGCGAACGC","KO2",10292,3534,1.31169840652934,"3","3","3","Non-Projection Neuron Cells","RGP"
"AAAATATGAATATGTT","KO2",6170,2177,4.27876823338736,"1","0","0","Projection Neurons","Neuron"
"AAAATATGAGGGGGGT","KO2",7422,2407,5.52411748854756,"2","4","4","Non-Projection Neuron Cells","Oligo"
"AAAATATGTGGACAGC","KO2",3140,1531,10.1273885350318,"0","1","1","Projection Neurons","Neuron"
"AAAATATTGCAACCTG","KO2",5791,2270,3.35002590226213,"4","4","4","Non-Projection Neuron Cells","Oligo"
"AAAATCAAAATTGGCT","KO2",1822,944,9.49506037321625,"1","0","0","Projection Neurons","Neuron"
"AAAATCATACGTTACC","KO2",4210,1773,5.32066508313539,"0","1","1","Projection Neurons","Neuron"
"AAAATCGCCAATCTAG","KO2",13925,3898,4.34470377019749,"1","0","0","Projection Neurons","Neuron"
"AAAATCGGGGAAATTG","KO2",13271,4129,2.3359204280009,"2","2","2","Non-Projection Neuron Cells","aIP"
"AAAATCTCCTCTATCA","KO2",5052,1993,4.94853523357086,"0","0","0","Projection Neurons","Neuron"
"AAAATCTGCACTGTGT","KO2",3737,1658,4.22799036660423,"0","1","1","Projection Neurons","Neuron"
"AAAATCTGGCTGCAGA","KO2",14676,4262,2.39165985282093,"1","0","0","Projection Neurons","Neuron"
"AAAATCTTAACTATGC","KO2",2312,1238,5.96885813148789,"2","2","2","Non-Projection Neuron Cells","aIP"
"AAAATCTTACGGTGTG","KO2",6651,2590,4.19485791610284,"0","1","1","Projection Neurons","Neuron"
"AAAATGAACACGCAAT","KO2",4665,2275,3.34405144694534,"2","2","2","Non-Projection Neuron Cells","aIP"
"AAAATGAGACTAGCGA","KO2",19760,4968,2.70242914979757,"0","0","0","Projection Neurons","Neuron"
"AAAATGAGTTCGAATG","KO2",16095,4050,4.05716060888475,"0","0","0","Projection Neurons","Neuron"
"AAAATGCAGTGTGCGG","KO2",8130,3203,2.460024600246,"2","2","2","Non-Projection Neuron Cells","aIP"
"AAAATGCCAGGGCTGA","KO2",12070,3571,2.47721623860812,"2","2","2","Non-Projection Neuron Cells","aIP"
"AAAATGCCCAGGCCTC","KO2",15939,3960,3.72670807453416,"1","0","0","Projection Neurons","Neuron"
"AAAATGCGCTCCACAA","KO2",16781,3646,4.26673023061796,"1","0","0","Projection Neurons","Neuron"
"AAAATGCGGATCGCTG","KO2",4900,2108,5.63265306122449,"0","1","1","Projection Neurons","Neuron"
"AAAATGCTCCTGGCGG","KO2",7046,2792,1.73147885325007,"3","3","3","Non-Projection Neuron Cells","RGP"
"AAAATGGCACAAACCG","KO2",4690,1824,1.96162046908316,"2","2","2","Non-Projection Neuron Cells","aIP"
"AAAATGGCCAAGGCAC","KO2",3552,1647,3.6036036036036,"4","4","4","Non-Projection Neuron Cells","Oligo"
"AAAATTATAACAATGC","KO2",7977,2665,5.80418703773348,"3","3","3","Non-Projection Neuron Cells","RGP"
"AAAATTATGTTCTTGG","KO2",13370,3456,3.79207180254301,"4","4","4","Non-Projection Neuron Cells","Oligo"
"AAAATTCAAAAGGACC","KO2",10231,2960,3.6946535040563,"0","0","0","Projection Neurons","Neuron"
"AAAATTCCCCGACCTT","KO2",4224,2265,10.3929924242424,"1","0","0","Projection Neurons","Neuron"
"AAAATTGCTAAATTTT","KO2",4926,1991,3.26837190418189,"2","2","2","Non-Projection Neuron Cells","aIP"
"AAAATTGGCCTCGAAT","KO2",5921,2409,6.99206215166357,"0","0","0","Projection Neurons","Neuron"
"AAAATTGGCTCCATGT","KO2",6301,2368,2.90430090461831,"0","1","1","Projection Neurons","Neuron"
"AAAATTTAACTAGAAA","KO2",14733,3837,4.83947600624449,"1","0","0","Projection Neurons","Neuron"
"AAAATTTTCCACACCA","KO2",15925,4110,3.56671899529042,"1","0","0","Projection Neurons","Neuron"
"AAAATTTTCGTCTACC","KO2",7148,2610,5.7358701734751,"0","1","1","Projection Neurons","Neuron"
"AAAATTTTTGAAATGA","KO2",2384,1394,2.55872483221477,"0","1","1","Projection Neurons","Neuron"
"AAACAAAATCCACCCT","KO2",9941,3295,2.98762699929585,"4","4","4","Non-Projection Neuron Cells","Oligo"
"AAACAAAGAATTTCGC","KO2",5395,2125,4.20759962928638,"5","5","5","Non-Projection Neuron Cells","OBNB"
"AAACAAAGAGTCCAAG","KO2",6301,2327,4.71353753372481,"0","1","1","Projection Neurons","Neuron"
"AAACAAATCTGCAGAA","KO2",16515,4300,3.51195882531032,"0","0","0","Projection Neurons","Neuron"
"AAACAACGGAGTCGGT","KO2",11450,3690,3.82532751091703,"2","2","2","Non-Projection Neuron Cells","aIP"
"AAACAACGTTTGTCGA","KO2",6176,2407,5.94235751295337,"0","1","1","Projection Neurons","Neuron"
"AAACAACTCACTTCTT","KO2",3553,1520,5.51646495918942,"4","4","4","Non-Projection Neuron Cells","Oligo"
"AAACAACTCGGACAGG","KO2",4208,2221,3.20817490494297,"2","2","2","Non-Projection Neuron Cells","aIP"
"AAACAAGAGCTGCCTG","KO2",13647,3385,6.57287315893603,"4","4","4","Non-Projection Neuron Cells","Oligo"
"AAACAATAACGAACGC","KO2",2349,1108,6.59855257556407,"0","1","1","Projection Neurons","Neuron"
"AAACAATCACCACTGT","KO2",1700,929,11,"0","1","1","Projection Neurons","Neuron"
"AAACAATGACCTTTAA","KO2",4119,1818,1.79655256130129,"0","1","1","Projection Neurons","Neuron"
"AAACAATGGATTTAGA","KO2",4792,2442,4.04841402337229,"2","2","2","Non-Projection Neuron Cells","aIP"
"AAACAATGTCAGCTGT","KO2",16668,4062,3.21574274058075,"3","3","3","Non-Projection Neuron Cells","RGP"
"AAACAATTGGACTCAG","KO2",7361,2614,4.14345876918897,"0","0","0","Projection Neurons","Neuron"
"AAACACACAAATCCGG","KO2",12060,3450,5.83747927031509,"1","0","0","Projection Neurons","Neuron"
"AAACACCCGGCTGTTC","KO2",8153,2624,3.25033729915369,"3","3","3","Non-Projection Neuron Cells","RGP"
"AAACACCGCATCTATT","KO2",5894,2391,3.95317271801832,"3","3","3","Non-Projection Neuron Cells","RGP"
"AAACACCTAAGCAATA","KO2",3422,1516,7.36411455289304,"3","3","3","Non-Projection Neuron Cells","RGP"
"AAACACGCACATGTGA","KO2",8543,2731,5.48987475125834,"0","6","6","Projection Neurons","Neuron"
"AAACACGGTCCTCGGA","KO2",2848,1371,4.88061797752809,"1","0","0","Projection Neurons","Neuron"
"AAACACTGTATACTAA","KO2",13768,3859,4.4596165020337,"1","0","0","Projection Neurons","Neuron"
"AAACACTTAGGCGATG","KO2",8609,2887,5.64525496573353,"0","0","0","Projection Neurons","Neuron"
"AAACACTTTACGTGAA","KO2",7577,2943,3.48422858651181,"0","1","1","Projection Neurons","Neuron"
"AAACAGAGATTTTCTT","KO2",11343,3306,4.32866084810015,"1","0","0","Projection Neurons","Neuron"
"AAACAGCCCGGGTCCA","KO2",14977,3599,3.40522133938706,"3","3","3","Non-Projection Neuron Cells","RGP"
"AAACAGCTTCCAATAC","KO2",1995,1257,13.2832080200501,"0","0","0","Projection Neurons","Neuron"
"AAACAGGCAGCCCAAA","KO2",7116,2533,6.73130972456436,"4","4","4","Non-Projection Neuron Cells","Oligo"
"AAACAGTCAACCGTAT","KO2",7087,2400,5.17849583744885,"0","1","1","Projection Neurons","Neuron"
"AAACATAAGCCTTTTC","KO2",3167,1498,4.73634354278497,"0","1","1","Projection Neurons","Neuron"
"AAACATCAAGATCTTT","KO2",4718,1968,6.57058075455702,"1","0","0","Projection Neurons","Neuron"
"AAACATCACTACAACT","KO2",7245,2585,3.35403726708075,"0","1","1","Projection Neurons","Neuron"
"AAACATCACTCCAGTT","KO2",9106,2988,5.27124972545574,"0","0","0","Projection Neurons","Neuron"
"AAACATCGCTTACAAA","KO2",2752,1392,6.35901162790698,"0","1","1","Projection Neurons","Neuron"
"AAACATCGGAAGCAAA","KO2",8254,2917,8.14150714804943,"3","2","2","Non-Projection Neuron Cells","aIP"
"AAACATCGGCTCACTC","KO2",3710,1645,6.52291105121294,"1","0","0","Projection Neurons","Neuron"
"AAACATCGGGTATGCC","KO2",2579,1348,6.01008142690965,"0","1","1","Projection Neurons","Neuron"
"AAACATCTGATGTTCG","KO2",13069,3730,2.38732879332772,"3","3","3","Non-Projection Neuron Cells","RGP"
"AAACATGCCATAGTCT","KO2",10957,3246,3.74190015515196,"3","3","3","Non-Projection Neuron Cells","RGP"
"AAACATGTGTTTGCGA","KO2",6242,2388,7.76994553027876,"0","0","0","Projection Neurons","Neuron"
"AAACATGTTACATACG","KO2",10543,3259,5.73840462866357,"2","2","2","Non-Projection Neuron Cells","aIP"
"AAACATTACAATGATC","KO2",8529,2951,5.0181732911244,"1","0","0","Projection Neurons","Neuron"
"AAACATTGAGCCGTTT","KO2",8432,3143,3.15464895635674,"3","3","3","Non-Projection Neuron Cells","RGP"
"AAACCAATGTAGTTAG","KO2",9375,3130,4.55466666666667,"0","1","1","Projection Neurons","Neuron"
"AAACCACCTTTTACGG","KO2",7749,2779,4.27151890566525,"0","6","6","Projection Neurons","Neuron"
"AAACCACGCTATTTTT","KO2",6753,2501,5.07922404857101,"1","0","0","Projection Neurons","Neuron"
"AAACCAGAACCTTTCC","KO2",10602,3082,6.45161290322581,"1","0","0","Projection Neurons","Neuron"
"AAACCAGATTCCGCTT","KO2",8578,2627,7.84565166705526,"0","0","0","Projection Neurons","Neuron"
"AAACCAGCGTCTAAAC","KO2",12093,3450,4.64731662945506,"4","4","4","Non-Projection Neuron Cells","Oligo"
"AAACCATACCACGAAC","KO2",8954,2807,4.92517310699129,"0","0","0","Projection Neurons","Neuron"
"AAACCCAATGAAGTGC","KO2",4347,1894,0.368069933287325,"0","1","1","Projection Neurons","Neuron"
"AAACCCACACTTGATG","KO2",1647,860,14.4505160898604,"0","1","1","Projection Neurons","Neuron"
"AAACCCACCGACAGAG","KO2",7744,2624,3.08626033057851,"3","3","3","Non-Projection Neuron Cells","RGP"
"AAACCCAGACTCGATG","KO2",16989,4035,5.54476425922656,"3","3","3","Non-Projection Neuron Cells","RGP"
"AAACCCCCATACGATA","KO2",6973,2577,3.37014197619389,"3","3","3","Non-Projection Neuron Cells","RGP"
"AAACCCCGGATACTCA","KO2",13498,3437,4.47473699807379,"4","4","4","Non-Projection Neuron Cells","Oligo"
"AAACCCGATCGGTTAT","KO2",2865,1178,6.45724258289703,"1","0","0","Projection Neurons","Neuron"
"AAACCCGCAGTCCTAC","KO2",21598,4873,3.30586165385684,"1","0","0","Projection Neurons","Neuron"
"AAACCCTCATCTGAAG","KO2",7044,3021,5.05394662123793,"0","1","1","Projection Neurons","Neuron"
"AAACCCTGCAAGATTC","KO2",15930,3671,5.65599497802888,"1","0","0","Projection Neurons","Neuron"
"AAACCCTGGTAGGCCC","KO2",9530,3477,3.63064008394544,"3","3","3","Non-Projection Neuron Cells","RGP"
"AAACCCTGGTCCGCTA","KO2",13644,3464,4.96188800938141,"1","0","0","Projection Neurons","Neuron"
"AAACCCTTCAACTAGC","KO2",3872,1846,2.58264462809917,"2","2","2","Non-Projection Neuron Cells","aIP"
"AAACCGAACCGTAAGC","KO2",7963,3097,4.84741931432877,"6","2","2","Non-Projection Neuron Cells","aIP"
"AAACCGAGATTCACTT","KO2",4373,1769,5.55682597758976,"0","1","1","Projection Neurons","Neuron"
"AAACCGATATGCTTCA","KO2",6637,2543,4.5954497513937,"0","1","1","Projection Neurons","Neuron"
"AAACCGATCCATTCGC","KO2",9198,2858,4.79452054794521,"0","6","6","Projection Neurons","Neuron"
"AAACCGCAAAAGCGGG","KO2",7048,2694,3.56129398410897,"0","0","0","Projection Neurons","Neuron"
"AAACCGCGGTTCTGAA","KO2",5557,2318,2.60932157639014,"2","2","2","Non-Projection Neuron Cells","aIP"
"AAACCGGCGGCCTCGG","KO2",4158,1821,2.11640211640212,"4","4","4","Non-Projection Neuron Cells","Oligo"
"AAACCGGCGTACGATA","KO2",6877,2256,4.78406281808928,"1","0","0","Projection Neurons","Neuron"
"AAACCGGTTTTTAACC","KO2",3020,1461,7.18543046357616,"0","1","1","Projection Neurons","Neuron"
"AAACCGTCTAAAGGCT","KO2",3439,1602,4.73974992730445,"5","5","5","Non-Projection Neuron Cells","OBNB"
"AAACCGTGCAGCGTCG","KO2",5707,2324,4.5733309970212,"0","1","1","Projection Neurons","Neuron"
"AAACCTAGGTATGTAA","KO2",6728,2491,8.81391200951249,"0","1","1","Projection Neurons","Neuron"
"AAACCTAGGTCGATAT","KO2",6627,2435,5.41723253357477,"1","0","0","Projection Neurons","Neuron"
"AAACCTCCTCGCTGAA","KO2",13035,3891,3.62102032988109,"0","1","1","Projection Neurons","Neuron"
"AAACCTCGAGCTGCTG","KO2",2558,1218,9.61688819390148,"0","1","1","Projection Neurons","Neuron"
"AAACCTCTATTCCTTG","KO2",12316,3329,5.35888275414095,"1","0","0","Projection Neurons","Neuron"
"AAACCTCTTAACTACG","KO2",4514,1879,3.38945502879929,"1","0","0","Projection Neurons","Neuron"
"AAACCTCTTGGGTGGA","KO2",8127,2770,5.75858250276855,"0","1","1","Projection Neurons","Neuron"
"AAACCTGCCCGCCACC","KO2",5291,2401,2.92950292950293,"3","3","3","Non-Projection Neuron Cells","RGP"
"AAACCTGCGGGTGGAA","KO2",16848,4400,4.41595441595442,"4","3","3","Non-Projection Neuron Cells","RGP"
"AAACCTGCTGATAATT","KO2",4398,2099,5.57071396089131,"0","1","1","Projection Neurons","Neuron"
"AAACCTGGCCGGCCGA","KO2",2858,1411,0.804758572428272,"3","3","3","Non-Projection Neuron Cells","RGP"
"AAACCTGGCGTTGAGA","KO2",13407,3577,4.90788394122473,"1","0","0","Projection Neurons","Neuron"
"AAACCTGTCTGATCGG","KO2",4256,1987,3.05451127819549,"2","2","2","Non-Projection Neuron Cells","aIP"
"AAACCTTCGGCGATAG","KO2",4199,1972,5.73946177661348,"4","4","4","Non-Projection Neuron Cells","Oligo"
"AAACCTTGTTGGAGCT","KO2",17539,4756,4.73801242944296,"3","3","3","Non-Projection Neuron Cells","RGP"
"AAACGAAATCCGCTGA","KO2",5091,1584,4.53741897466117,"1","0","0","Projection Neurons","Neuron"
"AAACGAAATTCCACCG","KO2",5959,2527,2.86960899479778,"2","2","2","Non-Projection Neuron Cells","aIP"
"AAACGAAGGAGAACAG","KO2",4302,1823,7.78707577870758,"1","0","0","Projection Neurons","Neuron"
"AAACGACAAAGCCTGC","KO2",8369,3268,4.25379376269566,"0","0","0","Projection Neurons","Neuron"
"AAACGACCATTGGTAG","KO2",2574,1435,9.67365967365967,"0","1","1","Projection Neurons","Neuron"
"AAACGACCCTCCTAGA","KO2",2726,1301,2.01760821716801,"3","3","3","Non-Projection Neuron Cells","RGP"
"AAACGACGTAGATTAT","KO2",11686,3429,3.97056306691768,"1","0","0","Projection Neurons","Neuron"
"AAACGACTATCACCGT","KO2",13375,3714,5.89158878504673,"1","0","0","Projection Neurons","Neuron"
"AAACGAGAAATACCGA","KO2",10193,3035,5.74904346119886,"1","0","0","Projection Neurons","Neuron"
"AAACGAGACTCAGCTC","KO2",9655,3388,4.32936302433972,"0","0","0","Projection Neurons","Neuron"
"AAACGAGCGGCGGAAA","KO2",5670,2270,4.55026455026455,"0","1","1","Projection Neurons","Neuron"
"AAACGAGGGACCAACA","KO2",10168,3044,4.4059795436664,"0","6","6","Projection Neurons","Neuron"
"AAACGAGGGCTTAACT","KO2",3100,1549,5.2258064516129,"4","4","4","Non-Projection Neuron Cells","Oligo"
"AAACGATACCAAGCAC","KO2",18676,4741,1.60098522167488,"3","3","3","Non-Projection Neuron Cells","RGP"
"AAACGATACTTGCGAT","KO2",5168,2149,5.26315789473684,"0","1","1","Projection Neurons","Neuron"
"AAACGATAGGTCGGTC","KO2",4078,1820,7.82246199117214,"0","0","0","Projection Neurons","Neuron"
"AAACGATTCCGGCCCC","KO2",8619,2812,4.89615964729087,"4","3","3","Non-Projection Neuron Cells","RGP"
"AAACGATTTACGAAGA","KO2",4262,1851,4.50492726419521,"4","4","4","Non-Projection Neuron Cells","Oligo"
"AAACGCACGATATACC","KO2",2078,1226,6.01539942252166,"0","1","1","Projection Neurons","Neuron"
"AAACGCACGCTTTACT","KO2",11000,3576,3.99090909090909,"1","0","0","Projection Neurons","Neuron"
"AAACGCAGAACGAAAA","KO2",20552,4948,2.03873102374465,"3","3","3","Non-Projection Neuron Cells","RGP"
"AAACGCAGTAGACCTT","KO2",3430,1670,6.0932944606414,"0","1","1","Projection Neurons","Neuron"
"AAACGCCATTATGGCC","KO2",17643,4317,3.6275009918948,"1","0","0","Projection Neurons","Neuron"
"AAACGCCCAAAACATT","KO2",4326,1978,4.66944059177069,"1","0","0","Projection Neurons","Neuron"
"AAACGCCCATAGCGGG","KO2",4970,2150,5.73440643863179,"1","0","0","Projection Neurons","Neuron"
"AAACGCCTGGGGACTC","KO2",7611,2729,4.6117461568782,"0","1","1","Projection Neurons","Neuron"
"AAACGCGACATTCCGC","KO2",3219,1644,2.79589934762349,"0","1","1","Projection Neurons","Neuron"
"AAACGCGATATCCTTG","KO2",15671,3910,4.93905940909961,"1","0","0","Projection Neurons","Neuron"
"AAACGCGCTTACCGTC","KO2",1981,1107,5.04795557799091,"0","1","1","Projection Neurons","Neuron"
"AAACGCGTAGATTGAA","KO2",4059,1929,1.92165558019217,"0","1","1","Projection Neurons","Neuron"
"AAACGCGTATTGCACT","KO2",6396,2471,8.38023764853033,"0","0","0","Projection Neurons","Neuron"
"AAACGCTACCAAGTGT","KO2",3930,1839,9.31297709923664,"0","1","1","Projection Neurons","Neuron"
"AAACGGACCGTTCCAA","KO2",4166,2005,6.16898703792607,"0","0","0","Projection Neurons","Neuron"
"AAACGGAGCTGGCCCC","KO2",7334,2753,3.8860103626943,"4","4","4","Non-Projection Neuron Cells","Oligo"
"AAACGGCAGCAGAGTC","KO2",2179,1059,4.22212023864158,"0","0","0","Projection Neurons","Neuron"
"AAACGGCGATGCTGGC","KO2",5868,2455,7.19154737559646,"0","1","1","Projection Neurons","Neuron"
"AAACGGGAACTATGTT","KO2",3319,1560,2.19945766797228,"1","0","0","Projection Neurons","Neuron"
"AAACGGGACAAGGTGG","KO2",7542,2893,2.46618933969769,"2","2","2","Non-Projection Neuron Cells","aIP"
"AAACGGGCGAAGGATT","KO2",5329,2210,3.84687558641396,"0","0","0","Projection Neurons","Neuron"
"AAACGGGCGTGGACAG","KO2",2336,1149,4.62328767123288,"0","0","0","Projection Neurons","Neuron"
"AAACGGGGTACAGCCT","KO2",8979,3157,3.47477447377213,"0","1","1","Projection Neurons","Neuron"
"AAACGGTCGCCGGCAG","KO2",8676,3358,3.88427846934071,"6","2","2","Non-Projection Neuron Cells","aIP"
"AAACGTAAATAGTACT","KO2",9979,3084,5.55165848281391,"1","0","0","Projection Neurons","Neuron"
"AAACGTACGACACTAT","KO2",2851,1372,6.34864959663276,"0","1","1","Projection Neurons","Neuron"
"AAACGTAGCCTCCAAG","KO2",9589,3194,4.44259046824486,"0","0","0","Projection Neurons","Neuron"
"AAACGTCCAACGGTAC","KO2",7534,2793,4.35359702681179,"0","1","1","Projection Neurons","Neuron"
"AAACGTGCCTTACGCA","KO2",4054,1913,5.87074494326591,"0","1","1","Projection Neurons","Neuron"
"AAACGTGGTGTAGAGG","KO2",3769,1993,8.83523481029451,"0","1","1","Projection Neurons","Neuron"
"AAACGTTAAGAGGTCT","KO2",6415,2783,1.40296180826189,"6","2","2","Non-Projection Neuron Cells","aIP"
"AAACGTTCTCGACACG","KO2",5993,2352,5.27281828800267,"0","1","1","Projection Neurons","Neuron"
"AAACTAAGGACAGCGT","KO2",9282,3339,4.1801335918983,"0","0","0","Projection Neurons","Neuron"
"AAACTAAGGATCTGTA","KO2",15239,3948,3.5566638230855,"0","6","6","Projection Neurons","Neuron"
"AAACTACCCTCGTGCT","KO2",6953,2477,4.73177045879476,"0","1","1","Projection Neurons","Neuron"
"AAACTAGAACCGACCG","KO2",9542,2966,6.67574931880109,"0","0","0","Projection Neurons","Neuron"
"AAACTATACTCTAGAT","KO2",2644,1189,3.47957639939486,"0","1","1","Projection Neurons","Neuron"
"AAACTATGAGGAATCC","KO2",8329,2792,6.56741505582903,"0","6","6","Projection Neurons","Neuron"
"AAACTATTCTCCCCGA","KO2",9900,3322,4.37373737373737,"0","0","0","Projection Neurons","Neuron"
"AAACTATTGATAAATA","KO2",6790,2423,2.16494845360825,"3","3","3","Non-Projection Neuron Cells","RGP"
"AAACTCAACATAGCCG","KO2",2464,1400,7.22402597402597,"0","1","1","Projection Neurons","Neuron"
"AAACTCAATTAGCGAA","KO2",6494,2493,1.80166307360641,"2","2","2","Non-Projection Neuron Cells","aIP"
"AAACTCAATTATAGAG","KO2",7357,3055,2.01168954736985,"2","2","2","Non-Projection Neuron Cells","aIP"
"AAACTCACGGCGCGGC","KO2",4514,2189,3.96544085068675,"0","1","1","Projection Neurons","Neuron"
"AAACTCATATCCTATA","KO2",2674,1336,6.245325355273,"0","1","1","Projection Neurons","Neuron"
"AAACTCCACTAACGCG","KO2",16260,4096,3.30258302583026,"3","3","3","Non-Projection Neuron Cells","RGP"
"AAACTCCAGACGCTGT","KO2",7758,2851,3.4287187419438,"2","2","2","Non-Projection Neuron Cells","aIP"
"AAACTCCGACGTCCGG","KO2",6197,2288,3.95352589962885,"1","0","0","Projection Neurons","Neuron"
"AAACTCCGCTTTTCCC","KO2",11972,3648,3.18242565987304,"1","0","0","Projection Neurons","Neuron"
"AAACTCCTTTCTCCTC","KO2",10348,3126,3.11171240819482,"3","3","3","Non-Projection Neuron Cells","RGP"
"AAACTCTTTCTTACGG","KO2",2533,1264,3.86893012238452,"1","0","0","Projection Neurons","Neuron"
"AAACTGAGCCAGGACA","KO2",8203,2741,4.21796903571864,"0","1","1","Projection Neurons","Neuron"
"AAACTGCATGGTGACG","KO2",2598,1291,2.46343341031563,"0","1","1","Projection Neurons","Neuron"
"AAACTGCGATCCGGAG","KO2",3758,1538,6.04044704630122,"5","5","5","Non-Projection Neuron Cells","OBNB"
"AAACTGCGCCGACCGT","KO2",10672,3364,3.82308845577211,"2","2","2","Non-Projection Neuron Cells","aIP"
"AAACTGGAACATTAGC","KO2",8203,3219,3.58405461416555,"0","1","1","Projection Neurons","Neuron"
"AAACTGGCGAACAGCA","KO2",6924,2181,8.03004043905257,"4","4","4","Non-Projection Neuron Cells","Oligo"
"AAACTGTCGGCTCAAA","KO2",6267,2327,4.27636827828307,"1","0","0","Projection Neurons","Neuron"
"AAACTTAAACTCGGGT","KO2",5721,2292,4.05523509875896,"0","0","0","Projection Neurons","Neuron"
"AAACTTAGGTAGAATT","KO2",3851,1864,2.83043365359647,"2","2","2","Non-Projection Neuron Cells","aIP"
"AAACTTAGGTGGTTAA","KO2",12923,3719,3.37382960612861,"4","3","3","Non-Projection Neuron Cells","RGP"
"AAACTTAGTCGGAGAC","KO2",5586,2172,3.81310418904404,"0","1","1","Projection Neurons","Neuron"
"AAACTTATAAATGGTC","KO2",2317,1165,2.89167026327147,"0","1","1","Projection Neurons","Neuron"
"AAACTTCTGTGCAGTA","KO2",6735,2869,3.32590942835932,"2","2","2","Non-Projection Neuron Cells","aIP"
"AAACTTGTGCCTGATG","KO2",11857,3689,2.20123134013663,"2","2","2","Non-Projection Neuron Cells","aIP"
"AAACTTGTGGCGCTAC","KO2",3848,1830,5.71725571725572,"0","1","1","Projection Neurons","Neuron"
"AAAGAAAACGGAGCGT","KO2",9108,3044,7.42204655248133,"1","0","0","Projection Neurons","Neuron"
"AAAGAAAATATACCGG","KO2",2645,1169,10.7372400756144,"1","0","0","Projection Neurons","Neuron"
"AAAGAAATAGCGTGAC","KO2",10512,3190,6.42123287671233,"1","0","0","Projection Neurons","Neuron"
"AAAGAAATTGATGTTC","KO2",5404,1825,6.19911176905996,"2","2","2","Non-Projection Neuron Cells","aIP"
"AAAGAACGCTGACGGC","KO2",7716,2873,3.88802488335925,"4","4","4","Non-Projection Neuron Cells","Oligo"
"AAAGAACGTTAGGTCT","KO2",1693,965,3.36680448907265,"5","5","5","Non-Projection Neuron Cells","OBNB"
"AAAGAACTAGTTCGAA","KO2",7113,2316,5.1455082243779,"1","0","0","Projection Neurons","Neuron"
"AAAGAAGACACTAAGT","KO2",5294,2256,2.2667170381564,"2","2","2","Non-Projection Neuron Cells","aIP"
"AAAGAAGGCTCCGGAC","KO2",17787,4186,2.83353010625738,"1","0","0","Projection Neurons","Neuron"
"AAAGAAGGTGATCCTC","KO2",1521,800,11.1111111111111,"5","5","5","Non-Projection Neuron Cells","OBNB"
"AAAGAAGTTAAGGCTA","KO2",2751,1201,8.06979280261723,"0","0","0","Projection Neurons","Neuron"
"AAAGAATAGAGGCTAT","KO2",5180,2215,2.58687258687259,"0","1","1","Projection Neurons","Neuron"
"AAAGAATCCTCCAAGA","KO2",10272,3026,5.03309968847352,"0","1","1","Projection Neurons","Neuron"
"AAAGAATGATGGGTCG","KO2",11822,3179,7.31686685839959,"1","0","0","Projection Neurons","Neuron"
"AAAGACAAACTTATTT","KO2",5407,1939,3.25503976326984,"3","3","3","Non-Projection Neuron Cells","RGP"
"AAAGACAAGCCCAGAC","KO2",7534,2622,4.96416246349881,"0","0","0","Projection Neurons","Neuron"
"AAAGACCACAGCCGAT","KO2",3214,1547,4.35594275046671,"0","1","1","Projection Neurons","Neuron"
"AAAGACCATTTAGAAC","KO2",8517,2722,5.71797581307972,"0","0","0","Projection Neurons","Neuron"
"AAAGACCCACCCCCTA","KO2",2225,1278,4.40449438202247,"0","1","1","Projection Neurons","Neuron"
"AAAGACGCACCAGCAT","KO2",3841,1792,4.11351210622234,"0","0","0","Projection Neurons","Neuron"
"AAAGACGTCGTAAGCG","KO2",8989,2935,3.90477249972188,"0","0","0","Projection Neurons","Neuron"
"AAAGACGTGCCCCTAG","KO2",10742,3395,4.05883448147459,"1","0","0","Projection Neurons","Neuron"
"AAAGACTCCCGTTTCT","KO2",6281,2576,6.97341187708964,"0","0","0","Projection Neurons","Neuron"
"AAAGAGAATCAAAGTA","KO2",12521,3560,4.91973484545963,"1","0","0","Projection Neurons","Neuron"
"AAAGAGAATCTTCGAC","KO2",4829,2239,1.92586456823359,"0","1","1","Projection Neurons","Neuron"
"AAAGAGAATGCGAGAA","KO2",3613,1667,2.68474951563797,"3","3","3","Non-Projection Neuron Cells","RGP"
"AAAGAGAGTCACGCTG","KO2",7575,2673,4.21122112211221,"0","1","1","Projection Neurons","Neuron"
"AAAGAGATTACTTGAA","KO2",4532,2166,2.11827007943513,"2","2","2","Non-Projection Neuron Cells","aIP"
"AAAGAGCATAAAGCTT","KO2",13995,4512,1.96498749553412,"2","2","2","Non-Projection Neuron Cells","aIP"
"AAAGAGCCGATCTAAC","KO2",6131,2170,7.27450660577394,"1","0","0","Projection Neurons","Neuron"
"AAAGAGCGGATGCGAA","KO2",4708,2232,2.95242141036534,"2","2","2","Non-Projection Neuron Cells","aIP"
"AAAGAGGACATATGGA","KO2",8619,2921,4.28123912286808,"0","1","1","Projection Neurons","Neuron"
"AAAGAGTAACAGAAGA","KO2",4918,2143,1.60634404229362,"0","1","1","Projection Neurons","Neuron"
"AAAGAGTCATTGGTAA","KO2",12167,3495,5.24369195364511,"2","2","2","Non-Projection Neuron Cells","aIP"
"AAAGAGTCGTATAGAA","KO2",7817,2517,2.6864526033005,"2","2","2","Non-Projection Neuron Cells","aIP"
"AAAGAGTGCTGCTCAT","KO2",13510,3408,3.91561806069578,"1","0","0","Projection Neurons","Neuron"
"AAAGAGTGTACCCTCT","KO2",1771,1136,13.1564088085827,"0","1","1","Projection Neurons","Neuron"
"AAAGAGTTGGTTTTTC","KO2",3934,2121,14.7941026944586,"4","4","4","Non-Projection Neuron Cells","Oligo"
"AAAGATAATATTCCAC","KO2",4325,1794,4.94797687861272,"5","5","5","Non-Projection Neuron Cells","OBNB"
"AAAGATACATCCCGCA","KO2",16959,3999,4.78212158735775,"1","0","0","Projection Neurons","Neuron"
"AAAGATCCAAGGTGAG","KO2",8153,3124,1.42278915736539,"3","3","3","Non-Projection Neuron Cells","RGP"
"AAAGATCGAGGTGGTT","KO2",2069,1316,13.533107781537,"0","1","1","Projection Neurons","Neuron"
"AAAGATGAACGATCTT","KO2",3270,1524,0.0305810397553517,"0","1","1","Projection Neurons","Neuron"
"AAAGATGCGTTACTAT","KO2",2504,1296,5.5111821086262,"0","1","1","Projection Neurons","Neuron"
"AAAGATGGATAACGCA","KO2",10286,3357,3.69434182383823,"0","1","1","Projection Neurons","Neuron"
"AAAGATGGCAGGTGAC","KO2",15566,4418,2.81382500321213,"2","2","2","Non-Projection Neuron Cells","aIP"
"AAAGATGTAATCCAGG","KO2",2650,1540,4.60377358490566,"3","3","3","Non-Projection Neuron Cells","RGP"
"AAAGATGTACACAGCG","KO2",12797,3705,3.84465109009924,"0","0","0","Projection Neurons","Neuron"
"AAAGATGTACTCTTCC","KO2",16225,4744,2.14483821263482,"2","0","0","Projection Neurons","Neuron"
"AAAGATGTTCCAGCAT","KO2",14038,3932,4.82262430545662,"1","0","0","Projection Neurons","Neuron"
"AAAGATTAAGCACAAG","KO2",23070,4830,4.20026007802341,"1","0","0","Projection Neurons","Neuron"
"AAAGATTCGCCTCAGA","KO2",9408,3097,3.09311224489796,"3","3","3","Non-Projection Neuron Cells","RGP"
"AAAGATTGCATGGACG","KO2",2869,1413,6.20425235273614,"0","0","0","Projection Neurons","Neuron"
"AAAGATTGCTAGATCC","KO2",7094,2081,3.70735833098393,"3","3","3","Non-Projection Neuron Cells","RGP"
"AAAGATTGGGCATTCG","KO2",5428,2219,3.57406042741341,"2","2","2","Non-Projection Neuron Cells","aIP"
"AAAGATTTTGTCCTAG","KO2",15926,3990,3.96835363556449,"0","0","0","Projection Neurons","Neuron"
"AAAGCAACCACCGGGG","KO2",8048,2780,4.0258449304175,"0","1","1","Projection Neurons","Neuron"
"AAAGCAACTGTCAGAC","KO2",3517,1701,3.61103212965596,"2","2","2","Non-Projection Neuron Cells","aIP"
"AAAGCAAGTACTTGAA","KO2",2496,1255,4.04647435897436,"0","1","1","Projection Neurons","Neuron"
"AAAGCAATCTCTTCCC","KO2",6828,2690,6.07791446983011,"0","1","1","Projection Neurons","Neuron"
"AAAGCACATTCTCAGC","KO2",12776,4138,3.32654978083907,"2","2","2","Non-Projection Neuron Cells","aIP"
"AAAGCACATTGTGTGA","KO2",14993,3936,3.28153138131128,"0","0","0","Projection Neurons","Neuron"
"AAAGCACTCTGTGCAC","KO2",7485,2556,3.17969271877088,"1","0","0","Projection Neurons","Neuron"
"AAAGCAGAAGGCTCAG","KO2",11183,3426,2.48591612268622,"2","2","2","Non-Projection Neuron Cells","aIP"
"AAAGCAGCCAAACGAA","KO2",2418,1309,3.18444995864351,"4","4","4","Non-Projection Neuron Cells","Oligo"
"AAAGCAGTTTGGCTCT","KO2",3493,1604,3.17778413970799,"0","1","1","Projection Neurons","Neuron"
"AAAGCATATGAGTGAG","KO2",14406,3703,4.50506733305567,"1","0","0","Projection Neurons","Neuron"
"AAAGCATCCGCTAGCG","KO2",8176,2971,4.84344422700587,"0","1","1","Projection Neurons","Neuron"
"AAAGCATTGGAGTACC","KO2",26791,5926,2.35153596356986,"2","2","2","Non-Projection Neuron Cells","aIP"
"AAAGCCAACACAACCC","KO2",5291,1907,8.82630882630883,"4","4","4","Non-Projection Neuron Cells","Oligo"
"AAAGCCATACTGAGTG","KO2",8488,3002,4.95994344957587,"3","3","3","Non-Projection Neuron Cells","RGP"
"AAAGCCATAGGATCGC","KO2",7574,2056,7.07684182730393,"1","0","0","Projection Neurons","Neuron"
"AAAGCCATGTTTTGGA","KO2",2418,1125,8.97435897435897,"0","1","1","Projection Neurons","Neuron"
"AAAGCCCAGTTTGTAC","KO2",6664,2303,4.17166866746699,"1","0","0","Projection Neurons","Neuron"
"AAAGCCCATCATATCC","KO2",7867,2901,5.69467395449345,"1","0","0","Projection Neurons","Neuron"
"AAAGCCCATGGTTGTG","KO2",2029,1045,5.42138984721538,"5","5","5","Non-Projection Neuron Cells","OBNB"
"AAAGCCCCAATTAACG","KO2",5258,2200,5.72461011791556,"4","4","4","Non-Projection Neuron Cells","Oligo"
"AAAGCCCCCGACTTTG","KO2",5318,1946,6.61902971041745,"0","1","1","Projection Neurons","Neuron"
"AAAGCCCTTTGGTATA","KO2",3870,1704,4.65116279069767,"3","3","3","Non-Projection Neuron Cells","RGP"
"AAAGCCGCCCGATGGG","KO2",6590,2578,0.698027314112291,"0","0","0","Projection Neurons","Neuron"
"AAAGCCGGGAAAACTT","KO2",3809,1735,5.82830139144132,"0","1","1","Projection Neurons","Neuron"
"AAAGCCGTCAGAGGTA","KO2",7003,2032,9.39597315436242,"0","1","1","Projection Neurons","Neuron"
"AAAGCCTCAGTAGTGT","KO2",5025,2124,6.14925373134328,"0","1","1","Projection Neurons","Neuron"
"AAAGCCTCAGTCTTCG","KO2",15776,4128,2.33265720081136,"3","3","3","Non-Projection Neuron Cells","RGP"
"AAAGCGACGGTCAACC","KO2",10847,3642,4.8216096616576,"1","0","0","Projection Neurons","Neuron"
"AAAGCGCAAGTTTTGT","KO2",14032,3867,2.79361459521095,"1","0","0","Projection Neurons","Neuron"
"AAAGCGCCTGCGGGGC","KO2",6339,2090,7.98233159804386,"0","0","0","Projection Neurons","Neuron"
"AAAGCGCTCTCATGAT","KO2",7799,3386,3.56455955891781,"6","2","2","Non-Projection Neuron Cells","aIP"
"AAAGCGCTGCCTACAT","KO2",6620,2401,3.65558912386707,"0","1","1","Projection Neurons","Neuron"
"AAAGCGGCCTCGATGT","KO2",12817,3615,3.9088710306624,"0","0","0","Projection Neurons","Neuron"
"AAAGCGGTAGTGGCAA","KO2",6199,2016,7.24310372640748,"0","0","0","Projection Neurons","Neuron"
"AAAGCGTAGGTGAGGT","KO2",15084,4062,4.45505171042164,"0","1","1","Projection Neurons","Neuron"
"AAAGCGTCAACGCGTA","KO2",8903,3039,4.57149275525104,"1","0","0","Projection Neurons","Neuron"
"AAAGCGTGAGCACTGG","KO2",18600,4981,3.75268817204301,"2","2","2","Non-Projection Neuron Cells","aIP"
"AAAGCTCCGCCGCTTT","KO2",9740,2775,3.70636550308008,"1","0","0","Projection Neurons","Neuron"
"AAAGCTGATTCTATTC","KO2",1758,1108,1.82025028441411,"2","2","2","Non-Projection Neuron Cells","aIP"
"AAAGCTGCGCTAGGAC","KO2",9029,2940,5.29405249750803,"4","4","4","Non-Projection Neuron Cells","Oligo"
"AAAGCTGGGCGCAGGT","KO2",7207,2527,5.00901900929652,"0","1","1","Projection Neurons","Neuron"
"AAAGCTGTGGAGAGTG","KO2",9705,3049,5.94538897475528,"0","0","0","Projection Neurons","Neuron"
"AAAGCTTACCATATTT","KO2",4324,1899,5.38852913968548,"0","1","1","Projection Neurons","Neuron"
"AAAGCTTATAGTTGCC","KO2",11719,3601,5.42708422220326,"1","0","0","Projection Neurons","Neuron"
"AAAGCTTCGCCCAAGG","KO2",2908,1345,5.43328748280605,"0","1","1","Projection Neurons","Neuron"
"AAAGCTTGCGTGTGCG","KO2",6731,2485,5.28896152131927,"0","1","1","Projection Neurons","Neuron"
"AAAGGAAAAATAACTC","KO2",6071,2228,5.10624279360896,"1","0","0","Projection Neurons","Neuron"
"AAAGGAACCTAAGCAC","KO2",8636,2678,2.87169986104678,"4","4","4","Non-Projection Neuron Cells","Oligo"
"AAAGGACCAAGGACGA","KO2",6175,2269,6.59109311740891,"1","0","0","Projection Neurons","Neuron"
"AAAGGACCTAATATGA","KO2",10843,3417,2.92354514433275,"2","2","2","Non-Projection Neuron Cells","aIP"
"AAAGGACCTGTATGAA","KO2",6174,2630,5.40978296080337,"6","2","2","Non-Projection Neuron Cells","aIP"
"AAAGGACGGGACTCGC","KO2",8812,2878,3.64275987290059,"0","1","1","Projection Neurons","Neuron"
"AAAGGAGGCACAATGG","KO2",1724,967,8.41067285382831,"0","1","1","Projection Neurons","Neuron"
"AAAGGAGTCTAGCTTA","KO2",9072,2909,4.56349206349206,"0","1","1","Projection Neurons","Neuron"
"AAAGGAGTGAATTTCG","KO2",4391,2126,1.98132543839672,"2","2","2","Non-Projection Neuron Cells","aIP"
"AAAGGATATCATTCTG","KO2",9110,2833,3.13940724478595,"1","0","0","Projection Neurons","Neuron"
"AAAGGATCGATGCGTA","KO2",7995,2942,2.80175109443402,"2","2","2","Non-Projection Neuron Cells","aIP"
"AAAGGATGAGCTATAC","KO2",8236,2653,4.37105390966489,"1","0","0","Projection Neurons","Neuron"
"AAAGGCAAAGTAGAAC","KO2",5089,2085,6.2487718608764,"0","0","0","Projection Neurons","Neuron"
"AAAGGCACTCTCCAGG","KO2",15540,4904,3.53281853281853,"3","3","3","Non-Projection Neuron Cells","RGP"
"AAAGGCAGATGGTGGC","KO2",2288,1204,8.39160839160839,"0","1","1","Projection Neurons","Neuron"
"AAAGGCAGGATCCCCG","KO2",9743,3061,5.11136200348968,"0","0","0","Projection Neurons","Neuron"
"AAAGGCCAGACGGATG","KO2",2042,1220,5.28893241919687,"0","1","1","Projection Neurons","Neuron"
"AAAGGCCATTCGAGGA","KO2",9324,2897,6.23123123123123,"1","0","0","Projection Neurons","Neuron"
"AAAGGCCGGGATTTTA","KO2",1721,1081,4.06740267286461,"4","4","4","Non-Projection Neuron Cells","Oligo"
"AAAGGCCTTAATATGC","KO2",8536,3325,0.890346766635427,"2","2","2","Non-Projection Neuron Cells","aIP"
"AAAGGCGTGCGGTTCT","KO2",2969,1356,6.06264735601213,"5","5","5","Non-Projection Neuron Cells","OBNB"
"AAAGGCTAGACTGGGG","KO2",2435,1395,4.92813141683778,"0","1","1","Projection Neurons","Neuron"
"AAAGGGAAGAGGACGA","KO2",8456,2735,4.67123935666982,"1","0","0","Projection Neurons","Neuron"
"AAAGGGAATTCTTCCC","KO2",5539,2262,5.28976349521574,"0","6","6","Projection Neurons","Neuron"
"AAAGGGATAGACTGAC","KO2",4959,2053,4.11373260738052,"4","3","3","Non-Projection Neuron Cells","RGP"
"AAAGGGCACCCGCTTT","KO2",3144,1833,1.30407124681934,"2","2","2","Non-Projection Neuron Cells","aIP"
"AAAGGGCACTATGGGT","KO2",4033,2054,1.8348623853211,"2","2","2","Non-Projection Neuron Cells","aIP"
"AAAGGGCGTAATGTGT","KO2",1779,1052,7.02641933670601,"0","1","1","Projection Neurons","Neuron"
"AAAGGGGAACAGTTGT","KO2",15315,4376,1.99804113614104,"3","3","3","Non-Projection Neuron Cells","RGP"
"AAAGGGGAAGGAGTCC","KO2",15554,4087,3.15031503150315,"0","6","6","Projection Neurons","Neuron"
"AAAGGGGAATGCCAGT","KO2",15240,3840,4.61286089238845,"0","0","0","Projection Neurons","Neuron"
"AAAGGGGACGGGGACT","KO2",4796,2163,8.23603002502085,"0","0","0","Projection Neurons","Neuron"
"AAAGGGGATGCTCCCA","KO2",7084,2969,3.26086956521739,"5","5","5","Non-Projection Neuron Cells","OBNB"
"AAAGGGGCGAGTCGTT","KO2",18806,4413,3.27023290439222,"1","0","0","Projection Neurons","Neuron"
"AAAGGGGTACTAAAGA","KO2",15406,4497,3.9205504348955,"0","0","0","Projection Neurons","Neuron"
"AAAGGGGTAGACGTGA","KO2",16261,4158,3.0440932291987,"3","3","3","Non-Projection Neuron Cells","RGP"
"AAAGGGGTCAGGAGTG","KO2",9131,3035,3.668820501588,"0","1","1","Projection Neurons","Neuron"
"AAAGGGGTGCTACTGC","KO2",1824,1280,2.63157894736842,"0","0","0","Projection Neurons","Neuron"
"AAAGGGTCATGGGAGA","KO2",13311,3760,4.96581774472241,"1","0","0","Projection Neurons","Neuron"
"AAAGGGTTTTTCACAT","KO2",14411,3756,4.57983484837971,"0","0","0","Projection Neurons","Neuron"
"AAAGGTACACCATGTA","KO2",3902,2094,1.94771911840082,"5","5","5","Non-Projection Neuron Cells","OBNB"
"AAAGGTATCATCCCAT","KO2",6813,2610,3.11169822398356,"3","3","3","Non-Projection Neuron Cells","RGP"
"AAAGGTGACCTGCATG","KO2",5203,1919,2.69075533346146,"0","1","1","Projection Neurons","Neuron"
"AAAGGTTAAGTTTTCA","KO2",8256,2505,3.05232558139535,"3","3","3","Non-Projection Neuron Cells","RGP"
"AAAGGTTGAGAGCGAC","KO2",17250,4217,3.78550724637681,"1","0","0","Projection Neurons","Neuron"
"AAAGTAAACATCCGAC","KO2",5231,2003,7.24526859109157,"0","1","1","Projection Neurons","Neuron"
"AAAGTAACTCAAGCCG","KO2",4316,1991,3.52177942539388,"0","1","1","Projection Neurons","Neuron"
"AAAGTAAGGGGGAGAA","KO2",11756,2932,3.87036406941136,"1","0","0","Projection Neurons","Neuron"
"AAAGTACAGCCAAGTA","KO2",3525,1670,5.13475177304965,"0","1","1","Projection Neurons","Neuron"
"AAAGTACCCGTACGGT","KO2",4823,1927,4.97615591955215,"0","0","0","Projection Neurons","Neuron"
"AAAGTACGACCCAGTC","KO2",4820,2122,5.850622406639,"0","1","1","Projection Neurons","Neuron"
"AAAGTACGGAGCCACT","KO2",20510,4526,4.5587518283764,"1","0","0","Projection Neurons","Neuron"
"AAAGTAGATTGCTCGA","KO2",6540,2470,7.67584097859327,"0","0","0","Projection Neurons","Neuron"
"AAAGTAGGATTTTGGG","KO2",13298,3428,4.3239584899985,"4","4","4","Non-Projection Neuron Cells","Oligo"
"AAAGTATCATCGAAGT","KO2",7212,2638,7.70937326677759,"0","0","0","Projection Neurons","Neuron"
"AAAGTATGACCACTTT","KO2",7709,2493,7.01777143598391,"1","0","0","Projection Neurons","Neuron"
"AAAGTATGCGGGAGAT","KO2",8789,3268,2.45761747639094,"2","2","2","Non-Projection Neuron Cells","aIP"
"AAAGTATGGGCGGAAC","KO2",7261,2478,5.23343892025892,"0","6","6","Projection Neurons","Neuron"
"AAAGTCAGAGTCTTGG","KO2",1559,900,4.87491982039769,"3","3","3","Non-Projection Neuron Cells","RGP"
"AAAGTCATAATGGTCT","KO2",7249,2350,7.07683818457718,"4","4","4","Non-Projection Neuron Cells","Oligo"
"AAAGTCGCTGTCAAAG","KO2",5630,2242,5.59502664298401,"0","0","0","Projection Neurons","Neuron"
"AAAGTCTGGGGAATGC","KO2",5024,1996,5.55334394904459,"0","1","1","Projection Neurons","Neuron"
"AAAGTCTTATAGCCTA","KO2",6201,2740,2.72536687631027,"2","2","2","Non-Projection Neuron Cells","aIP"
"AAAGTGAACGCTGGGG","KO2",8525,2679,3.58944281524927,"1","6","6","Projection Neurons","Neuron"
"AAAGTGATAAACGTCT","KO2",8061,2986,5.32192035727577,"0","1","1","Projection Neurons","Neuron"
"AAAGTGCCAGTTCAGT","KO2",13432,3822,3.94580107206671,"1","0","0","Projection Neurons","Neuron"
"AAAGTGCTGAAATCGC","KO2",3269,1522,5.26154787396757,"1","0","0","Projection Neurons","Neuron"
"AAAGTGCTTTTCTTAA","KO2",3409,994,11.5869756526841,"3","3","3","Non-Projection Neuron Cells","RGP"
"AAAGTGGAAGGCGTCA","KO2",18563,4440,3.02214081775575,"3","3","3","Non-Projection Neuron Cells","RGP"
"AAAGTGGCCCAACTCA","KO2",3610,1728,5.20775623268698,"5","5","5","Non-Projection Neuron Cells","OBNB"
"AAAGTGGCTAATTTAA","KO2",4615,2031,6.15384615384615,"1","0","0","Projection Neurons","Neuron"
"AAAGTGGTCCTGGATT","KO2",12188,3683,4.1023957991467,"3","3","3","Non-Projection Neuron Cells","RGP"
"AAAGTGGTCTGGGAAA","KO2",3019,1351,9.44021199072541,"0","0","0","Projection Neurons","Neuron"
"AAAGTGGTTTTCTAAC","KO2",18350,4735,1.86920980926431,"3","3","3","Non-Projection Neuron Cells","RGP"
"AAAGTGTCGGATAAAG","KO2",2938,1427,4.22055820285909,"0","0","0","Projection Neurons","Neuron"
"AAAGTGTGCTGCTCTA","KO2",5715,2480,5.94925634295713,"0","1","1","Projection Neurons","Neuron"
"AAAGTGTGGATACCCT","KO2",8667,2998,5.6997807776624,"1","0","0","Projection Neurons","Neuron"
"AAAGTGTTAATATTGA","KO2",4973,2280,0.864669213754273,"0","0","0","Projection Neurons","Neuron"
"AAAGTTAAGGGCATTG","KO2",2216,1214,6.31768953068592,"0","1","1","Projection Neurons","Neuron"
"AAAGTTACATATTTTA","KO2",10690,2821,3.79794200187091,"1","0","0","Projection Neurons","Neuron"
"AAAGTTACCTGGAGCC","KO2",6822,2315,4.16300205218411,"3","3","3","Non-Projection Neuron Cells","RGP"
"AAAGTTCCGTTATCGG","KO2",10252,3232,6.59383534920016,"1","0","0","Projection Neurons","Neuron"
"AAAGTTCCTCCCTGAC","KO2",6172,2265,5.13609850939728,"0","1","1","Projection Neurons","Neuron"
"AAAGTTGAAATACTAA","KO2",7943,2711,2.88304167191238,"0","0","0","Projection Neurons","Neuron"
"AAAGTTTGATACTGAG","KO2",5318,2115,8.3490033847311,"1","0","0","Projection Neurons","Neuron"
"AAAGTTTTCGACGCGG","KO2",1639,827,5.36912751677852,"0","1","1","Projection Neurons","Neuron"
"AAATAAATACGGAGCC","KO2",6113,2508,4.5967610011451,"4","4","4","Non-Projection Neuron Cells","Oligo"
"AAATAACGCGAAGGTT","KO2",3494,2016,3.11963365769891,"2","2","2","Non-Projection Neuron Cells","aIP"
"AAATAAGAAGCTTCTG","KO2",10126,3272,2.20225162946869,"2","2","2","Non-Projection Neuron Cells","aIP"
"AAATAAGACCCCAGCA","KO2",3808,1695,5.51470588235294,"0","1","1","Projection Neurons","Neuron"
"AAATAAGCACTATGCT","KO2",20932,4958,3.55436652016052,"3","3","3","Non-Projection Neuron Cells","RGP"
"AAATAATTCACTCTGT","KO2",4928,1784,8.27922077922078,"2","2","2","Non-Projection Neuron Cells","aIP"
"AAATACACACTTTGGA","KO2",11507,3975,2.69401234031459,"2","2","2","Non-Projection Neuron Cells","aIP"
"AAATACCAGTCGTCAA","KO2",9311,3384,3.89861454193964,"2","2","2","Non-Projection Neuron Cells","aIP"
"AAATACCGCCCAGTGT","KO2",11764,3495,3.21319279156749,"3","3","3","Non-Projection Neuron Cells","RGP"
"AAATACCGGTTACATA","KO2",2217,1198,5.45782589084348,"0","1","1","Projection Neurons","Neuron"
"AAATACGACGGATTGC","KO2",8715,2775,5.47332185886403,"0","0","0","Projection Neurons","Neuron"
"AAATACGAGCCCTGCC","KO2",7010,2721,4.13694721825963,"0","6","6","Projection Neurons","Neuron"
"AAATACTCTGTAACCG","KO2",22186,5151,2.83962859460921,"3","3","3","Non-Projection Neuron Cells","RGP"
"AAATACTTTCGTCGAG","KO2",3606,1606,5.74043261231281,"0","1","1","Projection Neurons","Neuron"
"AAATAGAAGGGCCGAA","KO2",13092,3666,3.23098075160403,"3","3","3","Non-Projection Neuron Cells","RGP"
"AAATAGAAGTTCTCAG","KO2",3384,1681,5.55555555555556,"0","1","1","Projection Neurons","Neuron"
"AAATAGAGAAACTATC","KO2",7593,2698,3.50322665613065,"3","3","3","Non-Projection Neuron Cells","RGP"
"AAATAGATGCACATTC","KO2",14424,4114,1.81641708264004,"2","2","2","Non-Projection Neuron Cells","aIP"
"AAATAGCGCCCTGACC","KO2",9451,3095,3.83028250978732,"1","0","0","Projection Neurons","Neuron"
"AAATAGCGCTCTAGCG","KO2",9115,2910,2.98409215578716,"0","1","1","Projection Neurons","Neuron"
"AAATAGCTCATTCTTG","KO2",15512,4045,4.29989685404848,"1","0","0","Projection Neurons","Neuron"
"AAATAGCTCTCACGCG","KO2",5052,2231,5.58194774346793,"1","0","0","Projection Neurons","Neuron"
"AAATAGGGATTAACGC","KO2",3853,1931,1.32364391383338,"3","3","3","Non-Projection Neuron Cells","RGP"
"AAATAGGGTACCGTTG","KO2",20021,4539,3.48134458818241,"1","0","0","Projection Neurons","Neuron"
"AAATAGTTGTCTGAGA","KO2",6540,2708,5.85626911314985,"0","1","1","Projection Neurons","Neuron"
"AAATATACATCTGTTC","KO2",23665,4958,2.68751320515529,"1","0","0","Projection Neurons","Neuron"
"AAATATACGCTGTCAG","KO2",1523,890,5.25279054497702,"0","1","1","Projection Neurons","Neuron"
"AAATATAGCAGACCAT","KO2",1773,922,13.3671742808799,"0","1","1","Projection Neurons","Neuron"
"AAATATATCATACGTT","KO2",5699,2524,0.877346902965432,"2","2","2","Non-Projection Neuron Cells","aIP"
"AAATATCAACATTGAG","KO2",16452,3745,4.23048869438366,"4","4","4","Non-Projection Neuron Cells","Oligo"
"AAATATCACTAGGCAT","KO2",6964,2607,3.74784606547961,"0","1","1","Projection Neurons","Neuron"
"AAATATCCTAGACATA","KO2",6383,2541,3.93232022559925,"0","1","1","Projection Neurons","Neuron"
"AAATATCGAGCATCTT","KO2",1524,697,2.29658792650919,"0","0","0","Projection Neurons","Neuron"
"AAATATCGGGCGCTTG","KO2",12449,3540,4.25737006988513,"0","6","6","Projection Neurons","Neuron"
"AAATATCTCGCAGGCA","KO2",6702,2627,6.31154879140555,"1","0","0","Projection Neurons","Neuron"
"AAATATCTTATCGTTC","KO2",11381,3345,3.71672085054037,"0","6","6","Projection Neurons","Neuron"
"AAATATGAACTGGGCC","KO2",11949,3690,3.51493848857645,"0","0","0","Projection Neurons","Neuron"
"AAATATGACTTTGGTA","KO2",6515,2622,4.25172678434382,"2","2","2","Non-Projection Neuron Cells","aIP"
"AAATATGCCTTAAGGT","KO2",5309,2182,5.29289885100772,"0","1","1","Projection Neurons","Neuron"
"AAATATGGATCCGGCC","KO2",11842,3612,5.42982604289816,"1","0","0","Projection Neurons","Neuron"
"AAATATTAGCTCCGAG","KO2",9085,2960,4.28178315905338,"1","0","0","Projection Neurons","Neuron"
"AAATATTGCGTCAATA","KO2",15722,4011,4.60501208497647,"1","0","0","Projection Neurons","Neuron"
"AAATATTGGAACATTA","KO2",2438,1387,3.77358490566038,"0","1","1","Projection Neurons","Neuron"
"AAATATTTCAACACGC","KO2",8570,3329,3.09218203033839,"2","2","2","Non-Projection Neuron Cells","aIP"
"AAATCAAATCTGTTAC","KO2",19845,4620,5.23053665910809,"1","0","0","Projection Neurons","Neuron"
"AAATCACGCTCCTACT","KO2",14903,3879,5.50895792793397,"0","6","6","Projection Neurons","Neuron"
"AAATCAGGATCCGAAT","KO2",9832,3683,3.5699755899105,"6","2","2","Non-Projection Neuron Cells","aIP"
"AAATCAGTTACTTGGC","KO2",5069,1915,7.31899782994674,"0","0","0","Projection Neurons","Neuron"
"AAATCATCAGGCTGTC","KO2",3050,1391,9.54098360655738,"0","1","1","Projection Neurons","Neuron"
"AAATCATGCATATGCT","KO2",9287,3040,3.81177990739744,"1","0","0","Projection Neurons","Neuron"
"AAATCCACCTAAAAGA","KO2",16138,4009,4.15788821415293,"1","0","0","Projection Neurons","Neuron"
"AAATCCACTGAGGGGG","KO2",7835,3462,2.1825143586471,"6","2","2","Non-Projection Neuron Cells","aIP"
"AAATCCAGCTTCGCGC","KO2",6974,2425,2.88213363923143,"3","3","3","Non-Projection Neuron Cells","RGP"
"AAATCCCGGGGAGCGC","KO2",5322,2229,5.2423900789177,"0","1","1","Projection Neurons","Neuron"
"AAATCCCGTGGGCTTC","KO2",6748,2511,6.35743924125667,"0","6","6","Projection Neurons","Neuron"
"AAATCCCTCTCGAAGG","KO2",9529,3227,5.60394584951202,"1","0","0","Projection Neurons","Neuron"
"AAATCCGATACTATGT","KO2",6538,2668,3.21199143468951,"2","2","2","Non-Projection Neuron Cells","aIP"
"AAATCCGCTAACCCCT","KO2",10651,3314,5.09811285325322,"0","0","0","Projection Neurons","Neuron"
"AAATCCGTGCCAAAAC","KO2",1858,1000,2.63724434876211,"0","1","1","Projection Neurons","Neuron"
"AAATCCGTGGAGGGCC","KO2",8384,3066,4.73520992366412,"0","1","1","Projection Neurons","Neuron"
"AAATCCTCGCACTCAG","KO2",6560,2719,6.28048780487805,"0","0","0","Projection Neurons","Neuron"
"AAATCGAACCGCACAA","KO2",8021,2719,2.49345468146116,"0","6","6","Projection Neurons","Neuron"
"AAATCGAAGCCCCTAC","KO2",6191,2357,6.15409465352932,"0","1","1","Projection Neurons","Neuron"
"AAATCGACTGCTACAT","KO2",7897,2910,4.14081296694947,"0","1","1","Projection Neurons","Neuron"
"AAATCGAGCCCACACG","KO2",3614,1505,8.27338129496403,"1","0","0","Projection Neurons","Neuron"
"AAATCGAGGACAGTCC","KO2",2806,1399,3.3856022808268,"0","1","1","Projection Neurons","Neuron"
"AAATCGCCAAACGCCC","KO2",3142,1575,5.63335455124125,"0","1","1","Projection Neurons","Neuron"
"AAATCGCGGAAAAGGA","KO2",18215,4495,3.52456766401318,"1","0","0","Projection Neurons","Neuron"
"AAATCGGCGTGTCACT","KO2",5385,2244,6.5552460538533,"2","2","2","Non-Projection Neuron Cells","aIP"
"AAATCGGCTTAACCTA","KO2",2286,1235,4.54943132108486,"0","1","1","Projection Neurons","Neuron"
"AAATCGGGAGTCTAGT","KO2",5008,2057,5.79073482428115,"1","0","0","Projection Neurons","Neuron"
"AAATCGGGCCTTTTCG","KO2",9750,2991,5.35384615384615,"0","0","0","Projection Neurons","Neuron"
"AAATCGGGGCTACCTT","KO2",2118,1180,2.78564683663834,"4","4","4","Non-Projection Neuron Cells","Oligo"
"AAATCGGTCACGGAGT","KO2",12462,3729,2.51965976568769,"2","2","2","Non-Projection Neuron Cells","aIP"
"AAATCGTACATTCTTT","KO2",15642,3900,5.90717299578059,"1","0","0","Projection Neurons","Neuron"
"AAATCGTCACGGTGTT","KO2",2647,1483,0.453343407631281,"3","3","3","Non-Projection Neuron Cells","RGP"
"AAATCTACGTGTCTGA","KO2",10155,3016,6.40078778926637,"0","6","6","Projection Neurons","Neuron"
"AAATCTAGGTAAGCGC","KO2",4531,2097,5.95894945928051,"0","1","1","Projection Neurons","Neuron"
"AAATCTAGTGTCGGCT","KO2",13587,3737,3.62846838890116,"3","3","3","Non-Projection Neuron Cells","RGP"
"AAATCTCACCTGTAAC","KO2",6047,2184,4.72961799239292,"0","0","0","Projection Neurons","Neuron"
"AAATCTCGAACCACAC","KO2",5384,2192,3.7332838038633,"4","4","4","Non-Projection Neuron Cells","Oligo"
"AAATCTGAGTCCTGGC","KO2",12669,3361,4.35709211461047,"1","0","0","Projection Neurons","Neuron"
"AAATCTGTCAGCCTCT","KO2",3169,1396,6.18491637740612,"5","5","5","Non-Projection Neuron Cells","OBNB"
"AAATCTTAGGGCTGGT","KO2",7572,2132,2.43000528262018,"3","3","3","Non-Projection Neuron Cells","RGP"
"AAATCTTGAAACGAAT","KO2",5626,2349,4.56807678634909,"0","1","1","Projection Neurons","Neuron"
"AAATCTTGTGGGGCAG","KO2",11523,3405,3.16757788770285,"3","3","3","Non-Projection Neuron Cells","RGP"
"AAATCTTTTTCCTTAT","KO2",3768,1551,6.5552016985138,"4","4","4","Non-Projection Neuron Cells","Oligo"
"AAATGAAAAACGGACA","KO2",9031,3129,3.56549662274388,"0","1","1","Projection Neurons","Neuron"
"AAATGAAAAACTCGCG","KO2",20155,4262,3.82535351029521,"1","0","0","Projection Neurons","Neuron"
"AAATGAAACTCACGCG","KO2",1524,880,1.96850393700787,"1","0","0","Projection Neurons","Neuron"
"AAATGAAGTGCACCTT","KO2",15781,3673,4.97433622710855,"1","0","0","Projection Neurons","Neuron"
"AAATGACCATGCGTGG","KO2",5395,2043,6.41334569045412,"3","3","3","Non-Projection Neuron Cells","RGP"
"AAATGACCCGACGTAT","KO2",14222,3951,2.19378427787934,"3","3","3","Non-Projection Neuron Cells","RGP"
"AAATGAGATTCATAAC","KO2",9860,3729,2.93103448275862,"4","4","4","Non-Projection Neuron Cells","Oligo"
"AAATGATATGCCTCGT","KO2",10192,3339,3.90502354788069,"1","0","0","Projection Neurons","Neuron"
"AAATGATCCTCGGTAG","KO2",22386,4872,3.35924238363263,"1","0","0","Projection Neurons","Neuron"
"AAATGATCCTTAAATA","KO2",10920,3554,0.961538461538462,"3","2","2","Non-Projection Neuron Cells","aIP"
"AAATGATCGATTGAGC","KO2",4304,2009,6.83085501858736,"0","1","1","Projection Neurons","Neuron"
"AAATGATGGGTGCATG","KO2",5933,2040,6.82622619248272,"0","0","0","Projection Neurons","Neuron"
"AAATGCAACGGCGTTA","KO2",9863,3209,5.75889688735679,"1","0","0","Projection Neurons","Neuron"
"AAATGCAATAATGCTA","KO2",9556,3108,4.63583089158644,"0","0","0","Projection Neurons","Neuron"
"AAATGCACCATTCCTG","KO2",13333,4657,1.80754518862972,"6","2","2","Non-Projection Neuron Cells","aIP"
"AAATGCACGTTATTGT","KO2",5184,1844,5.40123456790123,"1","0","0","Projection Neurons","Neuron"
"AAATGCAGGGCACTAA","KO2",4200,1571,3.80952380952381,"1","0","0","Projection Neurons","Neuron"
"AAATGCATAGGTCATG","KO2",2412,967,5.92868988391376,"1","0","0","Projection Neurons","Neuron"
"AAATGCATCGGGCCAG","KO2",6169,2467,4.27946182525531,"0","1","1","Projection Neurons","Neuron"
"AAATGCCAAGCCCCGA","KO2",8589,2983,3.79555245080917,"0","0","0","Projection Neurons","Neuron"
"AAATGCCCGCGCCGAC","KO2",7043,2792,5.08306119551328,"0","1","1","Projection Neurons","Neuron"
"AAATGCCGAGTTGGGC","KO2",4376,1955,3.42778793418647,"0","1","1","Projection Neurons","Neuron"
"AAATGCCGCAGCTAAG","KO2",6805,2483,4.98163115356356,"0","1","1","Projection Neurons","Neuron"
"AAATGCCGCCTAGGTT","KO2",3280,1545,7.10365853658536,"0","1","1","Projection Neurons","Neuron"
"AAATGCGCACATATGG","KO2",1594,822,7.40276035131744,"0","1","1","Projection Neurons","Neuron"
"AAATGCGCCAGAGTGA","KO2",4385,1934,3.78563283922463,"0","1","1","Projection Neurons","Neuron"
"AAATGCGCCGGCTTAG","KO2",2141,1227,4.71742176553013,"4","4","4","Non-Projection Neuron Cells","Oligo"
"AAATGCGCTTCCAAGA","KO2",5459,1793,6.77779813152592,"1","0","0","Projection Neurons","Neuron"
"AAATGCTGATTCACGG","KO2",16327,3958,6.67605806333068,"1","0","0","Projection Neurons","Neuron"
"AAATGGACAATGAATG","KO2",3260,1459,5.12269938650307,"4","4","4","Non-Projection Neuron Cells","Oligo"
"AAATGGACCCCGTGTT","KO2",9983,3409,4.00681157968546,"0","1","1","Projection Neurons","Neuron"
"AAATGGACGGCAACGT","KO2",4694,2173,5.0063911376225,"0","1","1","Projection Neurons","Neuron"
"AAATGGAGCTGTACGG","KO2",16404,4099,5.54133138258961,"1","0","0","Projection Neurons","Neuron"
"AAATGGCACGTGCATT","KO2",12356,3485,4.80738102945937,"1","0","0","Projection Neurons","Neuron"
"AAATGGCCCATAATTG","KO2",7798,2855,5.09104898691972,"0","1","1","Projection Neurons","Neuron"
"AAATGGCGCAAAAAGG","KO2",3505,1584,6.61911554921541,"5","5","5","Non-Projection Neuron Cells","OBNB"
"AAATGGCGTACGCGGT","KO2",5612,2111,6.04062722736992,"0","1","1","Projection Neurons","Neuron"
"AAATGGGCTATTCATG","KO2",10397,3851,5.07838799653746,"1","0","0","Projection Neurons","Neuron"
"AAATGGGGCTTAATTA","KO2",7185,2676,4.64857341684064,"0","1","1","Projection Neurons","Neuron"
"AAATGGTGCCATGTTA","KO2",6880,2537,6.14825581395349,"1","0","0","Projection Neurons","Neuron"
"AAATGGTGTTAGAGAG","KO2",12764,3904,4.53619554998433,"0","3","3","Non-Projection Neuron Cells","RGP"
"AAATGTACACGAGGTT","KO2",2016,1153,4.61309523809524,"0","1","1","Projection Neurons","Neuron"
"AAATGTACCAGGAATA","KO2",8141,2290,4.4589116816116,"1","0","0","Projection Neurons","Neuron"
"AAATGTCCCACTTCCT","KO2",12460,3646,3.69983948635634,"0","1","1","Projection Neurons","Neuron"
"AAATGTGCCTCACGAC","KO2",3213,1607,3.2057267351385,"2","1","1","Projection Neurons","Neuron"
"AAATGTGGGCTCTACT","KO2",4617,2110,6.62768031189084,"0","0","0","Projection Neurons","Neuron"
"AAATGTGTAGCTCACA","KO2",6452,2612,4.57222566646001,"0","1","1","Projection Neurons","Neuron"
"AAATGTTCACCAGATA","KO2",3545,1528,2.87729196050776,"1","0","0","Projection Neurons","Neuron"
"AAATGTTCGACCGGAT","KO2",3168,1421,13.9204545454545,"1","0","0","Projection Neurons","Neuron"
"AAATGTTCGAGGCGCC","KO2",2606,1151,0.115118956254797,"2","2","2","Non-Projection Neuron Cells","aIP"
"AAATGTTCGTGTAATC","KO2",6655,2366,5.27422990232908,"0","1","1","Projection Neurons","Neuron"
"AAATGTTGAATTATGG","KO2",6233,2517,3.97882239691962,"0","1","1","Projection Neurons","Neuron"
"AAATGTTTCGAGACGG","KO2",1841,1025,1.19500271591526,"0","1","1","Projection Neurons","Neuron"
"AAATTAAAACGGGAAG","KO2",6125,2672,2.62857142857143,"2","2","2","Non-Projection Neuron Cells","aIP"
"AAATTACCCTAGCCAT","KO2",17565,3969,2.78394534585824,"1","0","0","Projection Neurons","Neuron"
"AAATTACCGTTGGTCT","KO2",5795,2517,5.97066436583261,"0","1","1","Projection Neurons","Neuron"
"AAATTACGATATGGCA","KO2",9327,3020,2.34802187198456,"2","2","2","Non-Projection Neuron Cells","aIP"
"AAATTACGGCTGCCGT","KO2",7731,2654,4.54016298020955,"3","3","3","Non-Projection Neuron Cells","RGP"
"AAATTAGCCCATGTTT","KO2",4599,1848,5.02283105022831,"0","0","0","Projection Neurons","Neuron"
"AAATTAGCGATGATCC","KO2",18244,4447,4.07805305853979,"3","3","3","Non-Projection Neuron Cells","RGP"
"AAATTAGGAAGAGTGA","KO2",13280,4170,4.46536144578313,"0","0","0","Projection Neurons","Neuron"
"AAATTAGTCGGAGATC","KO2",7925,3162,4.76971608832808,"0","0","0","Projection Neurons","Neuron"
"AAATTATCGCATGGGG","KO2",8233,2822,4.57913275841127,"0","1","1","Projection Neurons","Neuron"
"AAATTATCTCTCACTG","KO2",9132,3101,2.75952693823916,"2","2","2","Non-Projection Neuron Cells","aIP"
"AAATTATTAATCTGGA","KO2",9965,3211,4.3452082288008,"0","0","0","Projection Neurons","Neuron"
"AAATTCAATTATCATC","KO2",8458,2900,5.07212106881059,"0","1","1","Projection Neurons","Neuron"
"AAATTCACCAGCCAAA","KO2",2616,1390,6.76605504587156,"0","1","1","Projection Neurons","Neuron"
"AAATTCACTCTGCACC","KO2",6721,2474,5.37122452016069,"0","1","1","Projection Neurons","Neuron"
"AAATTCATAGTGCATA","KO2",8021,2909,4.2887420521132,"0","1","1","Projection Neurons","Neuron"
"AAATTCCCCTACTGGG","KO2",9720,3164,4.72222222222222,"0","6","6","Projection Neurons","Neuron"
"AAATTCCCCTAGGCGC","KO2",18233,4474,3.40591235671584,"3","3","3","Non-Projection Neuron Cells","RGP"
"AAATTCCTAATGTAGG","KO2",7394,2535,7.74952664322424,"0","1","1","Projection Neurons","Neuron"
"AAATTCGCATCCTAGC","KO2",5481,2247,2.73672687465791,"3","3","3","Non-Projection Neuron Cells","RGP"
"AAATTCTAAGGAGTTT","KO2",13869,3945,4.4992429158555,"1","0","0","Projection Neurons","Neuron"
"AAATTCTCATGTGGCT","KO2",2464,1396,5.39772727272727,"0","1","1","Projection Neurons","Neuron"
"AAATTCTGAGGGCGGG","KO2",19525,4300,3.52880921895006,"1","0","0","Projection Neurons","Neuron"
"AAATTCTGTAACACTG","KO2",2826,1516,3.07855626326964,"0","1","1","Projection Neurons","Neuron"
"AAATTGAAATCTGCTT","KO2",11348,3505,5.09340853013747,"1","0","0","Projection Neurons","Neuron"
"AAATTGAACTCCGGTA","KO2",4204,1846,5.92293054234063,"1","0","0","Projection Neurons","Neuron"
"AAATTGAAGGACGTAC","KO2",4979,1919,4.27796746334605,"0","1","1","Projection Neurons","Neuron"
"AAATTGAGTCTAGTCA","KO2",6624,2521,4.03079710144928,"0","1","1","Projection Neurons","Neuron"
"AAATTGCGTAAAATCT","KO2",5031,2230,5.14808189226794,"0","1","1","Projection Neurons","Neuron"
"AAATTGGAATTATATC","KO2",6539,2609,5.96421471172962,"0","1","1","Projection Neurons","Neuron"
"AAATTGGACTTTCAGG","KO2",6291,2460,3.86266094420601,"0","0","0","Projection Neurons","Neuron"
"AAATTGGCAGTTCTTG","KO2",3304,1870,0.968523002421308,"2","2","2","Non-Projection Neuron Cells","aIP"
"AAATTGTCGTAGGGGT","KO2",7814,2908,3.76247760429997,"4","4","4","Non-Projection Neuron Cells","Oligo"
"AAATTGTGCTATCTTG","KO2",24341,4998,3.98915410213221,"3","3","3","Non-Projection Neuron Cells","RGP"
"AAATTGTTCTACTGGA","KO2",3706,1601,7.77118186724231,"5","5","5","Non-Projection Neuron Cells","OBNB"
"AAATTGTTCTTGAATT","KO2",6676,2670,4.94307968843619,"0","0","0","Projection Neurons","Neuron"
"AAATTGTTTGGACGCA","KO2",10242,3313,4.06170669791056,"0","1","1","Projection Neurons","Neuron"
"AAATTTAAAGGCTCCG","KO2",7071,2936,2.89916560599632,"1","0","0","Projection Neurons","Neuron"
"AAATTTAACCTGGAAG","KO2",8409,2772,5.49411344987513,"0","0","0","Projection Neurons","Neuron"
"AAATTTAGGTGACTCA","KO2",16522,3740,2.50574990921196,"3","3","3","Non-Projection Neuron Cells","RGP"
"AACAAAATGGTGCTTG","KO2",5126,2279,3.27740928599298,"2","2","2","Non-Projection Neuron Cells","aIP"
"AACAAACATTTTCCAA","KO2",19011,4971,3.45063384356425,"0","6","6","Projection Neurons","Neuron"
"AACAAACGACCGGGGA","KO2",7165,2630,5.06629448709002,"3","3","3","Non-Projection Neuron Cells","RGP"
"AACAAACTTGTGAGCA","KO2",12056,3622,3.61645653616457,"0","0","0","Projection Neurons","Neuron"
"AACAAAGAACTTGAGC","KO2",7113,2788,6.98720652326726,"0","1","1","Projection Neurons","Neuron"
"AACAAAGAATTCTGTC","KO2",10406,3485,3.18085719777052,"1","0","0","Projection Neurons","Neuron"
"AACAAAGAGAATTCCC","KO2",5797,2304,4.67483180955667,"0","1","1","Projection Neurons","Neuron"
"AACAAAGCGTTCTGGA","KO2",8852,3076,2.67736104835065,"0","1","1","Projection Neurons","Neuron"
"AACAAAGGCGTTGTCC","KO2",13704,3693,5.09340338587274,"4","4","4","Non-Projection Neuron Cells","Oligo"
"AACAAAGTTGCCGAAC","KO2",11112,3411,4.90460763138949,"0","0","0","Projection Neurons","Neuron"
"AACAAATCCGTCATCT","KO2",9123,3066,4.63663268661624,"1","0","0","Projection Neurons","Neuron"
"AACAAATCGTATTTGT","KO2",12862,3919,5.16249416886954,"2","2","2","Non-Projection Neuron Cells","aIP"
"AACAAATCTAGCCTTC","KO2",7303,2407,5.79214021634944,"0","0","0","Projection Neurons","Neuron"
"AACAAATGACGGTCTT","KO2",14839,4209,2.23734753015702,"2","2","2","Non-Projection Neuron Cells","aIP"
"AACAAATGTGGGAGAA","KO2",3608,1494,10.1441241685144,"1","0","0","Projection Neurons","Neuron"
"AACAAATTCAAATTGA","KO2",2434,1152,4.14954806902219,"4","4","4","Non-Projection Neuron Cells","Oligo"
"AACAACACAGCATACC","KO2",7778,2769,4.92414502442787,"0","1","1","Projection Neurons","Neuron"
"AACAACACCCCCCCGA","KO2",10364,2929,3.41566962562717,"3","3","3","Non-Projection Neuron Cells","RGP"
"AACAACAGATGATACC","KO2",15371,3618,4.69065122633531,"4","3","3","Non-Projection Neuron Cells","RGP"
"AACAACAGGAGTCTCA","KO2",7668,2945,4.01669274908712,"0","1","1","Projection Neurons","Neuron"
"AACAACCTCTGCCCCA","KO2",9005,3810,1.78789561354803,"3","3","3","Non-Projection Neuron Cells","RGP"
"AACAACGAATAGGGCT","KO2",2347,1161,4.13293566254793,"1","0","0","Projection Neurons","Neuron"
"AACAACGACACACTTG","KO2",7172,2656,4.74065811489124,"4","4","4","Non-Projection Neuron Cells","Oligo"
"AACAACGTCATGGGGT","KO2",10310,3250,5.24733268671193,"0","0","0","Projection Neurons","Neuron"
"AACAACTAGCGATGGC","KO2",16245,4165,4.38288704216682,"2","2","2","Non-Projection Neuron Cells","aIP"
"AACAACTTTTCATGGT","KO2",11391,3687,3.27451496795716,"4","4","4","Non-Projection Neuron Cells","Oligo"
"AACAAGACTAGCCACA","KO2",4755,1936,3.11251314405889,"0","1","1","Projection Neurons","Neuron"
"AACAAGACTCCTATAG","KO2",9288,3217,3.26227390180879,"2","2","2","Non-Projection Neuron Cells","aIP"
"AACAAGATGAAATTCG","KO2",2349,1307,8.08854831843338,"0","1","1","Projection Neurons","Neuron"
"AACAAGCAAAGTTACC","KO2",6605,2582,6.60105980317941,"0","0","0","Projection Neurons","Neuron"
"AACAAGCAAGGCATGA","KO2",7694,2835,4.49701065765532,"0","1","1","Projection Neurons","Neuron"
"AACAAGCACCCCGGTT","KO2",10856,3966,4.06226971260133,"6","2","2","Non-Projection Neuron Cells","aIP"
"AACAAGGAACTTTTTC","KO2",10201,3019,3.90157827663955,"1","0","0","Projection Neurons","Neuron"
"AACAAGGACATATTGT","KO2",2520,1224,5.07936507936508,"0","1","1","Projection Neurons","Neuron"
"AACAAGGCTCGGGATG","KO2",7839,2377,4.91134073223625,"0","0","0","Projection Neurons","Neuron"
"AACAAGGTATCGAGTT","KO2",7935,2697,4.940138626339,"1","0","0","Projection Neurons","Neuron"
"AACAAGTAGCATAGAT","KO2",7064,2383,7.04983012457531,"0","0","0","Projection Neurons","Neuron"
"AACAAGTCATCCGACA","KO2",5857,2260,4.52450059757555,"2","2","2","Non-Projection Neuron Cells","aIP"
"AACAAGTCGTACCACT","KO2",1549,930,1.80761781794706,"5","5","5","Non-Projection Neuron Cells","OBNB"
"AACAAGTCTAACGCTC","KO2",7959,2713,7.1742681241362,"3","3","3","Non-Projection Neuron Cells","RGP"
"AACAAGTCTAAGCCTG","KO2",6975,2632,3.71326164874552,"2","2","2","Non-Projection Neuron Cells","aIP"
"AACAAGTCTTATTAAG","KO2",2809,1356,7.65396938412246,"0","1","1","Projection Neurons","Neuron"
"AACAAGTGGTTGCCGT","KO2",13269,3714,3.52701786118019,"3","3","3","Non-Projection Neuron Cells","RGP"
"AACAAGTTAGCTTTTG","KO2",13121,3902,4.35942382440363,"1","0","0","Projection Neurons","Neuron"
"AACAAGTTGTCCGATC","KO2",1708,941,5.44496487119438,"0","1","1","Projection Neurons","Neuron"
"AACAATAACACACTGA","KO2",6265,2373,6.14525139664804,"1","0","0","Projection Neurons","Neuron"
"AACAATAACCTTTTGG","KO2",7301,2732,4.84865086974387,"0","0","0","Projection Neurons","Neuron"
"AACAATACTTATATTA","KO2",15269,3709,4.53860763638745,"1","0","0","Projection Neurons","Neuron"
"AACAATATGGGGTATT","KO2",8048,2990,4.32405566600398,"1","0","0","Projection Neurons","Neuron"
"AACAATCCTGAACTGA","KO2",6553,2421,4.76117808637265,"0","1","1","Projection Neurons","Neuron"
"AACAATCTAATCTTGA","KO2",6318,2273,6.99588477366255,"0","1","1","Projection Neurons","Neuron"
"AACAATCTTAGCAACT","KO2",16300,4124,4.12269938650307,"1","0","0","Projection Neurons","Neuron"
"AACAATGCGCGAGCAT","KO2",8329,2753,4.53835994717253,"0","6","6","Projection Neurons","Neuron"
"AACAATGCTCAATTCC","KO2",9109,2687,4.58886815237677,"0","0","0","Projection Neurons","Neuron"
"AACAATGGGGACGAAC","KO2",6427,2084,3.04963435506457,"4","4","4","Non-Projection Neuron Cells","Oligo"
"AACAATGGTCGCAAGC","KO2",11168,3235,3.71597421203438,"2","2","2","Non-Projection Neuron Cells","aIP"
"AACAATTCCGAGCATA","KO2",16269,4209,3.96459524248571,"1","0","0","Projection Neurons","Neuron"
"AACAATTCTTTTCGCT","KO2",6015,2667,3.40814630091438,"2","2","2","Non-Projection Neuron Cells","aIP"
"AACACAAAAAGTCCCA","KO2",14411,4117,1.88744708902921,"2","2","2","Non-Projection Neuron Cells","aIP"
"AACACAACATCTTTAC","KO2",2222,1144,0.54005400540054,"2","2","2","Non-Projection Neuron Cells","aIP"
"AACACAAGAAACTGCG","KO2",1536,825,7.03125,"0","1","1","Projection Neurons","Neuron"
"AACACACCAAGCGACG","KO2",18926,4296,3.60350840114129,"1","0","0","Projection Neurons","Neuron"
"AACACACCCGCTTTGG","KO2",12279,3514,4.63392784428699,"0","0","0","Projection Neurons","Neuron"
"AACACAGGGCCACCAA","KO2",10094,3205,5.33980582524272,"1","0","0","Projection Neurons","Neuron"
"AACACAGGGTGGACTA","KO2",2035,1134,6.63390663390663,"0","1","1","Projection Neurons","Neuron"
"AACACAGTCGGGGCTA","KO2",8360,3134,5.08373205741627,"3","3","3","Non-Projection Neuron Cells","RGP"
"AACACAGTGGTTAGGG","KO2",7743,2955,2.38925481079685,"2","2","2","Non-Projection Neuron Cells","aIP"
"AACACATCTTTCGCGT","KO2",8547,2969,4.11840411840412,"1","0","0","Projection Neurons","Neuron"
"AACACCATACGGAGTC","KO2",5814,2331,4.47196422428621,"0","1","1","Projection Neurons","Neuron"
"AACACCATGCTCACGA","KO2",14123,3590,3.84479218296396,"1","0","0","Projection Neurons","Neuron"
"AACACCATTGCAATGA","KO2",4195,1673,4.88676996424315,"0","1","1","Projection Neurons","Neuron"
"AACACCTATAAGCACC","KO2",4719,2062,6.31489722398813,"0","1","1","Projection Neurons","Neuron"
"AACACCTCAGGGGAGC","KO2",6259,2419,5.14459178782553,"3","3","3","Non-Projection Neuron Cells","RGP"
"AACACCTCGCCATTTG","KO2",2888,1418,4.05124653739612,"2","2","2","Non-Projection Neuron Cells","aIP"
"AACACCTTTTAGAGTA","KO2",10791,3339,4.72616068946344,"0","1","1","Projection Neurons","Neuron"
"AACACGAATCTTTGCG","KO2",2626,1314,5.9025133282559,"1","0","0","Projection Neurons","Neuron"
"AACACGAGGAGCTGGA","KO2",7567,3144,0.515395797541959,"3","3","3","Non-Projection Neuron Cells","RGP"
"AACACGCAGAGCCATA","KO2",16686,4158,3.03248232050821,"1","0","0","Projection Neurons","Neuron"
"AACACGCATCGGGATT","KO2",6625,2419,3.92452830188679,"0","0","0","Projection Neurons","Neuron"
"AACACGCCAAGAGAGA","KO2",3452,1746,6.22827346465817,"0","1","1","Projection Neurons","Neuron"
"AACACGCCTATGGCAG","KO2",6010,2461,4.97504159733777,"0","1","1","Projection Neurons","Neuron"
"AACACGCTAGTATCAG","KO2",4144,1773,6.29826254826255,"0","1","1","Projection Neurons","Neuron"
"AACACGCTGGACTCTT","KO2",12798,3429,4.37568370057822,"1","0","0","Projection Neurons","Neuron"
"AACACGGCAACTTTTT","KO2",16181,3892,4.04177739323898,"1","0","0","Projection Neurons","Neuron"
"AACACGGCGGGCCCCG","KO2",4314,2016,6.72229949003245,"0","1","1","Projection Neurons","Neuron"
"AACACGTCAAGACAAG","KO2",15152,3731,4.93664202745512,"1","0","0","Projection Neurons","Neuron"
"AACACGTTACGCCGGG","KO2",7862,2888,2.83642838972272,"0","1","1","Projection Neurons","Neuron"
"AACACTAAGACGGCTA","KO2",1571,977,12.9217059197963,"1","0","0","Projection Neurons","Neuron"
"AACACTACAATTGTAA","KO2",4848,2494,8.02392739273927,"1","0","0","Projection Neurons","Neuron"
"AACACTACATAGACTT","KO2",11664,3372,3.90946502057613,"0","0","0","Projection Neurons","Neuron"
"AACACTATGTACGTCC","KO2",1601,975,12.3048094940662,"1","0","0","Projection Neurons","Neuron"
"AACACTCACTCAGCTG","KO2",7384,2697,5.52546045503792,"0","0","0","Projection Neurons","Neuron"
"AACACTCGTGTCACCG","KO2",9811,3058,3.57761696055448,"0","0","0","Projection Neurons","Neuron"
"AACACTGCCACACGTA","KO2",4875,2053,5.41538461538462,"1","0","0","Projection Neurons","Neuron"
"AACACTTAGGTGAAAT","KO2",11030,3924,3.72620126926564,"2","2","2","Non-Projection Neuron Cells","aIP"
"AACACTTTCATGCAGT","KO2",7257,2680,4.90560837811768,"0","1","1","Projection Neurons","Neuron"
"AACAGAAAGACAACAT","KO2",10635,3189,4.58862247296662,"1","0","0","Projection Neurons","Neuron"
"AACAGACAACCGCCAA","KO2",18442,4551,4.15898492571305,"0","6","6","Projection Neurons","Neuron"
"AACAGACAATTTCTTT","KO2",9409,3070,3.3691146774365,"4","4","4","Non-Projection Neuron Cells","Oligo"
"AACAGAGAAGGTCACG","KO2",7938,3261,2.02821869488536,"6","2","2","Non-Projection Neuron Cells","aIP"
"AACAGAGCCGGCGTCG","KO2",7315,2679,7.20437457279563,"1","0","0","Projection Neurons","Neuron"
"AACAGAGGAGCCGCGC","KO2",2638,1233,6.29264594389689,"0","1","1","Projection Neurons","Neuron"
"AACAGAGGGTCCAGAC","KO2",9989,3245,5.93653018320152,"0","0","0","Projection Neurons","Neuron"
"AACAGAGTTCCCCGAA","KO2",5228,1960,4.07421576128539,"5","5","5","Non-Projection Neuron Cells","OBNB"
"AACAGATAGTGCGTGT","KO2",2896,1471,6.07734806629834,"1","0","0","Projection Neurons","Neuron"
"AACAGATGTGATCACT","KO2",8216,2719,6.4143135345667,"1","0","0","Projection Neurons","Neuron"
"AACAGATTACAGTTTC","KO2",2435,1276,4.96919917864476,"0","1","1","Projection Neurons","Neuron"
"AACAGCAAAGACACCG","KO2",4388,2021,2.57520510483136,"2","2","2","Non-Projection Neuron Cells","aIP"
"AACAGCACTGGCACGG","KO2",11488,3158,5.77123955431755,"1","0","0","Projection Neurons","Neuron"
"AACAGCCGAGGAAAAC","KO2",8008,2836,6.96803196803197,"0","0","0","Projection Neurons","Neuron"
"AACAGCCGATACTTTA","KO2",2134,1127,7.68509840674789,"0","1","1","Projection Neurons","Neuron"
"AACAGCCGGTTAGGCG","KO2",4082,1803,4.8015678588927,"0","1","1","Projection Neurons","Neuron"
"AACAGCCGTGTCCATA","KO2",10611,3171,3.89218735274715,"1","0","0","Projection Neurons","Neuron"
"AACAGCCGTTCCATGA","KO2",6909,2551,5.63033724127949,"0","1","1","Projection Neurons","Neuron"
"AACAGCGAAATCTCAA","KO2",5593,2318,7.83121759342035,"0","1","1","Projection Neurons","Neuron"
"AACAGCGAACCTTACT","KO2",14077,3969,3.28194927896569,"4","4","4","Non-Projection Neuron Cells","Oligo"
"AACAGCGGGAGTCACT","KO2",4064,1611,7.94783464566929,"4","4","4","Non-Projection Neuron Cells","Oligo"
"AACAGCGTCTTTTGCA","KO2",6306,2316,5.56612749762131,"3","3","3","Non-Projection Neuron Cells","RGP"
"AACAGCGTGGGTAGAT","KO2",6823,2623,5.77458595925546,"0","1","1","Projection Neurons","Neuron"
"AACAGCTACTACGGTG","KO2",2852,1417,5.08415147265077,"1","0","0","Projection Neurons","Neuron"
"AACAGCTCAGACTCCG","KO2",10167,3020,3.78676108980033,"3","3","3","Non-Projection Neuron Cells","RGP"
"AACAGCTCTTGAGAGG","KO2",1884,1001,3.76857749469214,"3","3","3","Non-Projection Neuron Cells","RGP"
"AACAGCTGCGTAGATA","KO2",2880,1417,2.67361111111111,"0","1","1","Projection Neurons","Neuron"
"AACAGCTGTGCACTCT","KO2",7632,2610,5.07075471698113,"0","0","0","Projection Neurons","Neuron"
"AACAGGAACACTAGGG","KO2",3949,1697,3.49455558369207,"3","3","3","Non-Projection Neuron Cells","RGP"
"AACAGGCAAGGACGAA","KO2",6279,2455,5.08042681955725,"1","0","0","Projection Neurons","Neuron"
"AACAGGCCTATGCTTG","KO2",13226,3703,3.34190231362468,"2","2","2","Non-Projection Neuron Cells","aIP"
"AACAGGCGTGGAGCAC","KO2",4174,1970,0.239578342117873,"3","3","3","Non-Projection Neuron Cells","RGP"
"AACAGGGACTTTGTGC","KO2",13105,3671,4.0518885921404,"1","0","0","Projection Neurons","Neuron"
"AACAGGGATAAGCATT","KO2",3855,1770,4.40985732814527,"0","1","1","Projection Neurons","Neuron"
"AACAGGGGGTGAAGGG","KO2",3912,1769,8.20552147239264,"0","1","1","Projection Neurons","Neuron"
"AACAGGGGTACACTCC","KO2",5053,2207,5.9370670888581,"0","1","1","Projection Neurons","Neuron"
"AACAGGGTAGAAAACA","KO2",3026,1426,6.31196298744217,"0","1","1","Projection Neurons","Neuron"
"AACAGTATAGTACACC","KO2",5369,2654,3.4643322778916,"6","2","2","Non-Projection Neuron Cells","aIP"
"AACAGTCCCGTGCAAC","KO2",7471,2862,3.09195556150448,"0","1","1","Projection Neurons","Neuron"
"AACAGTCTTCAACATG","KO2",7828,2999,2.24833929483904,"2","2","2","Non-Projection Neuron Cells","aIP"
"AACAGTGCCAACGCGT","KO2",7666,2773,4.56561440125228,"0","1","1","Projection Neurons","Neuron"
"AACAGTGCTACTTGGA","KO2",1830,934,8.30601092896175,"5","5","5","Non-Projection Neuron Cells","OBNB"
"AACAGTTCCACCCGAT","KO2",3961,1773,6.13481444079778,"0","1","1","Projection Neurons","Neuron"
"AACAGTTTAGAGGCTA","KO2",3222,1214,8.62818125387958,"0","0","0","Projection Neurons","Neuron"
"AACAGTTTTTCGTCTA","KO2",5388,2365,4.58426132145509,"0","1","1","Projection Neurons","Neuron"
"AACATAACATATTGGA","KO2",5808,1962,5.73347107438017,"0","1","1","Projection Neurons","Neuron"
"AACATACACTACATTG","KO2",7051,2478,7.58757623032194,"0","6","6","Projection Neurons","Neuron"
"AACATACCTGCCATAA","KO2",7104,2637,5.27871621621622,"0","1","1","Projection Neurons","Neuron"
"AACATAGATCGCGCGC","KO2",2210,1139,11.0407239819005,"0","1","1","Projection Neurons","Neuron"
"AACATAGGAGCTGAGC","KO2",32781,5942,3.8863976083707,"3","3","3","Non-Projection Neuron Cells","RGP"
"AACATATAAGAGTACA","KO2",1847,1241,7.09258256632377,"0","0","0","Projection Neurons","Neuron"
"AACATATATTTTCTGG","KO2",20275,4608,4.04932182490752,"0","0","0","Projection Neurons","Neuron"
"AACATATCTGTTCCAC","KO2",21643,4693,3.11879129510696,"1","0","0","Projection Neurons","Neuron"
"AACATATGAGCACTGA","KO2",5841,2367,5.03338469440164,"0","1","1","Projection Neurons","Neuron"
"AACATCAAGGGGAAAG","KO2",2755,1352,2.79491833030853,"0","6","6","Projection Neurons","Neuron"
"AACATCACAGGACAAC","KO2",11575,3412,3.0755939524838,"0","0","0","Projection Neurons","Neuron"
"AACATCACTTCCCGTA","KO2",6360,2483,4.41823899371069,"0","1","1","Projection Neurons","Neuron"
"AACATCCCCGGACAGT","KO2",1758,1026,4.20932878270762,"0","1","1","Projection Neurons","Neuron"
"AACATCCCGCTCGTGC","KO2",12698,3653,4.4022680737124,"0","0","0","Projection Neurons","Neuron"
"AACATCGCCTGGAATC","KO2",8769,3267,2.65708746721405,"1","0","0","Projection Neurons","Neuron"
"AACATCGGCCGTAGCT","KO2",7475,2709,5.24414715719064,"0","1","1","Projection Neurons","Neuron"
"AACATCGGTGCATGCT","KO2",5054,2057,6.05461020973486,"1","0","0","Projection Neurons","Neuron"
"AACATCGTGCCGACGC","KO2",4076,1545,7.23748773307164,"0","0","0","Projection Neurons","Neuron"
"AACATCTCCTCCCCGG","KO2",13171,3671,5.17045023156936,"1","0","0","Projection Neurons","Neuron"
"AACATCTGCATGGATA","KO2",9315,2802,4.15458937198068,"1","0","0","Projection Neurons","Neuron"
"AACATGAAAATAAACA","KO2",2669,1361,9.36680404645935,"0","1","1","Projection Neurons","Neuron"
"AACATGACAGCCGAGT","KO2",7505,2248,6.78214523650899,"1","0","0","Projection Neurons","Neuron"
"AACATGACCCTTTCCC","KO2",16539,3858,2.93246266400629,"3","3","3","Non-Projection Neuron Cells","RGP"
"AACATGAGTCTGAACC","KO2",14892,3844,7.5208165457964,"1","0","0","Projection Neurons","Neuron"
"AACATGATTTGAAAGG","KO2",13348,3801,4.68234941564279,"1","0","0","Projection Neurons","Neuron"
"AACATGCAACGGCCAA","KO2",7737,2754,2.27478350781957,"3","3","3","Non-Projection Neuron Cells","RGP"
"AACATGCCGAGACGAT","KO2",7341,2615,3.06497752349816,"3","3","3","Non-Projection Neuron Cells","RGP"
"AACATGCGAGCGACAC","KO2",5417,1867,6.09193280413513,"1","0","0","Projection Neurons","Neuron"
"AACATGCGATAAAATT","KO2",10855,3200,3.86918470750806,"1","0","0","Projection Neurons","Neuron"
"AACATGCGTTGAAGGG","KO2",4538,1687,4.53944468929044,"3","3","3","Non-Projection Neuron Cells","RGP"
"AACATGCTTAGACAAT","KO2",10358,3102,3.53350067580614,"0","1","1","Projection Neurons","Neuron"
"AACATGGGCCCGCCAA","KO2",3869,1850,1.83509950891703,"2","2","2","Non-Projection Neuron Cells","aIP"
"AACATGTGGTTGGCGC","KO2",4418,1941,5.52286102308737,"0","1","1","Projection Neurons","Neuron"
"AACATTAATAGGGTGG","KO2",9429,3382,2.55594442676848,"2","2","2","Non-Projection Neuron Cells","aIP"
"AACATTATACCGCGGG","KO2",9301,3453,3.24696269218364,"2","2","2","Non-Projection Neuron Cells","aIP"
"AACATTATATGCGTGG","KO2",5667,2689,1.76460208223046,"2","2","2","Non-Projection Neuron Cells","aIP"
"AACATTCCCCTACACT","KO2",8850,2902,4.46327683615819,"0","0","0","Projection Neurons","Neuron"
"AACATTCCTCTACGCG","KO2",14011,3786,5.47427021625865,"0","0","0","Projection Neurons","Neuron"
"AACATTGACTCGGGGA","KO2",9807,3028,4.62934638523504,"0","0","0","Projection Neurons","Neuron"
"AACATTGTAGTGTACC","KO2",6301,2327,5.90382478971592,"0","0","0","Projection Neurons","Neuron"
"AACATTGTGTTTTTTA","KO2",13745,4357,4.00873044743543,"1","0","0","Projection Neurons","Neuron"
"AACATTTTAACCGCAC","KO2",8942,3059,5.01006486244688,"0","0","0","Projection Neurons","Neuron"
"AACATTTTCATAGTCG","KO2",7408,3104,3.61771058315335,"1","0","0","Projection Neurons","Neuron"
"AACATTTTGTACACAC","KO2",13038,3489,2.63844147875441,"3","3","3","Non-Projection Neuron Cells","RGP"
"AACCAAACTGTATTGT","KO2",10554,3148,3.88478302065568,"0","0","0","Projection Neurons","Neuron"
"AACCAAATCTTCCGCT","KO2",4985,1869,8.04413239719158,"0","1","1","Projection Neurons","Neuron"
"AACCAACCGAGATTTT","KO2",4598,2166,4.56720313179643,"1","0","0","Projection Neurons","Neuron"
"AACCAACGAGACGCTC","KO2",9481,2887,4.79907182786626,"0","0","0","Projection Neurons","Neuron"
"AACCAACGAGGCCACC","KO2",2158,1269,12.6969416126043,"0","0","0","Projection Neurons","Neuron"
"AACCAAGCCGGAGTAT","KO2",6859,2784,2.82840064149293,"3","3","3","Non-Projection Neuron Cells","RGP"
"AACCAAGCTAGTTGAT","KO2",2902,1474,3.8249483115093,"0","0","0","Projection Neurons","Neuron"
"AACCAAGGATGTCGCC","KO2",2992,1565,2.67379679144385,"2","2","2","Non-Projection Neuron Cells","aIP"
"AACCAAGTGAACCCCA","KO2",7344,2582,4.67047930283224,"0","1","1","Projection Neurons","Neuron"
"AACCAATCATTTGAAA","KO2",8184,2899,2.32160312805474,"2","2","2","Non-Projection Neuron Cells","aIP"
"AACCAATTCCCCTAGA","KO2",1540,921,6.62337662337662,"0","1","1","Projection Neurons","Neuron"
"AAAAAACAGATCCCAG","DKO1",15985,3918,4.39161714106975,"0","0","0","Projection Neurons","Neuron"
"AAAAAAGCAAAACTTT","DKO1",7785,2477,6.89788053949904,"0","1","1","Projection Neurons","Neuron"
"AAAAAATACACTACGA","DKO1",5197,2280,8.85126034250529,"0","1","1","Projection Neurons","Neuron"
"AAAAAATTAAGCGTCC","DKO1",4745,1884,2.97154899894626,"2","2","2","Non-Projection Neuron Cells","aIP"
"AAAAAATTTACAGAGA","DKO1",20786,4485,3.67555085153469,"3","3","3","Non-Projection Neuron Cells","RGP"
"AAAAAATTTTCTGATA","DKO1",2003,980,5.99101347978033,"0","1","1","Projection Neurons","Neuron"
"AAAAACACTTACCAGT","DKO1",13826,3898,5.30160567047592,"5","5","5","Non-Projection Neuron Cells","OBNB"
"AAAAACATGGAGAGCT","DKO1",1969,1002,5.68816658202133,"0","1","1","Projection Neurons","Neuron"
"AAAAACCACTATGGGT","DKO1",14775,3729,4.94077834179357,"0","0","0","Projection Neurons","Neuron"
"AAAAACCACTCGTACT","DKO1",2311,1234,6.27434011250541,"0","1","1","Projection Neurons","Neuron"
"AAAAACCGACACGAAG","DKO1",2235,1549,5.86129753914989,"3","3","3","Non-Projection Neuron Cells","RGP"
"AAAAACGACGACTTGA","DKO1",5145,2093,5.22837706511176,"0","1","1","Projection Neurons","Neuron"
"AAAAACGCAGCAGCTC","DKO1",11803,3684,6.81182750148267,"0","1","1","Projection Neurons","Neuron"
"AAAAACGCATAACAAC","DKO1",11118,3066,4.77603885590934,"3","3","3","Non-Projection Neuron Cells","RGP"
"AAAAACGGAGGAGAAC","DKO1",11102,3112,5.2242839128085,"0","1","1","Projection Neurons","Neuron"
"AAAAACGGCAGTTTCC","DKO1",9781,3013,6.96247827420509,"0","1","1","Projection Neurons","Neuron"
"AAAAACTAAAGCCACT","DKO1",2838,1367,5.00352360817477,"0","1","1","Projection Neurons","Neuron"
"AAAAACTAGCTAGAGA","DKO1",3270,1108,6.69724770642202,"0","1","1","Projection Neurons","Neuron"
"AAAAACTTTGTCAGGT","DKO1",9379,2910,4.44610299605502,"0","1","1","Projection Neurons","Neuron"
"AAAAAGCGCTATAGCC","DKO1",10133,3064,3.96723576433435,"2","2","2","Non-Projection Neuron Cells","aIP"
"AAAAAGGAAAGAGCAT","DKO1",2436,1021,3.73563218390805,"4","4","4","Non-Projection Neuron Cells","Oligo"
"AAAAAGGAGTCGAGGT","DKO1",7958,2777,6.68509675797939,"1","0","0","Projection Neurons","Neuron"
"AAAAAGGCGGGCGCCC","DKO1",6889,2663,5.99506459573233,"2","2","2","Non-Projection Neuron Cells","aIP"
"AAAAAGGGCGATGCAC","DKO1",9432,2604,5.26929601357082,"3","3","3","Non-Projection Neuron Cells","RGP"
"AAAAAGGTGTGATCAC","DKO1",4791,2046,4.84241285744104,"5","5","5","Non-Projection Neuron Cells","OBNB"
"AAAAAGGTTAGTTCCG","DKO1",2350,1180,2.29787234042553,"3","3","3","Non-Projection Neuron Cells","RGP"
"AAAAAGTGCAAGTGGA","DKO1",11136,3381,6.00754310344828,"0","1","1","Projection Neurons","Neuron"
"AAAAATCGATTGCGCT","DKO1",8431,2628,4.95789348831693,"1","0","0","Projection Neurons","Neuron"
"AAAAATCTCCCAAGAA","DKO1",9489,3404,6.78680577510802,"0","0","0","Projection Neurons","Neuron"
"AAAAATCTCGCAATCC","DKO1",8427,2776,6.07570903049721,"0","1","1","Projection Neurons","Neuron"
"AAAAATGAGGGGCACC","DKO1",6713,2206,9.68270519886787,"1","0","0","Projection Neurons","Neuron"
"AAAAATGATAAGTGCC","DKO1",8910,2964,7.28395061728395,"0","6","6","Projection Neurons","Neuron"
"AAAAATGATCAAAGTC","DKO1",22247,4923,1.68112554501731,"0","6","6","Projection Neurons","Neuron"
"AAAAATGTAGATATGG","DKO1",5529,2040,0.361729064930367,"0","1","1","Projection Neurons","Neuron"
"AAAAATTTTACACTAA","DKO1",3004,1434,5.99201065246338,"0","1","1","Projection Neurons","Neuron"
"AAAACAACGATCCAGC","DKO1",3042,1467,6.14727153188692,"0","1","1","Projection Neurons","Neuron"
"AAAACACCACCTGCAC","DKO1",9638,2778,4.37850176385142,"5","5","5","Non-Projection Neuron Cells","OBNB"
"AAAACACGCGGGTGAT","DKO1",6555,2483,4.22578184591915,"1","0","0","Projection Neurons","Neuron"
"AAAACACGTCAATCCT","DKO1",4000,1617,6,"2","2","2","Non-Projection Neuron Cells","aIP"
"AAAACACTGGGGAGTG","DKO1",22029,4441,4.4986154614372,"1","0","0","Projection Neurons","Neuron"
"AAAACAGTAAGCATAC","DKO1",2744,1466,6.23177842565598,"0","0","0","Projection Neurons","Neuron"
"AAAACAGTTGGGTTTG","DKO1",8766,2956,5.94341775039927,"0","1","1","Projection Neurons","Neuron"
"AAAACATGGCTGACCT","DKO1",2689,1317,3.86760877649684,"3","3","3","Non-Projection Neuron Cells","RGP"
"AAAACATTGGCTTCGT","DKO1",4292,1723,7.57222739981361,"2","2","2","Non-Projection Neuron Cells","aIP"
"AAAACCAATTGGAAAG","DKO1",7471,2733,5.51465667246687,"0","1","1","Projection Neurons","Neuron"
"AAAACCACAAGAAGCG","DKO1",18224,4140,4.92756804214223,"0","0","0","Projection Neurons","Neuron"
"AAAACCAGACCGACTC","DKO1",8771,2749,4.77710637327557,"0","1","1","Projection Neurons","Neuron"
"AAAACCAGCTTCGTGA","DKO1",3028,1345,8.19022457067371,"2","2","2","Non-Projection Neuron Cells","aIP"
"AAAACCCCTTCGCTTC","DKO1",11279,3139,5.28415639684369,"2","2","2","Non-Projection Neuron Cells","aIP"
"AAAACCCGCCCAGTAA","DKO1",3789,1752,8.60385325943521,"0","1","1","Projection Neurons","Neuron"
"AAAACCGCCTCTAGAG","DKO1",6291,2530,7.85248768081386,"0","1","1","Projection Neurons","Neuron"
"AAAACCTCTTACGGGT","DKO1",8169,3311,6.69604602766557,"0","0","0","Projection Neurons","Neuron"
"AAAACCTGACGTGCGT","DKO1",4648,2246,8.62736660929432,"6","2","2","Non-Projection Neuron Cells","aIP"
"AAAACCTGGGGGTTTT","DKO1",6742,2595,4.00474636606348,"2","2","2","Non-Projection Neuron Cells","aIP"
"AAAACGAAAGGGTACT","DKO1",24789,4868,4.84489087901892,"1","0","0","Projection Neurons","Neuron"
"AAAACGAAGACGACTA","DKO1",7801,2904,4.3840533264966,"3","3","3","Non-Projection Neuron Cells","RGP"
"AAAACGAAGAGACCGT","DKO1",8441,2756,4.17012202345694,"2","2","2","Non-Projection Neuron Cells","aIP"
"AAAACGACCTGTCATC","DKO1",4862,1804,14.6647470176882,"0","0","0","Projection Neurons","Neuron"
"AAAACGATTCCCAGCA","DKO1",2416,1424,4.71854304635762,"1","0","0","Projection Neurons","Neuron"
"AAAACGCATAGATCCA","DKO1",8377,2792,6.33878476781664,"0","1","1","Projection Neurons","Neuron"
"AAAACGCTAGGCGCGT","DKO1",5284,1975,4.69341408024224,"3","3","3","Non-Projection Neuron Cells","RGP"
"AAAACGCTCCTCCTAA","DKO1",5402,2315,1.86967789707516,"2","2","2","Non-Projection Neuron Cells","aIP"
"AAAACGCTGGGGCGGC","DKO1",16051,4000,5.61958756463772,"0","6","6","Projection Neurons","Neuron"
"AAAACGCTTCTGCTAG","DKO1",5420,2002,4.68634686346863,"0","1","1","Projection Neurons","Neuron"
"AAAACGGCTGGAGTGC","DKO1",3856,1615,4.12344398340249,"1","0","0","Projection Neurons","Neuron"
"AAAACGGTCGGTCTGT","DKO1",13043,3858,4.32415855248026,"2","2","2","Non-Projection Neuron Cells","aIP"
"AAAACGTAAATCACAT","DKO1",3392,1662,5.57193396226415,"0","1","1","Projection Neurons","Neuron"
"AAAACGTTCGTCCGTT","DKO1",3542,1736,6.54997176736307,"0","0","0","Projection Neurons","Neuron"
"AAAACGTTGCCCACCC","DKO1",2452,1375,6.28058727569331,"0","1","1","Projection Neurons","Neuron"
"AAAACGTTTACACACA","DKO1",7691,2545,3.31556364581979,"4","4","4","Non-Projection Neuron Cells","Oligo"
"AAAACTACGGCCAAAC","DKO1",14975,3708,4.92821368948247,"1","0","0","Projection Neurons","Neuron"
"AAAACTATGCTACTTC","DKO1",6473,2588,6.4575930789433,"0","0","0","Projection Neurons","Neuron"
"AAAACTCATAGGACTA","DKO1",2174,1283,0.735970561177553,"0","1","1","Projection Neurons","Neuron"
"AAAACTGTAATGTTTC","DKO1",7748,2601,4.49148167268973,"3","3","3","Non-Projection Neuron Cells","RGP"
"AAAACTTATAAAAGTT","DKO1",12056,3332,9.78765759787658,"1","0","0","Projection Neurons","Neuron"
"AAAAGAACGGACCAAA","DKO1",15143,3956,5.09806511259328,"0","0","0","Projection Neurons","Neuron"
"AAAAGAAGTGTCCCCT","DKO1",8058,2313,4.76545048399106,"0","1","1","Projection Neurons","Neuron"
"AAAAGACAGCGACAGA","DKO1",12689,3407,5.01221530459453,"3","3","3","Non-Projection Neuron Cells","RGP"
"AAAAGACCATCGACGC","DKO1",4540,1955,2.42290748898678,"2","2","2","Non-Projection Neuron Cells","aIP"
"AAAAGAGGATGGCAGA","DKO1",2812,1472,3.94736842105263,"2","2","2","Non-Projection Neuron Cells","aIP"
"AAAAGAGTCGAGAGGG","DKO1",13277,3549,6.26647586051066,"0","0","0","Projection Neurons","Neuron"
"AAAAGATAATAGGGCG","DKO1",3953,1779,0.885403491019479,"3","3","3","Non-Projection Neuron Cells","RGP"
"AAAAGATTTAGTCAAC","DKO1",4292,1652,6.45386766076421,"0","1","1","Projection Neurons","Neuron"
"AAAAGCACGGCTGGAA","DKO1",2361,1288,2.62600592969081,"0","0","0","Projection Neurons","Neuron"
"AAAAGCAGCACCGCCC","DKO1",4882,1898,5.26423596886522,"1","0","0","Projection Neurons","Neuron"
"AAAAGCCATGGGGTCT","DKO1",5505,2242,5.54041780199818,"0","1","1","Projection Neurons","Neuron"
"AAAAGCCCCTGCGTAC","DKO1",9508,2946,4.5330248212032,"0","1","1","Projection Neurons","Neuron"
"AAAAGCCGAAGGTGAT","DKO1",11062,3910,5.07141565720485,"0","0","0","Projection Neurons","Neuron"
"AAAAGCGGACAAAACC","DKO1",11976,3607,5.51102204408818,"0","1","1","Projection Neurons","Neuron"
"AAAAGCGTTGCAGGAG","DKO1",13663,3668,6.11139574032057,"0","0","0","Projection Neurons","Neuron"
"AAAAGCTATGGTACGA","DKO1",2213,1039,5.64844103027564,"5","5","5","Non-Projection Neuron Cells","OBNB"
"AAAAGCTCACTCAGGC","DKO1",7766,2770,5.84599536440896,"0","1","1","Projection Neurons","Neuron"
"AAAAGCTCTCATCGTC","DKO1",24109,4831,4.00680243892322,"1","0","0","Projection Neurons","Neuron"
"AAAAGCTGTTCTACCG","DKO1",12068,3443,5.68445475638051,"0","1","1","Projection Neurons","Neuron"
"AAAAGCTTCCATTGCC","DKO1",16163,3889,5.43215987131102,"1","0","0","Projection Neurons","Neuron"
"AAAAGGAAAATGGTCC","DKO1",10156,3127,3.07207562032296,"0","0","0","Projection Neurons","Neuron"
"AAAAGGAAACCCGCCT","DKO1",2170,1057,9.90783410138249,"1","0","0","Projection Neurons","Neuron"
"AAAAGGATGGGCCTCC","DKO1",11662,4395,5.41073572286057,"0","1","1","Projection Neurons","Neuron"
"AAAAGGCAGGTTAGGC","DKO1",9383,2886,6.47980390067143,"0","1","1","Projection Neurons","Neuron"
"AAAAGGTGCGACAGTT","DKO1",9186,3193,2.74330502939255,"2","2","2","Non-Projection Neuron Cells","aIP"
"AAAAGTCCTCGAGATG","DKO1",19618,4527,5.03109389336324,"1","0","0","Projection Neurons","Neuron"
"AAAAGTCGGTAAAAAT","DKO1",2480,1411,7.62096774193548,"0","1","1","Projection Neurons","Neuron"
"AAAAGTCTCAAAACGC","DKO1",4090,1779,3.86308068459658,"2","2","2","Non-Projection Neuron Cells","aIP"
"AAAAGTGAAACGCCCC","DKO1",4739,1966,4.87444608567208,"0","0","0","Projection Neurons","Neuron"
"AAAAGTGAGTTTCTAG","DKO1",3010,1570,4.85049833887043,"0","0","0","Projection Neurons","Neuron"
"AAAAGTTAGGACCCAA","DKO1",11592,3232,8.00552104899931,"1","0","0","Projection Neurons","Neuron"
"AAAATACAGTTTGATG","DKO1",4795,2030,4.19186652763295,"0","1","1","Projection Neurons","Neuron"
"AAAATACCGGGTGAGT","DKO1",10079,3198,5.01041770016867,"0","0","0","Projection Neurons","Neuron"
"AAAATACTGACGGGCA","DKO1",18295,4052,2.94069417873736,"3","3","3","Non-Projection Neuron Cells","RGP"
"AAAATACTGTAGTAGA","DKO1",7217,2758,6.73410004156852,"2","2","2","Non-Projection Neuron Cells","aIP"
"AAAATAGACAATACGC","DKO1",9683,3166,5.19467107301456,"0","1","1","Projection Neurons","Neuron"
"AAAATAGACCCCAGTA","DKO1",6826,2192,8.14532669205977,"0","1","1","Projection Neurons","Neuron"
"AAAATAGGGAACGAAT","DKO1",4854,2084,4.34693036670787,"2","2","2","Non-Projection Neuron Cells","aIP"
"AAAATAGGGGTGAAGT","DKO1",3629,1665,9.06585836318545,"0","1","1","Projection Neurons","Neuron"
"AAAATATGTTTTCTTG","DKO1",15084,3367,5.90692124105012,"2","2","2","Non-Projection Neuron Cells","aIP"
"AAAATATTTCACACTC","DKO1",9476,2726,4.35837906289574,"0","0","0","Projection Neurons","Neuron"
"AAAATCATAGTAGTCT","DKO1",4918,1976,5.67303782025214,"1","0","0","Projection Neurons","Neuron"
"AAAATCGTAGCTGCTA","DKO1",10308,3205,5.22894838960031,"1","0","0","Projection Neurons","Neuron"
"AAAATCTTTCCCATCC","DKO1",14188,4043,4.33464899915421,"0","0","0","Projection Neurons","Neuron"
"AAAATGAAAGGGATAC","DKO1",15650,3565,2.89456869009585,"3","3","3","Non-Projection Neuron Cells","RGP"
"AAAATGACGACAACCG","DKO1",8081,2171,10.728870189333,"3","3","3","Non-Projection Neuron Cells","RGP"
"AAAATGCCACCATCAA","DKO1",8167,2600,5.41202399902045,"2","2","2","Non-Projection Neuron Cells","aIP"
"AAAATGCTGGAGACTA","DKO1",7250,2597,7.22758620689655,"0","1","1","Projection Neurons","Neuron"
"AAAATGGATATGCTAA","DKO1",16196,3756,5.63719436898,"1","0","0","Projection Neurons","Neuron"
"AAAATGGCAACTATAA","DKO1",7249,3053,7.02165815974617,"2","2","2","Non-Projection Neuron Cells","aIP"
"AAAATGGTGCTTTATG","DKO1",3459,1430,11.5062156692686,"0","1","1","Projection Neurons","Neuron"
"AAAATGTCAAGGCAGT","DKO1",8436,2700,5.98624940730204,"0","1","1","Projection Neurons","Neuron"
"AAAATGTGCCCTCATG","DKO1",9507,3242,4.49142736930683,"0","0","0","Projection Neurons","Neuron"
"AAAATGTTTAACTCCC","DKO1",3222,1721,6.57976412166356,"3","3","3","Non-Projection Neuron Cells","RGP"
"AAAATGTTTATAATTA","DKO1",12208,3203,4.86566186107471,"0","1","1","Projection Neurons","Neuron"
"AAAATTAGAAAGCTTG","DKO1",6036,2333,4.88734261100066,"0","1","1","Projection Neurons","Neuron"
"AAAATTAGTATCGTAT","DKO1",7645,2515,8.25376062786135,"1","0","0","Projection Neurons","Neuron"
"AAAATTCATACCTTAC","DKO1",2582,1626,4.10534469403563,"1","0","0","Projection Neurons","Neuron"
"AAAATTGAAAAACAGA","DKO1",3833,1923,4.98304200365249,"1","0","0","Projection Neurons","Neuron"
"AAAATTGTGCCCACTC","DKO1",2431,1214,5.67667626491156,"0","1","1","Projection Neurons","Neuron"
"AAAATTTCAACCTGTC","DKO1",11101,3494,4.41401675524727,"2","2","2","Non-Projection Neuron Cells","aIP"
"AAAATTTTTACACGAG","DKO1",7514,2942,4.87090763907373,"0","1","1","Projection Neurons","Neuron"
"AAAATTTTTCAGATAC","DKO1",4028,2052,3.42601787487587,"0","0","0","Projection Neurons","Neuron"
"AAACAAAGACTTAGTT","DKO1",11363,3531,6.23074892193963,"1","0","0","Projection Neurons","Neuron"
"AAACAAAGCAGGAGAA","DKO1",8535,2885,8.72876391329818,"1","0","0","Projection Neurons","Neuron"
"AAACAACAGTGGATCC","DKO1",6461,2397,2.72403652685343,"2","2","2","Non-Projection Neuron Cells","aIP"
"AAACAACCTCAACTTT","DKO1",4288,1378,8.93190298507463,"0","0","0","Projection Neurons","Neuron"
"AAACAACTGTAAACAT","DKO1",3123,1439,3.84245917387128,"5","5","5","Non-Projection Neuron Cells","OBNB"
"AAACAAGTTACACCTA","DKO1",7013,2438,5.36147155283046,"0","1","1","Projection Neurons","Neuron"
"AAACAATCCACAGACT","DKO1",3824,1425,6.668410041841,"0","0","0","Projection Neurons","Neuron"
"AAACAATTCCATTACT","DKO1",9570,2622,7.49216300940439,"4","4","4","Non-Projection Neuron Cells","Oligo"
"AAACACACTTGAGTCG","DKO1",14793,4034,5.11728520246062,"0","0","0","Projection Neurons","Neuron"
"AAACACAGCCGTGGGT","DKO1",13244,3330,3.90365448504983,"4","3","3","Non-Projection Neuron Cells","RGP"
"AAACACATTGCATAAC","DKO1",13359,4222,5.48693764503331,"0","0","0","Projection Neurons","Neuron"
"AAACACATTGCGCGTC","DKO1",2623,1185,0.571864277544796,"0","1","1","Projection Neurons","Neuron"
"AAACACCACCCGTAAC","DKO1",4806,1941,4.91052850603412,"5","5","5","Non-Projection Neuron Cells","OBNB"
"AAACACCAGCGCAGCT","DKO1",3638,1823,0.879604178119846,"0","1","1","Projection Neurons","Neuron"
"AAACACCCGTGGATTA","DKO1",5273,1722,7.35824009102977,"0","1","1","Projection Neurons","Neuron"
"AAACACCGTCATTGTG","DKO1",4210,1954,6.270783847981,"0","1","1","Projection Neurons","Neuron"
"AAACACCTCATCGGAC","DKO1",6849,2340,3.97138268360345,"0","1","1","Projection Neurons","Neuron"
"AAACACCTTCAGGGTG","DKO1",19087,4366,5.77356315817048,"0","6","6","Projection Neurons","Neuron"
"AAACACGCAAGCGACT","DKO1",9280,2868,6.43318965517241,"0","6","6","Projection Neurons","Neuron"
"AAACACGTCGTGGATT","DKO1",4192,1772,5.91603053435114,"0","1","1","Projection Neurons","Neuron"
"AAACACTAGGTGTACT","DKO1",16973,4131,5.54409945207094,"1","0","0","Projection Neurons","Neuron"
"AAACAGCCTTCCTCCC","DKO1",27368,5629,4.61487869044139,"3","3","3","Non-Projection Neuron Cells","RGP"
"AAACAGGAAATTTCTC","DKO1",5823,2319,3.12553666494934,"2","2","2","Non-Projection Neuron Cells","aIP"
"AAACAGGAGTTACCCG","DKO1",16065,4421,5.14783691254279,"2","2","2","Non-Projection Neuron Cells","aIP"
"AAACAGTGATAGAATG","DKO1",12826,3838,6.72072353032902,"3","3","3","Non-Projection Neuron Cells","RGP"
"AAACAGTTCGGGCTCT","DKO1",2109,1145,4.93124703651019,"0","1","1","Projection Neurons","Neuron"
"AAACATACGGAGAGCC","DKO1",11272,3485,7.15046132008517,"0","1","1","Projection Neurons","Neuron"
"AAACATCCCGCTCTAT","DKO1",26698,4943,4.37111394111918,"0","0","0","Projection Neurons","Neuron"
"AAACATCGTAACGGCT","DKO1",13206,3480,6.15629259427533,"1","0","0","Projection Neurons","Neuron"
"AAACATCTAGAATGCG","DKO1",5180,2312,1.54440154440154,"0","1","1","Projection Neurons","Neuron"
"AAACATGACAATCCGA","DKO1",5128,1992,8.85335413416537,"0","1","1","Projection Neurons","Neuron"
"AAACATGCCTAGATAG","DKO1",21608,4648,4.74824139207701,"1","0","0","Projection Neurons","Neuron"
"AAACATGCGGAACAGT","DKO1",3035,1591,3.36079077429984,"3","3","3","Non-Projection Neuron Cells","RGP"
"AAACATGGCCAACCGT","DKO1",8155,2909,4.02207234825261,"0","1","1","Projection Neurons","Neuron"
"AAACATGTGCCCACGC","DKO1",8271,2453,4.4613710554951,"0","0","0","Projection Neurons","Neuron"
"AAACATTCGCATACTC","DKO1",10124,2950,7.6451995258791,"0","0","0","Projection Neurons","Neuron"
"AAACATTTGACAAGAA","DKO1",6859,2104,5.62764251348593,"1","0","0","Projection Neurons","Neuron"
"AAACCAAAACGATGCT","DKO1",3833,1679,5.63527263240282,"0","1","1","Projection Neurons","Neuron"
"AAACCAAAGGGAAGAC","DKO1",7331,2464,4.43322875460374,"0","0","0","Projection Neurons","Neuron"
"AAACCAATGCGTAGCA","DKO1",15435,3519,5.9086491739553,"1","0","0","Projection Neurons","Neuron"
"AAACCAATGCGTCAAC","DKO1",9274,3221,2.80353676946301,"1","0","0","Projection Neurons","Neuron"
"AAACCAGAATTTTCCT","DKO1",6756,2499,2.4866785079929,"3","3","3","Non-Projection Neuron Cells","RGP"
"AAACCAGTAGACGACT","DKO1",3413,1408,14.913565777908,"0","6","6","Projection Neurons","Neuron"
"AAACCATGACGGTCTC","DKO1",7418,2725,3.76112159611755,"0","1","1","Projection Neurons","Neuron"
"AAACCCACGGCTGCAG","DKO1",8852,3278,0.994125621328513,"0","1","1","Projection Neurons","Neuron"
"AAACCCATTGTTCGAC","DKO1",7304,2626,1.17743702081051,"0","0","0","Projection Neurons","Neuron"
"AAACCCGCGTGGTCTT","DKO1",9520,3095,4.22268907563025,"0","1","1","Projection Neurons","Neuron"
"AAACCCGGTAGGGCCC","DKO1",15843,3982,4.91699804329988,"1","0","0","Projection Neurons","Neuron"
"AAACCCGTTAGGACTT","DKO1",2294,1081,12.6852659110724,"1","0","0","Projection Neurons","Neuron"
"AAACCCGTTTTCAACA","DKO1",11270,3382,2.51109139307897,"2","2","2","Non-Projection Neuron Cells","aIP"
"AAACCCTACAGATGAG","DKO1",6652,2782,1.81900180396873,"0","0","0","Projection Neurons","Neuron"
"AAACCCTCACAGCCGA","DKO1",5868,2219,5.453306066803,"0","1","1","Projection Neurons","Neuron"
"AAACCCTGCAAATTGT","DKO1",17265,4547,6.04691572545612,"0","1","1","Projection Neurons","Neuron"
"AAACCCTTGCAAGTTC","DKO1",11153,3144,8.3116650228638,"1","0","0","Projection Neurons","Neuron"
"AAACCGAATGATGTGT","DKO1",6245,2331,5.98879103282626,"0","1","1","Projection Neurons","Neuron"
"AAACCGAGTTACAATT","DKO1",6998,2332,12.4749928551015,"3","3","3","Non-Projection Neuron Cells","RGP"
"AAACCGCATGATAAAT","DKO1",9215,3432,3.06022788931091,"2","2","2","Non-Projection Neuron Cells","aIP"
"AAACCGCCTATGTTGA","DKO1",9144,2499,5.57742782152231,"1","0","0","Projection Neurons","Neuron"
"AAACCGCTCATAAAGG","DKO1",5005,1966,7.21278721278721,"0","6","6","Projection Neurons","Neuron"
"AAACCGGATTCGCTCA","DKO1",2253,1377,13.9369729249889,"0","0","0","Projection Neurons","Neuron"
"AAACCGGATTTAGCTC","DKO1",9851,2989,5.70500456806416,"0","1","1","Projection Neurons","Neuron"
"AAACCGGGATAACGGG","DKO1",11153,3381,2.79745359992827,"3","3","3","Non-Projection Neuron Cells","RGP"
"AAACCGGTCGCTTAAC","DKO1",2456,1218,5.08957654723127,"0","1","1","Projection Neurons","Neuron"
"AAACCGTCCCTGAGTA","DKO1",18687,4542,4.69845347032697,"1","0","0","Projection Neurons","Neuron"
"AAACCGTCTGTTAATT","DKO1",3021,1552,3.64117841774247,"0","1","1","Projection Neurons","Neuron"
"AAACCGTGCCATGAGG","DKO1",3791,1837,13.0836190978634,"0","1","1","Projection Neurons","Neuron"
"AAACCTACCATTCAAG","DKO1",2086,1280,14.3815915627996,"2","2","2","Non-Projection Neuron Cells","aIP"
"AAACCTAGCACTTGGT","DKO1",4377,2031,8.88736577564542,"2","2","2","Non-Projection Neuron Cells","aIP"
"AAACCTAGTTTCGCGA","DKO1",5625,2320,11.7866666666667,"0","1","1","Projection Neurons","Neuron"
"AAACCTCAGAGCCGAG","DKO1",9897,3281,3.67788218652117,"2","2","2","Non-Projection Neuron Cells","aIP"
"AAACCTCATCAAGCGA","DKO1",23186,4802,2.88967480376089,"3","3","3","Non-Projection Neuron Cells","RGP"
"AAACCTGCATCAATAA","DKO1",8604,2723,5.48582054858205,"0","1","1","Projection Neurons","Neuron"
"AAACCTGCTCATTTTA","DKO1",17937,4954,6.42247867536377,"0","0","0","Projection Neurons","Neuron"
"AAACCTGTGTAGCCGT","DKO1",8445,2881,4.51154529307282,"0","6","6","Projection Neurons","Neuron"
"AAACCTGTTATGCTAG","DKO1",5121,2290,3.30013669205233,"0","1","1","Projection Neurons","Neuron"
"AAACCTTAGCGCCCTT","DKO1",9537,3716,4.25710391108315,"2","2","2","Non-Projection Neuron Cells","aIP"
"AAACCTTTGGCGTTTG","DKO1",5189,2032,5.89708999807285,"1","0","0","Projection Neurons","Neuron"
"AAACGAAGGATGACCG","DKO1",4088,1548,7.58317025440313,"5","5","5","Non-Projection Neuron Cells","OBNB"
"AAACGAATGATTCGTT","DKO1",7411,2360,5.39738226959924,"1","0","0","Projection Neurons","Neuron"
"AAACGACAGGACCTGC","DKO1",5728,2265,2.61871508379888,"3","3","3","Non-Projection Neuron Cells","RGP"
"AAACGACATAATGCTA","DKO1",2974,1461,5.61533288500336,"0","1","1","Projection Neurons","Neuron"
"AAACGACCACCTTTCC","DKO1",6390,1726,9.70266040688576,"1","0","0","Projection Neurons","Neuron"
"AAACGACCCCCGCGTA","DKO1",15367,3549,5.20596082514479,"1","0","0","Projection Neurons","Neuron"
"AAACGACGCGGATAAT","DKO1",6214,2623,4.42549082716447,"2","2","2","Non-Projection Neuron Cells","aIP"
"AAACGAGCTGCTTAGG","DKO1",4290,2057,4.91841491841492,"3","3","3","Non-Projection Neuron Cells","RGP"
"AAACGAGTCTTGTTAG","DKO1",3282,1467,8.897014015844,"0","0","0","Projection Neurons","Neuron"
"AAACGATAGAAGACAT","DKO1",3831,2086,7.36100234925607,"2","2","2","Non-Projection Neuron Cells","aIP"
"AAACGATATTTGCCAC","DKO1",2099,1080,4.90709861838971,"0","1","1","Projection Neurons","Neuron"
"AAACGATCCATGTATT","DKO1",6785,2709,0.324244657332351,"0","0","0","Projection Neurons","Neuron"
"AAACGATCGTCTCAAT","DKO1",3196,1397,4.66207759699625,"0","0","0","Projection Neurons","Neuron"
"AAACGATCTGATAACA","DKO1",10425,3228,4.73860911270983,"0","1","1","Projection Neurons","Neuron"
"AAACGATGCTCGCGGC","DKO1",15711,3318,6.56864617147222,"1","0","0","Projection Neurons","Neuron"
"AAACGATGGCGACCGT","DKO1",13119,3171,6.64684808293315,"1","0","0","Projection Neurons","Neuron"
"AAACGATTCGAAGCCA","DKO1",10959,2927,4.79970800255498,"3","3","3","Non-Projection Neuron Cells","RGP"
"AAACGATTTTGTCAAA","DKO1",7251,2652,6.19224934491794,"0","1","1","Projection Neurons","Neuron"
"AAACGCAAATCCCAGG","DKO1",13061,3471,7.70997626521706,"1","0","0","Projection Neurons","Neuron"
"AAACGCCCAGCAGGAA","DKO1",6771,2506,6.52783931472456,"0","1","1","Projection Neurons","Neuron"
"AAACGCCCTCACTACC","DKO1",7916,2755,6.02577059120768,"0","1","1","Projection Neurons","Neuron"
"AAACGCGAACTTAACG","DKO1",3933,1893,9.96694635138571,"0","1","1","Projection Neurons","Neuron"
"AAACGCGCTTACTGTA","DKO1",9825,3301,4.73282442748092,"0","1","1","Projection Neurons","Neuron"
"AAACGCTGGTGCCCAA","DKO1",8985,2626,10.6288258208125,"1","0","0","Projection Neurons","Neuron"
"AAACGCTTCTCTGGCG","DKO1",8463,2855,3.62755524045847,"0","1","1","Projection Neurons","Neuron"
"AAACGGCGACTACAGT","DKO1",7715,2596,8.03629293583927,"0","1","1","Projection Neurons","Neuron"
"AAACGGGCAAACCTCC","DKO1",11169,2840,8.54149879129734,"1","0","0","Projection Neurons","Neuron"
"AAACGGTAGCATCCGT","DKO1",18318,4560,4.08341522000218,"2","2","2","Non-Projection Neuron Cells","aIP"
"AAACGGTTCATCCCGA","DKO1",7314,2428,4.47087776866284,"0","1","1","Projection Neurons","Neuron"
"AAACGTAAACTAATTC","DKO1",4019,1812,10.6991789002239,"2","2","2","Non-Projection Neuron Cells","aIP"
"AAACGTAACAGGGATT","DKO1",8160,3585,1.7156862745098,"6","2","2","Non-Projection Neuron Cells","aIP"
"AAACGTAATGGCATAT","DKO1",8304,2764,6.23795761078998,"0","1","1","Projection Neurons","Neuron"
"AAACGTAATTCGCCCG","DKO1",10260,3048,6.06237816764133,"1","0","0","Projection Neurons","Neuron"
"AAACGTACCCAGACCA","DKO1",5896,1919,6.93690637720488,"1","0","0","Projection Neurons","Neuron"
"AAACGTACGGTGATGC","DKO1",2485,1322,3.38028169014084,"0","1","1","Projection Neurons","Neuron"
"AAACGTAGGGCCCCGC","DKO1",8712,2971,6.26721763085399,"0","0","0","Projection Neurons","Neuron"
"AAACGTATGGTCCCAT","DKO1",4871,2075,1.92978854444673,"0","1","1","Projection Neurons","Neuron"
"AAACGTCTAGTGTGTG","DKO1",2720,1565,0.845588235294118,"0","0","0","Projection Neurons","Neuron"
"AAACGTCTATTTCCAT","DKO1",5394,2691,13.4964775676678,"1","0","0","Projection Neurons","Neuron"
"AAACGTTCGGGTTTGT","DKO1",1999,1068,6.85342671335668,"0","1","1","Projection Neurons","Neuron"
"AAACGTTTCTTTACGT","DKO1",8988,2580,5.8411214953271,"1","0","0","Projection Neurons","Neuron"
"AAACTAAATAGACTCT","DKO1",3129,1622,4.76190476190476,"2","2","2","Non-Projection Neuron Cells","aIP"
"AAACTAAGGCAGGGGG","DKO1",14366,3767,6.72420994013643,"0","0","0","Projection Neurons","Neuron"
"AAACTAATTTTTAGTA","DKO1",2699,1436,0.66691367173027,"0","1","1","Projection Neurons","Neuron"
"AAACTACACCGTGTTC","DKO1",4714,1658,6.32159524819686,"5","5","5","Non-Projection Neuron Cells","OBNB"
"AAACTAGCTGCTACAT","DKO1",10326,2929,7.56343211311253,"1","0","0","Projection Neurons","Neuron"
"AAACTAGGTCCTCGAT","DKO1",5219,1941,6.7062655681165,"0","1","1","Projection Neurons","Neuron"
"AAACTAGTTGTTTTCC","DKO1",3319,1331,2.22958722506779,"3","3","3","Non-Projection Neuron Cells","RGP"
"AAACTATATATCTTTA","DKO1",5725,2226,5.31004366812227,"0","0","0","Projection Neurons","Neuron"
"AAACTATTTGCATAGT","DKO1",15114,3632,4.29403202328966,"3","3","3","Non-Projection Neuron Cells","RGP"
"AAACTCGATGGCGAAA","DKO1",4024,1950,3.23061630218688,"2","2","2","Non-Projection Neuron Cells","aIP"
"AAACTCGCGTCGGCCA","DKO1",6259,2243,5.83160249241093,"0","0","0","Projection Neurons","Neuron"
"AAACTCGCTGCCTCGC","DKO1",4260,1822,1.5962441314554,"1","0","0","Projection Neurons","Neuron"
"AAACTCGTCCTTCTGT","DKO1",8263,2644,5.95425390294082,"1","0","0","Projection Neurons","Neuron"
"AAACTGACAAGTGTCG","DKO1",12172,3463,2.99046993098916,"0","6","6","Projection Neurons","Neuron"
"AAACTGACCGCCCCGA","DKO1",2983,1435,6.46999664767013,"0","1","1","Projection Neurons","Neuron"
"AAACTGCTTAGCAGGA","DKO1",10999,3350,4.00036366942449,"3","3","3","Non-Projection Neuron Cells","RGP"
"AAACTGGCCGAGGGGA","DKO1",7454,2189,5.13818084250067,"3","3","3","Non-Projection Neuron Cells","RGP"
"AAACTGGGTCACAAAT","DKO1",19932,4497,5.81477021874373,"1","0","0","Projection Neurons","Neuron"
"AAACTGGTGCGTTTAG","DKO1",3620,1637,8.34254143646409,"0","1","1","Projection Neurons","Neuron"
"AAACTGTCCGCAGGAG","DKO1",5846,2623,3.30140266849128,"2","2","2","Non-Projection Neuron Cells","aIP"
"AAACTGTGAGCCCCGT","DKO1",2571,1482,7.42901594710229,"1","0","0","Projection Neurons","Neuron"
"AAACTGTTCTCTTGTA","DKO1",3730,1908,2.70777479892761,"1","0","0","Projection Neurons","Neuron"
"AAACTTAGATAGCGGA","DKO1",7928,2560,5.81483350151362,"3","3","3","Non-Projection Neuron Cells","RGP"
"AAACTTATACGACCTC","DKO1",2158,1076,7.87766450417053,"0","1","1","Projection Neurons","Neuron"
"AAACTTCAAACGAAGC","DKO1",19341,4543,3.59857297968047,"1","0","0","Projection Neurons","Neuron"
"AAACTTCCAAGGACAA","DKO1",13100,3712,7.09923664122137,"1","0","0","Projection Neurons","Neuron"
"AAACTTGGCCCTGGGA","DKO1",5917,2214,9.92056785533209,"3","3","3","Non-Projection Neuron Cells","RGP"
"AAACTTGTAGTGAACA","DKO1",7520,2623,6.62234042553192,"0","1","1","Projection Neurons","Neuron"
"AAACTTGTTGAGTGGG","DKO1",7685,2456,7.80741704619388,"1","0","0","Projection Neurons","Neuron"
"AAACTTGTTTACGCAG","DKO1",7120,2487,3.83426966292135,"4","4","4","Non-Projection Neuron Cells","Oligo"
"AAACTTTACGTGACAC","DKO1",10579,3570,4.40495320918801,"0","0","0","Projection Neurons","Neuron"
"AAACTTTAGAGAGGGC","DKO1",14421,3563,7.91207267179807,"1","0","0","Projection Neurons","Neuron"
"AAACTTTAGTCAAAAA","DKO1",4030,1832,3.12655086848635,"0","1","1","Projection Neurons","Neuron"
"AAAGAAAACCGGACTG","DKO1",3160,1820,9.77848101265823,"1","0","0","Projection Neurons","Neuron"
"AAAGAAACATAGCTTG","DKO1",2919,1444,5.10448783830079,"0","1","1","Projection Neurons","Neuron"
"AAAGAACATGGTATCG","DKO1",6597,2451,7.1547673184781,"0","0","0","Projection Neurons","Neuron"
"AAAGAACCTGTGTTGG","DKO1",12701,3410,5.91292024250059,"0","6","6","Projection Neurons","Neuron"
"AAAGAAGCTCAAGCTC","DKO1",17369,4597,3.94380793367494,"0","0","0","Projection Neurons","Neuron"
"AAAGAAGGCTGCCTGT","DKO1",8158,2577,4.91542044618779,"1","0","0","Projection Neurons","Neuron"
"AAAGACATAGCTAAAC","DKO1",4776,2040,5.86264656616415,"0","6","6","Projection Neurons","Neuron"
"AAAGACCAGATACCAG","DKO1",4851,1793,8.32817975675118,"5","5","5","Non-Projection Neuron Cells","OBNB"
"AAAGACCCGATTCTTA","DKO1",13766,3456,5.13584192939125,"1","0","0","Projection Neurons","Neuron"
"AAAGACCCGCCCGCTC","DKO1",3915,1543,8.50574712643678,"5","5","5","Non-Projection Neuron Cells","OBNB"
"AAAGACCTTACTGAGT","DKO1",15612,3877,4.55418908531899,"0","6","6","Projection Neurons","Neuron"
"AAAGACGAATTCTTGC","DKO1",6333,2121,5.74767093004895,"3","3","3","Non-Projection Neuron Cells","RGP"
"AAAGACGTGATTCCTT","DKO1",8514,2877,6.89452666196852,"0","1","1","Projection Neurons","Neuron"
"AAAGACGTGTTCTTGC","DKO1",4519,1949,7.2361141845541,"0","1","1","Projection Neurons","Neuron"
"AAAGAGATCCCCCAAC","DKO1",9818,3252,4.07414952128743,"2","2","2","Non-Projection Neuron Cells","aIP"
"AAAGAGCATTTACCGA","DKO1",4488,1800,6.12745098039216,"5","5","5","Non-Projection Neuron Cells","OBNB"
"AAAGAGCCGATCCTAT","DKO1",7465,2577,7.13998660415271,"0","1","1","Projection Neurons","Neuron"
"AAAGAGCGAACCCGGC","DKO1",8271,3039,1.93446983436102,"3","3","3","Non-Projection Neuron Cells","RGP"
"AAAGAGCTGTGGCCAC","DKO1",3515,1403,0.597439544807966,"0","1","1","Projection Neurons","Neuron"
"AAAGAGGAAGATGGGC","DKO1",15941,3929,5.85283231917697,"1","0","0","Projection Neurons","Neuron"
"AAAGAGGGCCTAAGGT","DKO1",3480,1611,9.6551724137931,"0","1","1","Projection Neurons","Neuron"
"AAAGAGTTTGCATGAC","DKO1",7103,2594,3.91383922286358,"0","0","0","Projection Neurons","Neuron"
"AAAGATACACGCCTTC","DKO1",6334,2450,4.64161667192927,"0","1","1","Projection Neurons","Neuron"
"AAAGATACAGTAAGGG","DKO1",2997,1603,1.33466800133467,"0","1","1","Projection Neurons","Neuron"
"AAAGATACCTTCCTCC","DKO1",14748,4117,3.09872525088148,"0","0","0","Projection Neurons","Neuron"
"AAAGATCACATCACTT","DKO1",6062,2132,6.54899373144177,"1","0","0","Projection Neurons","Neuron"
"AAAGATCGGCAGCAGT","DKO1",5124,1863,6.16705698672912,"5","5","5","Non-Projection Neuron Cells","OBNB"
"AAAGATCTTCCCGCAC","DKO1",14145,3759,3.92364793213149,"1","0","0","Projection Neurons","Neuron"
"AAAGATGGGTGTGCGC","DKO1",10514,3478,5.83983260414685,"0","0","0","Projection Neurons","Neuron"
"AAAGATTAGTCAAGAA","DKO1",2407,963,7.47818861653511,"0","1","1","Projection Neurons","Neuron"
"AAAGCAAAGGTGAAGT","DKO1",12252,3859,3.34639242572641,"1","0","0","Projection Neurons","Neuron"
"AAAGCAAATTTATGAC","DKO1",11648,3660,6.41311813186813,"0","1","1","Projection Neurons","Neuron"
"AAAGCACCACGTAGAC","DKO1",5979,2301,6.47265429001505,"0","1","1","Projection Neurons","Neuron"
"AAAGCACCCCTCACTA","DKO1",3243,1545,8.26395312981807,"0","1","1","Projection Neurons","Neuron"
"AAAGCACCGGATCTAG","DKO1",8890,3027,5.30933633295838,"0","1","1","Projection Neurons","Neuron"
"AAAGCACGAGGTACAC","DKO1",5335,2372,3.22399250234302,"0","1","1","Projection Neurons","Neuron"
"AAAGCACGATTGGCGT","DKO1",22233,4811,4.15148652903342,"1","0","0","Projection Neurons","Neuron"
"AAAGCAGCGAAGTACC","DKO1",8185,2925,3.28649969456323,"3","3","3","Non-Projection Neuron Cells","RGP"
"AAAGCAGTCCGTGTGT","DKO1",4372,1923,9.51509606587374,"0","1","1","Projection Neurons","Neuron"
"AAAGCAGTCGGGCTCG","DKO1",6257,2147,3.62793671088381,"3","3","3","Non-Projection Neuron Cells","RGP"
"AAAGCAGTGAAAGAGG","DKO1",6088,1902,9.00131406044678,"1","0","0","Projection Neurons","Neuron"
"AAAGCCACCTGAAGAA","DKO1",5679,2083,7.69501672829724,"0","0","0","Projection Neurons","Neuron"
"AAAGCCATGGCTATGG","DKO1",15505,4161,2.97968397291196,"2","2","2","Non-Projection Neuron Cells","aIP"
"AAAGCCCAATCAACAG","DKO1",3232,1309,13.1806930693069,"0","1","1","Projection Neurons","Neuron"
"AAAGCCCAGCCAGATG","DKO1",5145,2028,4.95626822157434,"0","1","1","Projection Neurons","Neuron"
"AAAGCCCATACGGCTA","DKO1",12631,3982,5.33607790357058,"1","0","0","Projection Neurons","Neuron"
"AAAGCCCGTCGGACCT","DKO1",2991,1522,5.51654964894684,"0","1","1","Projection Neurons","Neuron"
"AAAGCCCTAACTACCA","DKO1",9407,2763,3.74189433400659,"3","3","3","Non-Projection Neuron Cells","RGP"
"AAAGCCGGAAAGGTTA","DKO1",17301,4263,4.20206924455234,"0","0","0","Projection Neurons","Neuron"
"AAAGCCTAACTATAGA","DKO1",22527,4711,4.80312513872242,"1","0","0","Projection Neurons","Neuron"
"AAAGCGAGTCACCATA","DKO1",13518,3960,5.20787098683237,"3","3","3","Non-Projection Neuron Cells","RGP"
"AAAGCGATCTCGGTTC","DKO1",11523,3579,2.94194220255142,"2","2","2","Non-Projection Neuron Cells","aIP"
"AAAGCGGGAAACTATG","DKO1",7318,2631,5.47963924569555,"0","1","1","Projection Neurons","Neuron"
"AAAGCGGTCACTGTGG","DKO1",13903,3812,4.64647917715601,"3","3","3","Non-Projection Neuron Cells","RGP"
"AAAGCTACCAGACATA","DKO1",10388,3031,5.2368117058144,"0","1","1","Projection Neurons","Neuron"
"AAAGCTCGGACAGCAC","DKO1",7045,2474,4.81192334989354,"0","1","1","Projection Neurons","Neuron"
"AAAGCTCGTCCCGATT","DKO1",2516,1085,1.11287758346582,"0","1","1","Projection Neurons","Neuron"
"AAAGCTGGAAGTCACC","DKO1",4015,2171,3.96014943960149,"6","2","2","Non-Projection Neuron Cells","aIP"
"AAAGCTGTATCCGGGG","DKO1",6922,2323,6.61658480208032,"1","0","0","Projection Neurons","Neuron"
"AAAGCTTATAAGTTAG","DKO1",17735,3930,4.98449393853961,"1","0","0","Projection Neurons","Neuron"
"AAAGCTTATCAGGTTT","DKO1",6439,2322,6.53828234197857,"0","1","1","Projection Neurons","Neuron"
"AAAGCTTCCACTGCAC","DKO1",2907,1527,4.54076367389061,"0","6","6","Projection Neurons","Neuron"
"AAAGCTTCTTCAATCC","DKO1",4759,1584,3.74028157175877,"4","4","4","Non-Projection Neuron Cells","Oligo"
"AAAGCTTGTACTGTCG","DKO1",4189,1871,6.77966101694915,"0","1","1","Projection Neurons","Neuron"
"AAAGGACGTTGAGACT","DKO1",4479,1787,7.2337575351641,"0","1","1","Projection Neurons","Neuron"
"AAAGGAGCAAACGAGG","DKO1",1941,997,5.25502318392581,"0","1","1","Projection Neurons","Neuron"
"AAAGGAGCGCTTCGAG","DKO1",9607,2785,3.40376808577079,"3","3","3","Non-Projection Neuron Cells","RGP"
"AAAGGAGCGTCCAACC","DKO1",2822,1296,3.15379163713678,"3","3","3","Non-Projection Neuron Cells","RGP"
"AAAGGAGGATGTTGCA","DKO1",7500,2535,4.41333333333333,"1","0","0","Projection Neurons","Neuron"
"AAAGGAGTCAGGCGGT","DKO1",3515,1939,3.41394025604552,"0","0","0","Projection Neurons","Neuron"
"AAAGGAGTTACGCGCT","DKO1",2357,1323,6.10946117946542,"3","3","3","Non-Projection Neuron Cells","RGP"
"AAAGGATCCGCAGTGC","DKO1",19290,4841,3.66511145671332,"2","2","2","Non-Projection Neuron Cells","aIP"
"AAAGGATCGTGACACA","DKO1",14437,3672,5.16035187365796,"1","0","0","Projection Neurons","Neuron"
"AAAGGATGAAAATCAT","DKO1",7711,2138,5.09661522500324,"1","0","0","Projection Neurons","Neuron"
"AAAGGATGAAGAAGGC","DKO1",13435,3491,6.8328991440268,"0","0","0","Projection Neurons","Neuron"
"AAAGGATTGCCGGGTA","DKO1",8370,2538,5.40023894862605,"0","1","1","Projection Neurons","Neuron"
"AAAGGCATGAAAAAGA","DKO1",8052,2735,4.23497267759563,"3","3","3","Non-Projection Neuron Cells","RGP"
"AAAGGCCCCATTACGC","DKO1",11070,3474,2.26738934056007,"2","2","2","Non-Projection Neuron Cells","aIP"
"AAAGGCGAACCCTGCG","DKO1",2547,1300,7.57754220651747,"0","1","1","Projection Neurons","Neuron"
"AAAGGCGAGTGCACCA","DKO1",9581,3376,4.06011898549212,"2","2","2","Non-Projection Neuron Cells","aIP"
"AAAGGCTAGACCCGGC","DKO1",4938,1928,7.87768327257999,"0","1","1","Projection Neurons","Neuron"
"AAAGGCTTTAATTGGT","DKO1",7744,2561,5.88842975206612,"0","1","1","Projection Neurons","Neuron"
"AAAGGGAGCACGTCCA","DKO1",20652,5075,3.06023629672671,"2","2","2","Non-Projection Neuron Cells","aIP"
"AAAGGGGCTTACGCAG","DKO1",11865,3368,4.77033291192583,"0","1","1","Projection Neurons","Neuron"
"AAAGGGGCTTAGATAC","DKO1",17094,3946,5.76810576810577,"1","0","0","Projection Neurons","Neuron"
"AAAGGGGGATGGACCT","DKO1",5333,1925,7.78173635852241,"0","1","1","Projection Neurons","Neuron"
"AAAGGGTATAAGAGCC","DKO1",4160,1782,3.10096153846154,"5","5","5","Non-Projection Neuron Cells","OBNB"
"AAAGGGTTATAGACTC","DKO1",8714,2864,3.3509295386734,"2","2","2","Non-Projection Neuron Cells","aIP"
"AAAGGTCATGGGGGTT","DKO1",4190,1856,5.48926014319809,"0","1","1","Projection Neurons","Neuron"
"AAAGGTCCGCGCATGA","DKO1",5796,2753,6.83229813664596,"0","0","0","Projection Neurons","Neuron"
"AAAGGTTGGGGAGTTA","DKO1",4039,1872,3.63951473136915,"2","2","2","Non-Projection Neuron Cells","aIP"
"AAAGTAAATTTAAGCC","DKO1",5717,2129,5.19503235962918,"0","1","1","Projection Neurons","Neuron"
"AAAGTAAGCTATATCT","DKO1",6649,2228,10.0917431192661,"1","0","0","Projection Neurons","Neuron"
"AAAGTACCGGTGTGGA","DKO1",6288,2306,6.56806615776081,"5","5","5","Non-Projection Neuron Cells","OBNB"
"AAAGTACCTTGCCTCG","DKO1",6078,2133,2.53372820006581,"0","1","1","Projection Neurons","Neuron"
"AAAGTACGCAACGCCG","DKO1",5955,2319,6.95214105793451,"0","1","1","Projection Neurons","Neuron"
"AAAGTACGCCCCATGC","DKO1",15454,4023,6.02433027048014,"0","0","0","Projection Neurons","Neuron"
"AAAGTACGTCCTATTC","DKO1",11445,3117,4.04543468763652,"2","2","2","Non-Projection Neuron Cells","aIP"
"AAAGTAGATTCGGTTT","DKO1",13000,3916,4.88461538461538,"0","0","0","Projection Neurons","Neuron"
"AAAGTAGCGGCGAGGT","DKO1",5546,2129,5.60764514965741,"0","0","0","Projection Neurons","Neuron"
"AAAGTAGTCTCCACTG","DKO1",1944,920,7.92181069958848,"1","0","0","Projection Neurons","Neuron"
"AAAGTATAATTAACCC","DKO1",9414,2909,6.2353940939027,"0","1","1","Projection Neurons","Neuron"
"AAAGTATATATCCCTC","DKO1",10408,3023,4.17947732513451,"1","0","0","Projection Neurons","Neuron"
"AAAGTATTCCTTCTTT","DKO1",7701,2727,7.70029866251136,"0","6","6","Projection Neurons","Neuron"
"AAAGTATTCTCTTCTG","DKO1",7659,2300,7.46833790312051,"1","0","0","Projection Neurons","Neuron"
"AAAGTATTTGGTATAC","DKO1",12789,3737,3.40136054421769,"2","2","2","Non-Projection Neuron Cells","aIP"
"AAAGTCCCACTGGTGT","DKO1",3394,1409,9.39893930465527,"0","1","1","Projection Neurons","Neuron"
"AAAGTCCTAGCTATGA","DKO1",3427,1714,6.0694484972279,"0","1","1","Projection Neurons","Neuron"
"AAAGTCGCCACCAAGT","DKO1",10959,3073,8.23067798156766,"1","0","0","Projection Neurons","Neuron"
"AAAGTGAAACATACAG","DKO1",14407,3859,4.17852432845145,"1","0","0","Projection Neurons","Neuron"
"AAAGTGCAACCCCGAT","DKO1",12832,3766,4.62125935162095,"3","3","3","Non-Projection Neuron Cells","RGP"
"AAAGTGCCGCGTTCTA","DKO1",6960,2353,6.79597701149425,"0","1","1","Projection Neurons","Neuron"
"AAAGTGCGATCGAAAC","DKO1",6928,2385,5.31177829099307,"0","1","1","Projection Neurons","Neuron"
"AAAGTGGAGGTGAGCT","DKO1",5501,2085,6.54426467914925,"0","0","0","Projection Neurons","Neuron"
"AAAGTGGCCATAGTTA","DKO1",10827,3618,5.74489701671747,"0","0","0","Projection Neurons","Neuron"
"AAAGTGTAAGCACTCG","DKO1",9065,2788,6.36514065085494,"1","0","0","Projection Neurons","Neuron"
"AAAGTGTAATTCTAAG","DKO1",7151,2350,5.94322472381485,"1","0","0","Projection Neurons","Neuron"
"AAAGTGTACCCATGGG","DKO1",1970,1076,4.61928934010152,"0","1","1","Projection Neurons","Neuron"
"AAAGTTACCGAGGATC","DKO1",8712,2901,5.07346189164371,"0","1","1","Projection Neurons","Neuron"
"AAAGTTACCTTTTACT","DKO1",8434,2492,9.9715437514821,"1","0","0","Projection Neurons","Neuron"
"AAAGTTAGATTCTGGC","DKO1",9495,3080,7.0984728804634,"1","0","0","Projection Neurons","Neuron"
"AAAGTTCACGGTTCTA","DKO1",11698,3407,8.71089075055565,"3","3","3","Non-Projection Neuron Cells","RGP"
"AAAGTTCGCCGTAGTG","DKO1",6509,2067,6.72914426179137,"5","5","5","Non-Projection Neuron Cells","OBNB"
"AAAGTTGAAGTTTCCG","DKO1",4726,2145,3.63944138806602,"2","2","2","Non-Projection Neuron Cells","aIP"
"AAAGTTGACCCGTCTC","DKO1",14141,4187,7.12820875468496,"1","0","0","Projection Neurons","Neuron"
"AAAGTTGATTACAGTT","DKO1",1951,859,5.43311122501281,"0","1","1","Projection Neurons","Neuron"
"AAAGTTTGAACGCCTT","DKO1",14225,3755,5.06854130052724,"3","3","3","Non-Projection Neuron Cells","RGP"
"AAATAAATATGGCCTG","DKO1",16094,3914,3.82751335901578,"0","0","0","Projection Neurons","Neuron"
"AAATAACATCCCGATG","DKO1",7595,2307,3.39697169190257,"5","5","5","Non-Projection Neuron Cells","OBNB"
"AAATAAGACGCGGGGA","DKO1",7041,2636,8.3936940775458,"0","1","1","Projection Neurons","Neuron"
"AAATAAGGTGCGTGCG","DKO1",5840,2221,12.1917808219178,"0","1","1","Projection Neurons","Neuron"
"AAATAATCAGAGCTTA","DKO1",7610,2554,6.34691195795007,"0","1","1","Projection Neurons","Neuron"
"AAATACACAATTCTAT","DKO1",2346,1303,5.07246376811594,"0","1","1","Projection Neurons","Neuron"
"AAATACCAAATTGGTA","DKO1",6750,2126,5.88148148148148,"1","0","0","Projection Neurons","Neuron"
"AAATACCCTCGGCTGC","DKO1",10724,3276,5.75345020514733,"0","0","0","Projection Neurons","Neuron"
"AAATACGAGTTAGTCG","DKO1",9176,3360,2.49564080209242,"2","2","2","Non-Projection Neuron Cells","aIP"
"AAATACTATACGCGAT","DKO1",5819,2348,2.47465200206221,"0","1","1","Projection Neurons","Neuron"
"AAATACTCATACGGGC","DKO1",3358,1621,4.3776057176891,"0","1","1","Projection Neurons","Neuron"
"AAATACTCGGCTTACA","DKO1",4941,2008,5.48471969236997,"0","1","1","Projection Neurons","Neuron"
"AAATACTCGTCCATTA","DKO1",2911,1580,3.81312263826864,"0","1","1","Projection Neurons","Neuron"
"AAATACTGCTTTATCA","DKO1",18813,4529,6.20847286450858,"1","0","0","Projection Neurons","Neuron"
"AAATAGAAAGGGAGCT","DKO1",6711,2334,4.63418268514379,"4","4","4","Non-Projection Neuron Cells","Oligo"
"AAATAGAAATTATCAC","DKO1",8480,2806,6.15566037735849,"1","0","0","Projection Neurons","Neuron"
"AAATAGAAGTCAGTTG","DKO1",4363,1709,8.29704331881733,"0","1","1","Projection Neurons","Neuron"
"AAATAGACCTCTGATT","DKO1",19608,4032,5.89045287637699,"1","0","0","Projection Neurons","Neuron"
"AAATAGATGTCCCGGC","DKO1",15653,4232,3.79479971890372,"3","3","3","Non-Projection Neuron Cells","RGP"
"AAATAGCGTAGAAGCA","DKO1",5067,1931,5.40753897769884,"3","3","3","Non-Projection Neuron Cells","RGP"
"AAATAGGCGAGTATAG","DKO1",6099,2211,4.03344810624693,"3","3","3","Non-Projection Neuron Cells","RGP"
"AAATAGGGCCTGCATG","DKO1",4374,1924,3.61225422953818,"2","2","2","Non-Projection Neuron Cells","aIP"
"AAATAGTTAGGTCACG","DKO1",9342,3304,4.53864268893171,"0","1","1","Projection Neurons","Neuron"
"AAATAGTTAGTTAAGT","DKO1",8251,2451,7.17488789237668,"0","0","0","Projection Neurons","Neuron"
"AAATATAATCAAATAC","DKO1",3701,1753,1.37800594433937,"0","1","1","Projection Neurons","Neuron"
"AAATATACCGCCCGCA","DKO1",14527,4137,4.55703173401253,"0","6","6","Projection Neurons","Neuron"
"AAATATACGTATTCGC","DKO1",3441,1787,2.1505376344086,"0","1","1","Projection Neurons","Neuron"
"AAATATAGGCTGGATG","DKO1",4856,2045,5.99258649093905,"0","1","1","Projection Neurons","Neuron"
"AAATATATATAAGGAG","DKO1",9666,3141,4.87274984481688,"2","2","2","Non-Projection Neuron Cells","aIP"
"AAATATCGGCCATGAC","DKO1",6490,2498,3.63636363636364,"1","0","0","Projection Neurons","Neuron"
"AAATATCGGCCCTGAG","DKO1",2296,1202,6.1411149825784,"0","1","1","Projection Neurons","Neuron"
"AAATATGAATGCTGGC","DKO1",13626,3336,7.89666813444885,"1","0","0","Projection Neurons","Neuron"
"AAATATGTCAGGGATA","DKO1",11625,3826,3.4752688172043,"0","0","0","Projection Neurons","Neuron"
"AAATATGTTAAGTAAG","DKO1",14476,3967,3.55761260016579,"2","2","2","Non-Projection Neuron Cells","aIP"
"AAATATTAAGTACGCG","DKO1",15024,3790,7.55457933972311,"1","0","0","Projection Neurons","Neuron"
"AAATATTTGTAGTACG","DKO1",2930,1232,8.56655290102389,"0","1","1","Projection Neurons","Neuron"
"AAATCAATAAGACGCA","DKO1",7940,2638,6.59949622166247,"0","1","1","Projection Neurons","Neuron"
"AAATCAATACGAGACA","DKO1",8398,3151,3.75089306977852,"2","2","2","Non-Projection Neuron Cells","aIP"
"AAATCACGGTCCCCGG","DKO1",7246,2266,7.14877173613028,"5","5","5","Non-Projection Neuron Cells","OBNB"
"AAATCATCCGCGGGCT","DKO1",2949,1405,5.83248558833503,"0","1","1","Projection Neurons","Neuron"
"AAATCATCGCTCTCCC","DKO1",5983,1763,4.89720875814809,"3","3","3","Non-Projection Neuron Cells","RGP"
"AAATCATTAACGGGTC","DKO1",15686,3449,4.55820476858345,"1","0","0","Projection Neurons","Neuron"
"AAATCATTAGGTGGTG","DKO1",11215,3361,6.75880517164512,"0","0","0","Projection Neurons","Neuron"
"AAATCCACGCTCATGG","DKO1",7404,2616,5.24041058887088,"2","2","2","Non-Projection Neuron Cells","aIP"
"AAATCCACGTCGCCGA","DKO1",6122,2245,8.21626919307416,"5","5","5","Non-Projection Neuron Cells","OBNB"
"AAATCCCAAGCTTTCC","DKO1",7181,2680,1.39256370978972,"2","2","2","Non-Projection Neuron Cells","aIP"
"AAATCCCCCCCAATAG","DKO1",4031,1806,5.30885636318531,"1","0","0","Projection Neurons","Neuron"
"AAATCCCCCCCTCTAC","DKO1",15932,4015,6.1197589756465,"0","0","0","Projection Neurons","Neuron"
"AAATCCCCGTGGCTTA","DKO1",8862,3157,3.8591740013541,"2","2","2","Non-Projection Neuron Cells","aIP"
"AAATCCGCCATCTGGA","DKO1",8699,2516,2.64398206690424,"3","3","3","Non-Projection Neuron Cells","RGP"
"AAATCCGGCGTGCTTA","DKO1",6076,2263,12.7386438446346,"4","4","4","Non-Projection Neuron Cells","Oligo"
"AAATCCTAGTCGCTCC","DKO1",8180,2780,7.27383863080685,"0","1","1","Projection Neurons","Neuron"
"AAATCCTGGGCTTGGG","DKO1",9173,3444,5.17824048838984,"6","2","2","Non-Projection Neuron Cells","aIP"
"AAATCCTGTAACAAGG","DKO1",4291,1679,5.63971102307155,"0","1","1","Projection Neurons","Neuron"
"AAATCGCATTATAGGG","DKO1",5688,2076,6.41701828410689,"0","1","1","Projection Neurons","Neuron"
"AAATCGCGTGGACGCA","DKO1",3617,1867,4.06414155377385,"0","1","1","Projection Neurons","Neuron"
"AAATCGCTATGTACAC","DKO1",14761,3822,3.96314612831109,"3","3","3","Non-Projection Neuron Cells","RGP"
"AAATCGCTGATTGGCC","DKO1",17524,4135,3.53800502168455,"3","3","3","Non-Projection Neuron Cells","RGP"
"AAATCGGACTTAGCCA","DKO1",18857,4420,3.68563398207562,"0","0","0","Projection Neurons","Neuron"
"AAATCGGTGTGCCCAC","DKO1",9749,3122,6.16473484459945,"3","3","3","Non-Projection Neuron Cells","RGP"
"AAATCGTCGGCAACGT","DKO1",3839,2184,5.54831987496744,"0","6","6","Projection Neurons","Neuron"
"AAATCGTTCTCAGAGT","DKO1",11260,4018,2.84191829484902,"2","2","2","Non-Projection Neuron Cells","aIP"
"AAATCTAACACGGTGG","DKO1",2054,1108,9.15287244401168,"1","0","0","Projection Neurons","Neuron"
"AAATCTACTATTCTCA","DKO1",2202,1313,8.40145322434151,"0","1","1","Projection Neurons","Neuron"
"AAATCTCTGAATTCGC","DKO1",3024,1583,7.20899470899471,"0","0","0","Projection Neurons","Neuron"
"AAATCTCTGACTAGGA","DKO1",14218,4255,4.26220284146856,"2","2","2","Non-Projection Neuron Cells","aIP"
"AAATCTGAGACCGCTT","DKO1",7759,2570,7.74584353653821,"1","0","0","Projection Neurons","Neuron"
"AAATCTGCACCATACA","DKO1",2164,1356,2.95748613678373,"0","0","0","Projection Neurons","Neuron"
"AAATCTTTTGCAATTC","DKO1",6431,2767,7.12175400404292,"0","1","1","Projection Neurons","Neuron"
"AAATGAAATATAAACA","DKO1",18946,5449,3.66832048981315,"2","2","2","Non-Projection Neuron Cells","aIP"
"AAATGAACCAAGGATT","DKO1",7520,2755,4.66755319148936,"2","2","2","Non-Projection Neuron Cells","aIP"
"AAATGAGCCAAAAAAT","DKO1",2456,1232,8.46905537459283,"0","1","1","Projection Neurons","Neuron"
"AAATGAGTCATGCAGC","DKO1",11897,3230,5.45515676220896,"0","0","0","Projection Neurons","Neuron"
"AAATGATGGTTGGTTA","DKO1",8115,2945,5.37276648182378,"0","1","1","Projection Neurons","Neuron"
"AAATGCAATTCGACTG","DKO1",11473,3379,5.93567506319184,"0","1","1","Projection Neurons","Neuron"
"AAATGCCAAAAGATTT","DKO1",8533,2555,6.37524903316536,"1","0","0","Projection Neurons","Neuron"
"AAATGCCCAGGGTTAT","DKO1",20151,4373,4.93772021239641,"1","0","0","Projection Neurons","Neuron"
"AAATGCGAAGGAGACA","DKO1",3802,1893,2.63019463440295,"5","5","5","Non-Projection Neuron Cells","OBNB"
"AAATGCGATTCACAGG","DKO1",6809,2146,5.63959465413423,"0","1","1","Projection Neurons","Neuron"
"AAATGCGGACCAGCGA","DKO1",10016,3439,6.31988817891374,"0","1","1","Projection Neurons","Neuron"
"AAATGCGTGAGCTGGG","DKO1",7081,2599,6.14320011297839,"0","1","1","Projection Neurons","Neuron"
"AAATGCGTTTCAGGTT","DKO1",2544,1443,2.16194968553459,"0","1","1","Projection Neurons","Neuron"
"AAATGCTGCCATGGGC","DKO1",13615,3651,5.9786999632758,"0","0","0","Projection Neurons","Neuron"
"AAATGGAAGCCGATTA","DKO1",4010,1519,8.85286783042394,"1","0","0","Projection Neurons","Neuron"
"AAATGGATAACGAGAC","DKO1",16759,3944,5.81776955665612,"1","0","0","Projection Neurons","Neuron"
"AAATGGCACTGGTATT","DKO1",9761,2953,7.15090666939863,"0","0","0","Projection Neurons","Neuron"
"AAATGGCCATGGGGTC","DKO1",11068,3327,4.8698951933502,"0","0","0","Projection Neurons","Neuron"
"AAATGGGGCCGCTCGA","DKO1",2839,1141,3.20535399788658,"2","2","2","Non-Projection Neuron Cells","aIP"
"AAATGGTCCTAGATGC","DKO1",9095,2626,5.76140736668499,"0","1","1","Projection Neurons","Neuron"
"AAATGTAACCAGCGGT","DKO1",2628,1345,5.59360730593607,"0","1","1","Projection Neurons","Neuron"
"AAATGTAATGGACAAA","DKO1",4350,2304,1.28735632183908,"3","3","3","Non-Projection Neuron Cells","RGP"
"AAATGTATTACGCAGT","DKO1",3156,1331,7.85804816223067,"0","1","1","Projection Neurons","Neuron"
"AAATGTCAGAGTAGGA","DKO1",4948,1879,6.72999191592563,"0","1","1","Projection Neurons","Neuron"
"AAATGTCCGCTGCACG","DKO1",2229,1349,3.81336922386721,"0","0","0","Projection Neurons","Neuron"
"AAATGTTAAGCGTACA","DKO1",11245,3086,11.3472654513117,"1","0","0","Projection Neurons","Neuron"
"AAATGTTGTCGGTTTG","DKO1",2747,1209,1.85657080451402,"1","0","0","Projection Neurons","Neuron"
"AAATTACACAAGCTCT","DKO1",7642,2738,8.41402774142895,"0","1","1","Projection Neurons","Neuron"
"AAATTACGCGAATGCA","DKO1",10726,3023,4.64292373671453,"4","3","3","Non-Projection Neuron Cells","RGP"
"AAATTAGTCACGACCG","DKO1",2289,1286,2.05329838357361,"0","1","1","Projection Neurons","Neuron"
"AAATTATAGGCAAAAG","DKO1",13451,3565,4.81748568879637,"0","1","1","Projection Neurons","Neuron"
"AAATTATTGTAGCCGC","DKO1",8768,3050,5.93065693430657,"0","1","1","Projection Neurons","Neuron"
"AAATTCAGCAGATCGA","DKO1",3783,1534,5.02246893999471,"2","2","2","Non-Projection Neuron Cells","aIP"
"AAATTCAGTTAAAGAT","DKO1",4679,1260,6.56123103227185,"0","0","0","Projection Neurons","Neuron"
"AAATTCCTAACGTCCT","DKO1",15993,3767,4.13931094853999,"0","0","0","Projection Neurons","Neuron"
"AAATTCCTAGCGGTTG","DKO1",17251,3794,4.62581879311344,"3","3","3","Non-Projection Neuron Cells","RGP"
"AAATTCCTCTGAACAG","DKO1",5415,2037,3.41643582640813,"3","3","3","Non-Projection Neuron Cells","RGP"
"AAATTCGGAGGTCCCC","DKO1",6071,2375,0.263548015154011,"0","0","0","Projection Neurons","Neuron"
"AAATTGAACGGGCAGC","DKO1",6727,2526,7.53679203210941,"0","1","1","Projection Neurons","Neuron"
"AAATTGACAGACAACT","DKO1",18122,4184,4.45866902107935,"1","0","0","Projection Neurons","Neuron"
"AAATTGCAGTGCTTCG","DKO1",17875,5226,1.88531468531469,"3","3","3","Non-Projection Neuron Cells","RGP"
"AAATTGTAGAAAGCGG","DKO1",5583,2237,6.01826974744761,"0","1","1","Projection Neurons","Neuron"
"AAATTGTGTCGATAGC","DKO1",2112,1233,2.08333333333333,"0","1","1","Projection Neurons","Neuron"
"AAATTGTTAACCGAAT","DKO1",4279,1523,6.0294461322739,"3","3","3","Non-Projection Neuron Cells","RGP"
"AAATTGTTTAACTGGA","DKO1",7065,2171,5.16631280962491,"0","1","1","Projection Neurons","Neuron"
"AAATTTAGCTCGAGAA","DKO1",7469,2604,5.65002008300977,"2","2","2","Non-Projection Neuron Cells","aIP"
"AAATTTAGGGTACGCT","DKO1",3167,1476,9.40953583833281,"5","5","5","Non-Projection Neuron Cells","OBNB"
"AACAAAATGACTCAAA","DKO1",22708,4746,4.9365862251189,"1","0","0","Projection Neurons","Neuron"
"AACAAACCTCGTTCTG","DKO1",15736,4020,3.41255719369598,"3","3","3","Non-Projection Neuron Cells","RGP"
"AACAAACGCCCCGGGT","DKO1",14476,3834,5.4642166344294,"0","0","0","Projection Neurons","Neuron"
"AACAAAGATGATGGAA","DKO1",3947,1656,6.30858880162148,"1","0","0","Projection Neurons","Neuron"
"AACAAAGTTCGGCCCT","DKO1",8894,2764,6.80233865527322,"1","0","0","Projection Neurons","Neuron"
"AACAAATGCTCGCAGT","DKO1",4530,1800,7.10816777041943,"0","1","1","Projection Neurons","Neuron"
"AACAAATTTGGATGGT","DKO1",13770,3883,4.81481481481481,"0","6","6","Projection Neurons","Neuron"
"AACAACACGCCCGGTT","DKO1",6529,2324,8.97534078725685,"0","0","0","Projection Neurons","Neuron"
"AACAACAGCAATTTTC","DKO1",3511,1868,1.48105952720023,"0","6","6","Projection Neurons","Neuron"
"AACAACCCACACTGTG","DKO1",4953,1820,5.12820512820513,"1","0","0","Projection Neurons","Neuron"
"AACAACGGAGGCCTGG","DKO1",6585,2367,5.17843583902809,"3","3","3","Non-Projection Neuron Cells","RGP"
"AACAACGGCGCGTCGG","DKO1",4464,2232,0.3584229390681,"0","1","1","Projection Neurons","Neuron"
"AACAAGAATCCGGTAG","DKO1",3742,2181,0.88188134687333,"1","0","0","Projection Neurons","Neuron"
"AACAAGATAAGGAGAT","DKO1",7839,2556,6.09771654547774,"1","0","0","Projection Neurons","Neuron"
"AACAAGATATGTGAAT","DKO1",4602,2053,5.08474576271187,"0","1","1","Projection Neurons","Neuron"
"AACAAGCAACGTGAAA","DKO1",8337,3209,0.88760945184119,"5","5","5","Non-Projection Neuron Cells","OBNB"
"AACAAGTCTCAGCATC","DKO1",5716,2379,0.787263820853744,"0","1","1","Projection Neurons","Neuron"
"AACAAGTCTCCGATGG","DKO1",2593,1213,5.86193598148862,"5","5","5","Non-Projection Neuron Cells","OBNB"
"AACAAGTGCACCTGAC","DKO1",2527,1578,4.19469726948951,"1","0","0","Projection Neurons","Neuron"
"AACAAGTTATAGTCTT","DKO1",6996,2427,3.81646655231561,"0","1","1","Projection Neurons","Neuron"
"AACAATACGAGGTATA","DKO1",21042,4938,5.44149795646802,"0","6","6","Projection Neurons","Neuron"
"AACAATGTAGGCAGGC","DKO1",13260,3950,4.4947209653092,"2","2","2","Non-Projection Neuron Cells","aIP"
"AACAATGTCCTTCGTA","DKO1",8445,2356,6.60746003552398,"0","1","1","Projection Neurons","Neuron"
"AACAATTGACCGTCTA","DKO1",6297,2187,4.4783230109576,"5","5","5","Non-Projection Neuron Cells","OBNB"
"AACAATTGCCTCTATA","DKO1",4452,1608,2.58310871518419,"0","1","1","Projection Neurons","Neuron"
"AACAATTTTGTAACCC","DKO1",7538,2359,3.36959405677899,"2","2","2","Non-Projection Neuron Cells","aIP"
"AACACAGAAAATAAAC","DKO1",7902,2390,5.51759048342192,"0","6","6","Projection Neurons","Neuron"
"AACACAGACCGTAATG","DKO1",11511,3656,3.51837372947615,"2","2","2","Non-Projection Neuron Cells","aIP"
"AACACCATTAGTTAAT","DKO1",11852,3406,4.26088423894701,"0","1","1","Projection Neurons","Neuron"
"AACACCCGGAACTAGG","DKO1",4598,1999,6.02435841670291,"1","0","0","Projection Neurons","Neuron"
"AACACCGGGAGCATCT","DKO1",17515,4914,3.73394233514131,"6","2","2","Non-Projection Neuron Cells","aIP"
"AACACGCATGGCTTTA","DKO1",9338,3375,4.00514028699936,"3","3","3","Non-Projection Neuron Cells","RGP"
"AACACGGCCTAATCTG","DKO1",5934,2147,6.67340748230536,"0","1","1","Projection Neurons","Neuron"
"AACACGGTCTGCAAGA","DKO1",9958,3326,2.76159871460133,"3","3","3","Non-Projection Neuron Cells","RGP"
"AACACGGTGTCGAGGT","DKO1",4650,1983,2.38709677419355,"0","1","1","Projection Neurons","Neuron"
"AACACGTCATGACATT","DKO1",12666,3634,4.91867993052266,"2","2","2","Non-Projection Neuron Cells","aIP"
"AACACGTCGGTAACTA","DKO1",7019,2009,7.23749821911953,"1","0","0","Projection Neurons","Neuron"
"AACACGTGTAGCAGTC","DKO1",2770,1294,6.89530685920578,"1","0","0","Projection Neurons","Neuron"
"AACACGTTCTGCTATG","DKO1",13297,3426,5.48243964804091,"0","0","0","Projection Neurons","Neuron"
"AACACTAAAAGTGTCC","DKO1",9883,3018,6.44541131235455,"1","0","0","Projection Neurons","Neuron"
"AACACTACGATCACGT","DKO1",3610,1569,8.17174515235457,"0","1","1","Projection Neurons","Neuron"
"AACACTCAGTTCTCGG","DKO1",15686,4021,1.69577967614433,"3","3","3","Non-Projection Neuron Cells","RGP"
"AACACTCTTTGGTAAA","DKO1",4209,1869,4.56165359942979,"2","2","2","Non-Projection Neuron Cells","aIP"
"AACACTGGTGTTCCCA","DKO1",17359,4597,1.91255256639207,"2","2","2","Non-Projection Neuron Cells","aIP"
"AACACTTAGGGGTCGG","DKO1",8303,2698,4.95001806575936,"0","1","1","Projection Neurons","Neuron"
"AACACTTGCCCGGATT","DKO1",9215,2720,4.29734129137276,"3","3","3","Non-Projection Neuron Cells","RGP"
"AACAGAACTTTTTGTA","DKO1",12077,3770,5.02608263641633,"0","1","1","Projection Neurons","Neuron"
"AACAGAATCACGACGC","DKO1",11372,3438,4.68695040450229,"3","3","3","Non-Projection Neuron Cells","RGP"
"AACAGACATGTGCTCA","DKO1",3656,1696,3.88402625820569,"0","1","1","Projection Neurons","Neuron"
"AACAGACCTATGACGT","DKO1",11534,3352,4.96792092942604,"3","3","3","Non-Projection Neuron Cells","RGP"
"AACAGACGGACCGGGA","DKO1",6681,2125,5.38841490794791,"5","5","5","Non-Projection Neuron Cells","OBNB"
"AACAGACTTACTAATC","DKO1",3078,1309,6.75763482781027,"0","1","1","Projection Neurons","Neuron"
"AACAGACTTGTGGTAG","DKO1",14522,3663,4.77895606665748,"3","3","3","Non-Projection Neuron Cells","RGP"
"AACAGAGATGACCAAC","DKO1",9398,2471,6.23536922749521,"4","4","4","Non-Projection Neuron Cells","Oligo"
"AACAGATAGGCCCCTT","DKO1",2924,1585,4.890560875513,"2","2","2","Non-Projection Neuron Cells","aIP"
"AACAGATATCTAAGAG","DKO1",6146,2300,4.76732834363814,"0","1","1","Projection Neurons","Neuron"
"AACAGATCGCATAGCG","DKO1",3660,1523,4.89071038251366,"2","2","2","Non-Projection Neuron Cells","aIP"
"AACAGCAAGAGCCTTT","DKO1",3475,1525,4.02877697841727,"5","5","5","Non-Projection Neuron Cells","OBNB"
"AACAGCACAGGCACGA","DKO1",4457,1542,5.02580210904196,"0","1","1","Projection Neurons","Neuron"
"AACAGCCCACTGGAAC","DKO1",5450,2294,6.47706422018349,"0","1","1","Projection Neurons","Neuron"
"AACAGCCCGGAGTAGC","DKO1",5955,2384,2.38455079764903,"0","6","6","Projection Neurons","Neuron"
"AACAGCCGCGGGCATC","DKO1",5647,1856,6.94173897644767,"0","1","1","Projection Neurons","Neuron"
"AACAGCGGCGGATCTC","DKO1",16028,4262,1.90291989019216,"3","3","3","Non-Projection Neuron Cells","RGP"
"AACAGCTACTACACGG","DKO1",9659,3450,3.4682679366394,"0","5","5","Non-Projection Neuron Cells","OBNB"
"AACAGCTATCGTACTT","DKO1",13336,3705,5.62387522495501,"0","6","6","Projection Neurons","Neuron"
"AACAGCTGTGGAGGAC","DKO1",4646,1903,7.53336203185536,"1","0","0","Projection Neurons","Neuron"
"AACAGCTTATGTCAAT","DKO1",18786,5212,2.95965080379006,"2","2","2","Non-Projection Neuron Cells","aIP"
"AACAGGAAACCGAGTA","DKO1",10189,3119,7.2234762979684,"2","2","2","Non-Projection Neuron Cells","aIP"
"AACAGGACCCCCTCAT","DKO1",7928,2458,4.70484359233098,"5","5","5","Non-Projection Neuron Cells","OBNB"
"AACAGGACGTCGCAGA","DKO1",15077,3805,4.41069178218479,"1","0","0","Projection Neurons","Neuron"
"AACAGGAGGGAGGATT","DKO1",4859,1812,4.01317143445153,"3","3","3","Non-Projection Neuron Cells","RGP"
"AACAGGCCAACCATGA","DKO1",19032,4270,5.50126103404792,"1","0","0","Projection Neurons","Neuron"
"AACAGGCCGAGGATAT","DKO1",9103,2682,6.90980995276283,"0","1","1","Projection Neurons","Neuron"
"AACAGGGGAGCGCACT","DKO1",15465,3778,4.4487552537989,"3","3","3","Non-Projection Neuron Cells","RGP"
"AACAGGGTCTGCCCCC","DKO1",8546,2890,6.51766908495202,"0","1","1","Projection Neurons","Neuron"
"AACAGTAACTAACCTG","DKO1",5638,2516,1.48989003192621,"0","1","1","Projection Neurons","Neuron"
"AACAGTACATCGGCCT","DKO1",7118,2576,6.64512503512223,"0","1","1","Projection Neurons","Neuron"
"AACAGTCACCATTATA","DKO1",4308,1579,4.03899721448468,"3","3","3","Non-Projection Neuron Cells","RGP"
"AACAGTCCCACGGTAT","DKO1",12481,4077,1.72261837993751,"2","2","2","Non-Projection Neuron Cells","aIP"
"AACAGTCGGCTTATGC","DKO1",8548,2657,4.08282639213851,"0","1","1","Projection Neurons","Neuron"
"AACAGTCGGTGCCCCT","DKO1",12745,2678,5.02157708905453,"1","0","0","Projection Neurons","Neuron"
"AACAGTGCTGAGGTCC","DKO1",6223,2435,4.83689538807649,"1","0","0","Projection Neurons","Neuron"
"AACAGTGGTGTTAGAC","DKO1",10553,3302,7.90296598123756,"2","2","2","Non-Projection Neuron Cells","aIP"
"AACAGTTTATCGAGTT","DKO1",6922,2685,1.63247616295868,"0","1","1","Projection Neurons","Neuron"
"AACATAAAGACAACGT","DKO1",7046,2355,5.37893840476866,"0","1","1","Projection Neurons","Neuron"
"AACATAAGTTGGCTGT","DKO1",5391,1590,14.3572621035058,"0","1","1","Projection Neurons","Neuron"
"AACATACGTGTCCGAG","DKO1",3520,1470,5.71022727272727,"0","1","1","Projection Neurons","Neuron"
"AACATACTACATCCCT","DKO1",4374,1715,6.95016003657979,"5","5","5","Non-Projection Neuron Cells","OBNB"
"AACATATCTATCTGGA","DKO1",13634,3964,4.22473228692973,"4","4","4","Non-Projection Neuron Cells","Oligo"
"AACATATGACGGAAAC","DKO1",6929,2656,6.17693750902006,"0","1","1","Projection Neurons","Neuron"
"AACATCAACTGTGACA","DKO1",2241,1208,7.54127621597501,"0","1","1","Projection Neurons","Neuron"
"AACATCAAGAGTACGC","DKO1",24030,4993,4.51935081148564,"1","0","0","Projection Neurons","Neuron"
"AACATCATAATACAAA","DKO1",9713,2930,6.00226500566251,"3","3","3","Non-Projection Neuron Cells","RGP"
"AACATCATCCGTTCGT","DKO1",11475,3581,3.37254901960784,"0","6","6","Projection Neurons","Neuron"
"AACATCTCATAGATCC","DKO1",2967,1542,4.78597910347152,"5","5","5","Non-Projection Neuron Cells","OBNB"
"AACATCTGAACTATTT","DKO1",13734,3283,5.42449395660405,"1","0","0","Projection Neurons","Neuron"
"AACATCTTTAAGTGTA","DKO1",12823,3824,4.98323325274897,"0","1","1","Projection Neurons","Neuron"
"AACATGAAGAATAACT","DKO1",6445,2447,9.07680372381691,"0","1","1","Projection Neurons","Neuron"
"AACATGAAGTTAAAGA","DKO1",3915,1821,4.2911877394636,"3","3","3","Non-Projection Neuron Cells","RGP"
"AACATGACTATTAAAT","DKO1",6166,2118,7.7684073953941,"0","0","0","Projection Neurons","Neuron"
"AACATGAGAAATCTTG","DKO1",2017,1286,3.27218641546852,"2","2","2","Non-Projection Neuron Cells","aIP"
"AACATGCCAGGATTTC","DKO1",9664,2921,9.23013245033113,"0","0","0","Projection Neurons","Neuron"
"AACATGGGAGCAGATG","DKO1",10856,2959,5.79403095062638,"0","1","1","Projection Neurons","Neuron"
"AACATGGTCGAAATGC","DKO1",16047,4082,4.33102760640618,"0","0","0","Projection Neurons","Neuron"
"AACATGTGCGGAAACT","DKO1",7461,2491,2.05066344993969,"0","1","1","Projection Neurons","Neuron"
"AACATTAGATTCATTC","DKO1",7018,2304,4.2889712168709,"0","1","1","Projection Neurons","Neuron"
"AACATTATTCATTCGT","DKO1",5868,1663,12.5426039536469,"0","1","1","Projection Neurons","Neuron"
"AACATTCCAGTTTTAA","DKO1",6594,2380,9.47831361844101,"0","0","0","Projection Neurons","Neuron"
"AACATTGCTAGGGATT","DKO1",18855,4201,4.99071864226995,"1","0","0","Projection Neurons","Neuron"
"AACATTGGAGTCGAAT","DKO1",8130,2716,7.79827798277983,"0","1","1","Projection Neurons","Neuron"
"AACATTGGTGTTATTC","DKO1",6270,1797,4.70494417862839,"1","0","0","Projection Neurons","Neuron"
"AACATTTCGAGGACGC","DKO1",6937,2412,7.00591033588006,"0","1","1","Projection Neurons","Neuron"
"AACATTTCTTAGTTCC","DKO1",4182,1953,2.58249641319943,"2","2","2","Non-Projection Neuron Cells","aIP"
"AACCAACGTGCTGGAG","DKO1",7982,2424,5.90077674768229,"3","3","3","Non-Projection Neuron Cells","RGP"
"AACCAACTCTGCTGCC","DKO1",2595,1266,4.81695568400771,"0","1","1","Projection Neurons","Neuron"
"AACCAAGTCCGTCTCC","DKO1",8005,2461,5.37164272329794,"0","1","1","Projection Neurons","Neuron"
"AACCAATAGGAGCTCG","DKO1",9854,2620,9.78282930789527,"1","0","0","Projection Neurons","Neuron"
"AAAAACACAGGATACC","WT1",15284,3890,4.91363517403821,"1","0","0","Projection Neurons","Neuron"
"AAAAACACCTTAGACT","WT1",2501,1184,5.71771291483407,"0","1","1","Projection Neurons","Neuron"
"AAAAACCTGGGTGAGA","WT1",11479,3348,3.73725934314836,"1","0","0","Projection Neurons","Neuron"
"AAAAACTAGAAGCTCG","WT1",3129,1494,5.56088207094918,"1","0","0","Projection Neurons","Neuron"
"AAAAACTCATGAGGCT","WT1",12439,3319,5.07275504461774,"1","0","0","Projection Neurons","Neuron"
"AAAAACTGACAACTAA","WT1",13925,3813,2.58527827648115,"0","1","1","Projection Neurons","Neuron"
"AAAAACTTCGCTGGGG","WT1",2430,1134,3.74485596707819,"0","1","1","Projection Neurons","Neuron"
"AAAAACTTTCATTGCC","WT1",3887,1964,2.90712631849756,"0","0","0","Projection Neurons","Neuron"
"AAAAAGAGACAACCCA","WT1",14380,3762,4.04728789986092,"3","3","3","Non-Projection Neuron Cells","RGP"
"AAAAAGATTGTGGAGA","WT1",14108,3923,3.97646725262263,"1","0","0","Projection Neurons","Neuron"
"AAAAAGCCCCCGGCGT","WT1",9060,3215,3.58719646799117,"0","0","0","Projection Neurons","Neuron"
"AAAAAGCCCTGTCATG","WT1",11657,3182,4.89834434245518,"1","0","0","Projection Neurons","Neuron"
"AAAAAGTTGAACGTTG","WT1",13020,3332,4.69278033794163,"0","6","6","Projection Neurons","Neuron"
"AAAAAGTTTAATTGAA","WT1",20291,4753,3.29702823912079,"1","0","0","Projection Neurons","Neuron"
"AAAAATAAGTTGGTAT","WT1",8272,2618,4.53336557059961,"1","0","0","Projection Neurons","Neuron"
"AAAAATCATTTTATAA","WT1",8320,3046,3.18509615384615,"3","3","3","Non-Projection Neuron Cells","RGP"
"AAAAATCTAACGGCTG","WT1",26749,5429,2.84496616695951,"1","0","0","Projection Neurons","Neuron"
"AAAAATCTAACGTCAC","WT1",2051,1181,3.90053632374451,"0","1","1","Projection Neurons","Neuron"
"AAAAATGACGCACCCG","WT1",7909,2906,3.59084587179163,"0","0","0","Projection Neurons","Neuron"
"AAAAATGTAGACACTG","WT1",8449,2575,5.58645993608711,"1","0","0","Projection Neurons","Neuron"
"AAAAATGTGAACCGTT","WT1",24139,4741,2.02576743029952,"3","3","3","Non-Projection Neuron Cells","RGP"
"AAAAATTTCAAGATCA","WT1",28823,5714,2.51882177427749,"1","0","0","Projection Neurons","Neuron"
"AAAACAACAATCCCGG","WT1",11242,3288,4.02063689734923,"1","0","0","Projection Neurons","Neuron"
"AAAACAAGTTGGGAAG","WT1",3048,1500,4.26509186351706,"4","3","3","Non-Projection Neuron Cells","RGP"
"AAAACAAGTTGGGACT","WT1",13133,3633,3.89857610599254,"4","3","3","Non-Projection Neuron Cells","RGP"
"AAAACACGCTGGCTCC","WT1",6864,2127,6.96386946386946,"1","0","0","Projection Neurons","Neuron"
"AAAACAGTGACCGTGA","WT1",2947,1247,4.88632507634883,"1","0","0","Projection Neurons","Neuron"
"AAAACATAGACGTAAC","WT1",25200,5202,2.95634920634921,"1","0","0","Projection Neurons","Neuron"
"AAAACATAGACTACTC","WT1",2000,1176,3.6,"1","0","0","Projection Neurons","Neuron"
"AAAACATCTGGGTGAA","WT1",6993,2342,4.3043043043043,"5","5","5","Non-Projection Neuron Cells","OBNB"
"AAAACCCTGCGAAGGT","WT1",11185,3139,5.3822083147072,"4","4","4","Non-Projection Neuron Cells","Oligo"
"AAAACCGTGCGTTCCA","WT1",6219,2389,4.19681620839363,"0","0","0","Projection Neurons","Neuron"
"AAAACGTTCAAAAGTC","WT1",33576,5942,3.77650702883012,"1","0","0","Projection Neurons","Neuron"
"AAAACTAGTGTCCAGT","WT1",15619,3825,3.4253153210833,"1","0","0","Projection Neurons","Neuron"
"AAAACTCCGATCGCAA","WT1",2173,1012,6.99493787390704,"0","1","1","Projection Neurons","Neuron"
"AAAACTTCCCATGGGT","WT1",18320,4029,4.02838427947598,"1","0","0","Projection Neurons","Neuron"
"AAAAGAGTCTGATAGC","WT1",10469,2995,4.52765307097144,"1","0","0","Projection Neurons","Neuron"
"AAAAGATGACTGCCTT","WT1",12372,3436,4.72841901066925,"1","0","0","Projection Neurons","Neuron"
"AAAAGATTCCATCCTG","WT1",3881,1588,5.87477454264365,"1","0","0","Projection Neurons","Neuron"
"AAAAGATTTATAGATG","WT1",9041,3187,3.59473509567526,"0","1","1","Projection Neurons","Neuron"
"AAAAGGAAGTCCCATC","WT1",4998,1764,7.40296118447379,"0","0","0","Projection Neurons","Neuron"
"AAAAGGGACAGCGGGG","WT1",5693,2176,4.35622694537151,"0","1","1","Projection Neurons","Neuron"
"AAAAGGGATGCCGCGT","WT1",20163,4607,3.63041214105044,"1","0","0","Projection Neurons","Neuron"
"AAAAGGTCAAAGTTAA","WT1",2834,1292,7.41002117148906,"0","1","1","Projection Neurons","Neuron"
"AAAAGGTGGTCGACCA","WT1",10107,3068,4.67003067181162,"0","0","0","Projection Neurons","Neuron"
"AAAAGTCCTCGTGGGT","WT1",3025,1611,1.22314049586777,"0","0","0","Projection Neurons","Neuron"
"AAAATACTACGATCTA","WT1",5504,2205,0.526889534883721,"0","0","0","Projection Neurons","Neuron"
"AAAATAGTTACGCTAT","WT1",16545,3971,3.85614989422786,"1","0","0","Projection Neurons","Neuron"
"AAAATATCATGAATTC","WT1",10540,3165,4.05123339658444,"1","0","0","Projection Neurons","Neuron"
"AAAATCAGCGCGAACC","WT1",14794,3975,5.46843314857375,"1","0","0","Projection Neurons","Neuron"
"AAAATCCCAGCTGCTT","WT1",2403,1056,3.87016229712859,"1","1","1","Projection Neurons","Neuron"
"AAAATCTCGCTGTATA","WT1",12537,3812,2.36898779612347,"1","0","0","Projection Neurons","Neuron"
"AAAATGACTACGCTTT","WT1",12105,3356,3.64312267657993,"1","0","0","Projection Neurons","Neuron"
"AAAATGAGTGACCTCC","WT1",2014,1093,13.1578947368421,"1","0","0","Projection Neurons","Neuron"
"AAAATGCGGCCCGGGG","WT1",7432,2841,6.29709364908504,"0","0","0","Projection Neurons","Neuron"
"AAAATGGAGGGGTAAT","WT1",2217,1220,3.02210193955796,"0","1","1","Projection Neurons","Neuron"
"AAAATGGAGGGGTGAT","WT1",11916,3471,2.55958375293723,"0","1","1","Projection Neurons","Neuron"
"AAAATGTCTGAGTAGT","WT1",2137,1173,13.3364529714553,"0","0","0","Projection Neurons","Neuron"
"AAAATGTTCGTGACTA","WT1",5131,1763,6.80179302280257,"1","0","0","Projection Neurons","Neuron"
"AAAATTATGTTGAGGT","WT1",12668,3680,4.42058730659931,"1","0","0","Projection Neurons","Neuron"
"AAAATTATTCACATAT","WT1",4471,1920,6.3296801610378,"1","0","0","Projection Neurons","Neuron"
"AAAATTCAACTGTATC","WT1",18290,4498,3.52104975396391,"1","0","0","Projection Neurons","Neuron"
"AAAATTCCGTCTTTGC","WT1",7865,2732,4.11951684678957,"0","0","0","Projection Neurons","Neuron"
"AAAATTCTCCGACACG","WT1",19001,4124,4.35240250513131,"3","3","3","Non-Projection Neuron Cells","RGP"
"AAAATTTCACCCGAGG","WT1",8692,2999,3.11780947998159,"1","0","0","Projection Neurons","Neuron"
"AAAATTTTTATCAATT","WT1",3202,1657,0.905683947532792,"0","1","1","Projection Neurons","Neuron"
"AAACAAAAGGTAGGTA","WT1",12408,3299,3.88459058671825,"1","0","0","Projection Neurons","Neuron"
"AAACAAAGCACGGAGT","WT1",9963,2853,4.17544916189903,"1","0","0","Projection Neurons","Neuron"
"AAACAAATCCGCCGTT","WT1",5493,2222,2.94920808301475,"6","2","2","Non-Projection Neuron Cells","aIP"
"AAACAACAGGGCCCCC","WT1",10647,3102,4.30168122475815,"1","0","0","Projection Neurons","Neuron"
"AAACAACCAATGCAGG","WT1",10980,3174,4.6448087431694,"0","6","6","Projection Neurons","Neuron"
"AAACAACCCCTACGCA","WT1",4567,1881,4.72958178235165,"0","1","1","Projection Neurons","Neuron"
"AAACAATTTCGCCATT","WT1",16259,3870,4.37911310658712,"1","0","0","Projection Neurons","Neuron"
"AAACACAACGCGATTG","WT1",12604,2517,5.50618851158362,"1","0","0","Projection Neurons","Neuron"
"AAACACCGCACAGTGT","WT1",4134,1848,5.53942912433478,"0","1","1","Projection Neurons","Neuron"
"AAACACGAGAAGGGTT","WT1",4132,1747,3.38818973862536,"1","0","0","Projection Neurons","Neuron"
"AAACACGCAGGTACGG","WT1",1998,1163,13.7137137137137,"1","0","0","Projection Neurons","Neuron"
"AAACAGGCCAAATTCA","WT1",12625,3249,4.81584158415842,"1","0","0","Projection Neurons","Neuron"
"AAACAGTTCTCAAGGG","WT1",11570,3683,3.24978392394123,"1","0","0","Projection Neurons","Neuron"
"AAACATAACAGAAGCG","WT1",9655,3016,4.98187467633351,"1","0","0","Projection Neurons","Neuron"
"AAACATACCAGATGAT","WT1",6456,2438,4.53841387856258,"0","1","1","Projection Neurons","Neuron"
"AAACATATTCGATATC","WT1",9996,2878,5.53221288515406,"0","0","0","Projection Neurons","Neuron"
"AAACATATTTGCCGAC","WT1",5149,1877,6.83627888910468,"1","0","0","Projection Neurons","Neuron"
"AAACATCGGTGGTTTT","WT1",5124,2125,5.13270882123341,"1","1","1","Projection Neurons","Neuron"
"AAACATGGCCGGGATT","WT1",8342,2655,5.49029009829777,"0","0","0","Projection Neurons","Neuron"
"AAACATTAGTTTAGCT","WT1",19719,4456,3.88457832547289,"1","0","0","Projection Neurons","Neuron"
"AAACCAAAAGGGACGC","WT1",4339,1817,5.53122839363909,"0","0","0","Projection Neurons","Neuron"
"AAACCACGTCAGTGGC","WT1",19725,3886,3.5893536121673,"3","3","3","Non-Projection Neuron Cells","RGP"
"AAACCATTAAATTCAG","WT1",9264,3144,3.09801381692573,"1","0","0","Projection Neurons","Neuron"
"AAACCCGATTGCTACA","WT1",2584,894,11.0294117647059,"0","0","0","Projection Neurons","Neuron"
"AAACCCGTTGAGAAGA","WT1",17650,4236,3.08215297450425,"1","0","0","Projection Neurons","Neuron"
"AAACCCTCGCGAGGAG","WT1",21568,4576,4.10330118694362,"1","0","0","Projection Neurons","Neuron"
"AAACCGAAATGCGAAT","WT1",2333,1048,5.5293613373339,"0","1","1","Projection Neurons","Neuron"
"AAACCGAAGATAGTTT","WT1",11041,3327,4.06666062856625,"1","0","0","Projection Neurons","Neuron"
"AAACCGGAGTTATCAA","WT1",7366,2507,6.44854737985338,"1","0","0","Projection Neurons","Neuron"
"AAACCGTAACAGGTCT","WT1",4785,1916,4.72309299895507,"0","1","1","Projection Neurons","Neuron"
"AAACCGTTTGAGTTCG","WT1",9140,2772,4.48577680525164,"1","0","0","Projection Neurons","Neuron"
"AAACCTCAATACGACC","WT1",9300,2789,4.96774193548387,"1","0","0","Projection Neurons","Neuron"
"AAACCTGCTGCAGAGT","WT1",2490,1386,1.84738955823293,"0","6","6","Projection Neurons","Neuron"
"AAACCTGTGGATCGGC","WT1",3839,1712,5.65251367543631,"1","0","0","Projection Neurons","Neuron"
"AAACCTTATGCAAGCA","WT1",19567,4373,3.35769407676189,"1","0","0","Projection Neurons","Neuron"
"AAACCTTCGTGGCTGA","WT1",2121,1135,4.52616690240453,"1","0","0","Projection Neurons","Neuron"
"AAACGCCATCTTGACT","WT1",5479,2059,5.20167913852893,"0","0","0","Projection Neurons","Neuron"
"AAACGCGAAATCAAAC","WT1",17948,4474,3.91687096055271,"1","0","0","Projection Neurons","Neuron"
"AAACGCTTCTAGCCGA","WT1",8425,2842,3.22848664688427,"0","1","1","Projection Neurons","Neuron"
"AAACGGAGCTCTTGCC","WT1",5252,2021,6.60700685453161,"0","6","6","Projection Neurons","Neuron"
"AAACGGGCGAGCACTA","WT1",8805,2660,5.50823395797842,"4","4","4","Non-Projection Neuron Cells","Oligo"
"AAACGGGCGAGCACTG","WT1",14106,3845,3.70055295618886,"4","4","4","Non-Projection Neuron Cells","Oligo"
"AAACGGGTTGAATCAA","WT1",12135,3360,4.78780387309436,"0","0","0","Projection Neurons","Neuron"
"AAACGTAACGAACAAT","WT1",10223,3450,3.74645407414653,"6","2","2","Non-Projection Neuron Cells","aIP"
"AAACGTACGAATAGAG","WT1",15010,4059,4.04397068620919,"0","0","0","Projection Neurons","Neuron"
"AAACGTAGCCCTGGGT","WT1",2062,1100,5.0921435499515,"1","0","0","Projection Neurons","Neuron"
"AAACGTGCTAAGTTCT","WT1",14889,3826,3.21714017059574,"1","0","0","Projection Neurons","Neuron"
"AAACGTGCTTCAAATG","WT1",35143,5904,3.11868650940443,"1","0","0","Projection Neurons","Neuron"
"AAACTAACCACCAAGC","WT1",13732,3855,4.04893678997961,"0","6","6","Projection Neurons","Neuron"
"AAACTAATAACGGTAT","WT1",15179,3736,3.28084854074708,"1","0","0","Projection Neurons","Neuron"
"AAACTAGGGCTCTCTC","WT1",3875,1796,4.15483870967742,"0","1","1","Projection Neurons","Neuron"
"AAACTATACCTATCGC","WT1",16003,3732,4.50540523651815,"0","6","6","Projection Neurons","Neuron"
"AAACTATACGATTGGG","WT1",6830,2711,3.35285505124451,"3","3","3","Non-Projection Neuron Cells","RGP"
"AAACTATCGCATCAAT","WT1",3074,1490,3.74105400130124,"1","0","0","Projection Neurons","Neuron"
"AAACTATCGCATCTGT","WT1",18170,4074,3.69840396257567,"1","0","0","Projection Neurons","Neuron"
"AAACTATTGCGGTCGC","WT1",1984,867,12.3487903225806,"0","1","1","Projection Neurons","Neuron"
"AAACTCATGATATGCT","WT1",3513,1557,6.03472815257615,"0","1","1","Projection Neurons","Neuron"
"AAACTCGCGGCAGCAA","WT1",7182,2510,5.27708159287107,"0","0","0","Projection Neurons","Neuron"
"AAACTCTCACAGCACA","WT1",7399,2479,5.3926206244087,"0","0","0","Projection Neurons","Neuron"
"AAACTGATTGCCGCTA","WT1",7993,2512,5.32966345552358,"1","0","0","Projection Neurons","Neuron"
"AAACTGCAATACCTAC","WT1",3103,1170,4.4795359329681,"0","1","1","Projection Neurons","Neuron"
"AAACTGCTCGTATCAT","WT1",9949,3052,2.98522464569303,"1","0","0","Projection Neurons","Neuron"
"AAACTGGCAGGTCGGG","WT1",8639,2619,6.81791874059498,"1","0","0","Projection Neurons","Neuron"
"AAACTGGCTGGGCGAT","WT1",14482,3922,5.0959812180638,"0","6","6","Projection Neurons","Neuron"
"AAACTGGGGATTATTC","WT1",6701,2250,8.67034770929712,"1","0","0","Projection Neurons","Neuron"
"AAACTGGTCCTGTATG","WT1",8104,2612,3.5538005923001,"1","0","0","Projection Neurons","Neuron"
"AAACTGTTTTGGTAAA","WT1",9793,3208,2.91024200959869,"0","1","1","Projection Neurons","Neuron"
"AAACTTGAAAGGATAC","WT1",8226,2968,5.49477267201556,"1","0","0","Projection Neurons","Neuron"
"AAACTTTAAGATAGGT","WT1",18073,4035,5.54418192884413,"1","0","0","Projection Neurons","Neuron"
"AAACTTTCTAACAAAG","WT1",4344,1752,4.18968692449355,"0","1","1","Projection Neurons","Neuron"
"AAAGAAATCGCAGGAG","WT1",10451,3047,4.97560042101234,"0","0","0","Projection Neurons","Neuron"
"AAAGAACCTTATCACT","WT1",14620,3740,3.3515731874145,"1","0","0","Projection Neurons","Neuron"
"AAAGAACTTACTGTAA","WT1",7548,2259,6.62427133015368,"1","0","0","Projection Neurons","Neuron"
"AAAGACCGCTCACAGG","WT1",2638,1155,7.46777862016679,"0","1","1","Projection Neurons","Neuron"
"AAAGACGCCACTCTTA","WT1",14050,3673,3.5729537366548,"1","0","0","Projection Neurons","Neuron"
"AAAGACTTGTCCCGGT","WT1",6263,2498,2.45888551812231,"2","2","2","Non-Projection Neuron Cells","aIP"
"AAAGAGGCCGTAAACG","WT1",3776,1512,5.13771186440678,"5","5","5","Non-Projection Neuron Cells","OBNB"
"AAAGAGGCGGGCACTT","WT1",20955,4309,2.47196373180625,"3","3","3","Non-Projection Neuron Cells","RGP"
"AAAGAGGTCTTGTTAG","WT1",9858,2928,3.92574558734023,"0","6","6","Projection Neurons","Neuron"
"AAAGATACGCTGCCTC","WT1",2489,1202,3.41502611490558,"1","0","0","Projection Neurons","Neuron"
"AAAGATAGTTTTGTAT","WT1",6889,2514,4.38380026128611,"1","0","0","Projection Neurons","Neuron"
"AAAGATTTTTTACCTA","WT1",7359,2174,4.23970648185895,"1","0","0","Projection Neurons","Neuron"
"AAAGCACTGTAGTTCG","WT1",6922,2552,3.94394683617452,"0","1","1","Projection Neurons","Neuron"
"AAAGCAGGTGAATCCC","WT1",2758,1392,3.66207396664249,"1","0","0","Projection Neurons","Neuron"
"AAAGCAGGTGACAACC","WT1",15075,3755,3.67495854063018,"1","0","0","Projection Neurons","Neuron"
"AAAGCATATGTCGCTG","WT1",4046,1814,5.11616411270391,"0","0","0","Projection Neurons","Neuron"
"AAAGCCAGATGCTCAG","WT1",2943,1357,4.99490316004078,"5","5","5","Non-Projection Neuron Cells","OBNB"
"AAAGCCAGTGCTGGGG","WT1",8514,3087,3.12426591496359,"0","0","0","Projection Neurons","Neuron"
"AAAGCCATCAAATGGG","WT1",16005,4145,3.41143392689784,"1","0","0","Projection Neurons","Neuron"
"AAAGCCCCAAGATGTT","WT1",12550,3380,3.87250996015936,"1","0","0","Projection Neurons","Neuron"
"AAAGCCCGCCTAAGTC","WT1",20399,4621,2.79425462032453,"1","0","0","Projection Neurons","Neuron"
"AAAGCCGTTGCGCCAT","WT1",5659,2410,3.42816752076339,"0","0","0","Projection Neurons","Neuron"
"AAAGCGAGTGTTAGCG","WT1",21001,4721,3.0379505737822,"1","0","0","Projection Neurons","Neuron"
"AAAGCGCGGACCTGCA","WT1",5517,2347,11.8905202102592,"1","0","0","Projection Neurons","Neuron"
"AAAGCGGCACGGAATA","WT1",13832,3787,3.18825910931174,"1","0","0","Projection Neurons","Neuron"
"AAAGCGTAACTTGACC","WT1",9712,3079,4.95263591433278,"0","1","1","Projection Neurons","Neuron"
"AAAGCTACGGTGTATC","WT1",4223,1763,4.66493014444708,"0","1","1","Projection Neurons","Neuron"
"AAAGCTATCTCAGTAC","WT1",5836,2342,4.96915695681974,"0","0","0","Projection Neurons","Neuron"
"AAAGCTGTCTACATGC","WT1",22295,4781,4.00986768333707,"1","0","0","Projection Neurons","Neuron"
"AAAGCTGTCTTGTCAA","WT1",9677,2868,3.53415314663635,"1","0","0","Projection Neurons","Neuron"
"AAAGCTTACGACCCTG","WT1",3612,1506,3.3499446290144,"1","0","0","Projection Neurons","Neuron"
"AAAGGAAGAAACCATC","WT1",10755,3171,4.38865643886564,"1","0","0","Projection Neurons","Neuron"
"AAAGGCATGGCATAGG","WT1",20749,4590,4.14959757096728,"1","0","0","Projection Neurons","Neuron"
"AAAGGCGCTAATCCCC","WT1",16264,4117,2.8898180029513,"3","3","3","Non-Projection Neuron Cells","RGP"
"AAAGGCGCTAATGACC","WT1",3466,1670,3.23139065204847,"3","3","3","Non-Projection Neuron Cells","RGP"
"AAAGGGAAATTTCACC","WT1",2015,1134,14.2431761786601,"1","0","0","Projection Neurons","Neuron"
"AAAGGGATTTATCTGC","WT1",5387,1892,5.21626136996473,"1","0","0","Projection Neurons","Neuron"
"AAAGGGCATATCCAGC","WT1",8025,2545,4.88473520249221,"0","1","1","Projection Neurons","Neuron"
"AAAGGGCTACCGCTAC","WT1",6880,2488,5.68313953488372,"0","0","0","Projection Neurons","Neuron"
"AAAGGGTATGGCAGCA","WT1",4218,1837,2.32337600758653,"0","1","1","Projection Neurons","Neuron"
"AAAGGTGACGCCTTAA","WT1",2691,1364,13.6380527684876,"1","0","0","Projection Neurons","Neuron"
"AAAGGTGAGAGGAGGT","WT1",8584,2883,4.83457595526561,"0","0","0","Projection Neurons","Neuron"
"AAAGGTTCAACGAAAA","WT1",5687,2092,5.78512396694215,"0","1","1","Projection Neurons","Neuron"
"AAAGGTTGTGAATTAA","WT1",13250,3533,3.90188679245283,"1","0","0","Projection Neurons","Neuron"
"AAAGGTTTTTTAGCTC","WT1",6308,2188,4.75586556753329,"0","1","1","Projection Neurons","Neuron"
"AAAGTAAATTTTCGGA","WT1",6311,2284,4.65853272064649,"0","1","1","Projection Neurons","Neuron"
"AAAGTAACTCACGGGA","WT1",10651,3408,4.14045629518355,"0","1","1","Projection Neurons","Neuron"
"AAAGTAGACGGGTCTG","WT1",26174,4978,4.25231145411477,"1","0","0","Projection Neurons","Neuron"
"AAAGTCAGTCCATGTT","WT1",3514,1543,2.58964143426295,"1","1","1","Projection Neurons","Neuron"
"AAAGTCATACCGATGG","WT1",9032,2901,4.43976970770593,"1","0","0","Projection Neurons","Neuron"
"AAAGTCATGCACTAAA","WT1",11114,3122,5.25463379521324,"1","0","0","Projection Neurons","Neuron"
"AAAGTCTCTATCGATC","WT1",10531,3133,4.51049283069034,"0","1","1","Projection Neurons","Neuron"
"AAAGTCTGCACTCAGA","WT1",4756,1855,5.42472666105971,"1","0","0","Projection Neurons","Neuron"
"AAAGTGACCGCATCGT","WT1",7075,2303,4.39575971731449,"1","0","0","Projection Neurons","Neuron"
"AAAGTGTGCTGCCTTT","WT1",5484,2060,4.08460977388767,"5","5","5","Non-Projection Neuron Cells","OBNB"
"AAAGTTTCACGGAGAA","WT1",5260,2144,8.25095057034221,"0","1","1","Projection Neurons","Neuron"
"AAATACAAACAGTTTC","WT1",11258,3217,4.13039616272873,"1","0","0","Projection Neurons","Neuron"
"AAATAGAATTGGCCGA","WT1",13722,3518,3.17009182334937,"1","0","0","Projection Neurons","Neuron"
"AAATAGGTGTTTTTTT","WT1",5300,2206,2.37735849056604,"2","2","2","Non-Projection Neuron Cells","aIP"
"AAATAGTCCGATTAAA","WT1",11997,3691,4.71784612819872,"6","2","2","Non-Projection Neuron Cells","aIP"
"AAATATGACTGGTGGG","WT1",11849,3682,5.30002531859229,"2","2","2","Non-Projection Neuron Cells","aIP"
"AAATATGCCCTCCCTT","WT1",10987,3063,4.4871211431692,"1","0","0","Projection Neurons","Neuron"
"AAATATGGTGGGAAAC","WT1",8891,2861,4.22899561354178,"0","1","1","Projection Neurons","Neuron"
"AAATCAACTAGAGTTC","WT1",15575,3917,4.21187800963082,"1","0","0","Projection Neurons","Neuron"
"AAATCAGCATTCCTAC","WT1",9509,2972,3.30213481964455,"1","0","0","Projection Neurons","Neuron"
"AAATCATTCCCCATAA","WT1",7106,2611,6.360821840698,"0","1","1","Projection Neurons","Neuron"
"AAATCCCGCATTTGAG","WT1",3028,1617,12.1202113606341,"1","0","0","Projection Neurons","Neuron"
"AAATCCGACCAAAATC","WT1",11290,3078,4.50841452612932,"1","0","0","Projection Neurons","Neuron"
"AAATCCGCACTTATTA","WT1",5661,2015,6.69493022434199,"1","0","0","Projection Neurons","Neuron"
"AAATCGACGGCTAGTT","WT1",11613,3470,5.67467493326444,"1","0","0","Projection Neurons","Neuron"
"AAATCGATCATGGTAT","WT1",8091,2671,4.83252997157335,"0","0","0","Projection Neurons","Neuron"
"AAATCGCTAAATTTGA","WT1",5028,2004,4.65393794749403,"0","1","1","Projection Neurons","Neuron"
"AAATCGGGTACAATAC","WT1",2620,1228,5.61068702290076,"1","1","1","Projection Neurons","Neuron"
"AAATCTAGGGCTTGGT","WT1",5042,1928,2.99484331614439,"1","0","0","Projection Neurons","Neuron"
"AAATCTGCGGGGTGCT","WT1",4569,1901,4.42109870868899,"0","1","1","Projection Neurons","Neuron"
"AAATCTGGGCCAGGTG","WT1",18921,4227,3.56217958881666,"1","0","0","Projection Neurons","Neuron"
"AAATCTTAACGGAGAT","WT1",8466,2925,2.00803212851406,"2","2","2","Non-Projection Neuron Cells","aIP"
"AAATGACATACTGGCT","WT1",23755,5044,4.87897284782151,"1","0","0","Projection Neurons","Neuron"
"AAATGACATCTGATGC","WT1",3278,1437,6.58938377059182,"0","1","1","Projection Neurons","Neuron"
"AAATGAGGGAGACAGC","WT1",5408,2184,1.42381656804734,"0","0","0","Projection Neurons","Neuron"
"AAATGAGTGTTAACTC","WT1",2201,1147,2.72603362108133,"2","2","2","Non-Projection Neuron Cells","aIP"
"AAATGCAATGGATCGC","WT1",9731,3014,3.92559860240469,"1","0","0","Projection Neurons","Neuron"
"AAATGCTATGCAGATT","WT1",6649,2227,4.70747480824184,"1","0","0","Projection Neurons","Neuron"
"AAATGGATCGTGGAAC","WT1",11883,3660,3.86266094420601,"1","0","0","Projection Neurons","Neuron"
"AAATGGCATCTGTGCT","WT1",6480,1931,6.60493827160494,"1","0","0","Projection Neurons","Neuron"
"AAATGTGTTAAGTAGA","WT1",11249,3352,3.63587874477731,"1","0","0","Projection Neurons","Neuron"
"AAATGTTTGTGCCTTT","WT1",3568,1639,4.26008968609865,"1","0","0","Projection Neurons","Neuron"
"AAATGTTTTTTTCTTG","WT1",7374,2498,3.53946297803092,"0","1","1","Projection Neurons","Neuron"
"AAATTAAACTCGATTG","WT1",23752,5211,3.26288312563153,"1","0","0","Projection Neurons","Neuron"
"AAATTAACTGAGAATT","WT1",10407,2748,7.61026232343615,"0","6","6","Projection Neurons","Neuron"
"AAATTACACATGCTGA","WT1",4600,1614,5.1304347826087,"1","0","0","Projection Neurons","Neuron"
"AAATTAGCCTCGATAC","WT1",5639,1951,7.14665720872495,"1","0","0","Projection Neurons","Neuron"
"AAATTATACAGAGGAT","WT1",7022,2962,2.13614354884648,"2","2","2","Non-Projection Neuron Cells","aIP"
"AAATTCAGGGAAATAC","WT1",2554,1189,7.2043852779953,"5","5","5","Non-Projection Neuron Cells","OBNB"
"AAATTCATCCAAGGAA","WT1",14009,3860,3.63337854236562,"1","0","0","Projection Neurons","Neuron"
"AAATTCCCTCCTGGCA","WT1",9810,3035,6.3302752293578,"0","6","6","Projection Neurons","Neuron"
"AAATTCGCAGGGCACT","WT1",15980,3859,3.91739674593242,"0","6","6","Projection Neurons","Neuron"
"AAATTGAGTATTGAGG","WT1",2948,1376,5.66485753052917,"0","1","1","Projection Neurons","Neuron"
"AAATTGTACTCCTCTG","WT1",3384,1311,6.20567375886525,"0","1","1","Projection Neurons","Neuron"
"AAATTTAAGGTGGTAC","WT1",8639,2390,4.47968514874407,"1","0","0","Projection Neurons","Neuron"
"AACAAAATAACCAACC","WT1",7619,2644,4.16065100406878,"0","1","1","Projection Neurons","Neuron"
"AACAAACTCATCAGCG","WT1",17919,4189,3.19772308722585,"1","0","0","Projection Neurons","Neuron"
"AACAAATCGAACTATA","WT1",11844,3308,4.17933130699088,"0","6","6","Projection Neurons","Neuron"
"AACAAATCTAGCGACC","WT1",6788,2558,6.20212139068945,"1","0","0","Projection Neurons","Neuron"
"AACAAATTAATATTGG","WT1",2166,1012,2.86241920590951,"0","0","0","Projection Neurons","Neuron"
"AACAACTTAAAATGGC","WT1",9535,3202,2.38070267435763,"2","2","2","Non-Projection Neuron Cells","aIP"
"AACAAGAAAAATACTT","WT1",7563,2531,4.58812640486579,"1","0","0","Projection Neurons","Neuron"
"AACAAGAACAGGGGGG","WT1",12179,3414,4.72945233598818,"0","0","0","Projection Neurons","Neuron"
"AACAAGCTGTACGTTC","WT1",8156,2797,4.34036292300147,"1","0","0","Projection Neurons","Neuron"
"AACAAGTTGCCGGTTC","WT1",5477,2170,4.61931714442213,"0","1","1","Projection Neurons","Neuron"
"AACAATCGAACTCAAA","WT1",20558,5108,3.37581476797354,"2","2","2","Non-Projection Neuron Cells","aIP"
"AACAATCTACAGATCT","WT1",2236,1254,12.9248658318426,"1","0","0","Projection Neurons","Neuron"
"AACAATCTCCCGAACT","WT1",6667,2431,4.46977651117444,"0","6","6","Projection Neurons","Neuron"
"AACAATGAGTAAAATC","WT1",5297,1993,4.83292429677176,"3","3","3","Non-Projection Neuron Cells","RGP"
"AACAATGGGTAACTCT","WT1",8946,2729,4.96311200536553,"1","0","0","Projection Neurons","Neuron"
"AACAATGTAGGGATAA","WT1",4852,2044,2.92662819455894,"1","0","0","Projection Neurons","Neuron"
"AACAATTATTGTTAGA","WT1",10020,3049,4.4311377245509,"1","0","0","Projection Neurons","Neuron"
"AACACAAACATCCGAG","WT1",2462,1112,5.11779041429732,"1","0","0","Projection Neurons","Neuron"
"AACACAAGAAGCTAAT","WT1",4042,1693,4.82434438396833,"1","0","0","Projection Neurons","Neuron"
"AACACCTTCTTTAAAC","WT1",8090,2822,2.76885043263288,"2","2","2","Non-Projection Neuron Cells","aIP"
"AACACGCACATCATGT","WT1",2813,1254,5.51013153217206,"0","1","1","Projection Neurons","Neuron"
"AACACGCCTATTCGTG","WT1",7519,2509,4.73467216385158,"1","0","0","Projection Neurons","Neuron"
"AACACGCGTAGTTCTA","WT1",4842,2073,1.32176786451879,"0","1","1","Projection Neurons","Neuron"
"AACACTATCCCCGAGG","WT1",13829,3589,4.00607419191554,"1","0","0","Projection Neurons","Neuron"
"AACACTCTCGAGGATG","WT1",6596,2547,5.18496058217101,"0","0","0","Projection Neurons","Neuron"
"AACACTTACGTCGATT","WT1",2820,1401,3.58156028368794,"0","1","1","Projection Neurons","Neuron"
"AACAGAACAGTACGGG","WT1",7425,2390,5.44107744107744,"0","1","1","Projection Neurons","Neuron"
"AACAGAATAATGCTAT","WT1",6723,2547,4.22430462591105,"0","0","0","Projection Neurons","Neuron"
"AACAGCACCCCACCGA","WT1",11433,3047,3.10504679436718,"1","0","0","Projection Neurons","Neuron"
"AACAGCGTTACGCGAA","WT1",3273,1474,5.13290559120073,"0","1","1","Projection Neurons","Neuron"
"AACAGTATGGGGGCTC","WT1",2694,1156,8.64884929472903,"0","1","1","Projection Neurons","Neuron"
"AACAGTCGTGTCACGA","WT1",4940,1827,4.59514170040486,"0","0","0","Projection Neurons","Neuron"
"AACAGTGGGAGCGCTA","WT1",17196,4019,2.48895091881833,"1","0","0","Projection Neurons","Neuron"
"AACAGTGGGCGCCGGT","WT1",15086,3985,3.42038976534535,"1","0","0","Projection Neurons","Neuron"
"AACAGTTACAAATACA","WT1",5647,2307,5.34797237471224,"0","1","1","Projection Neurons","Neuron"
"AACAGTTGTTTCAGAA","WT1",2125,1154,4.42352941176471,"1","0","0","Projection Neurons","Neuron"
"AACAGTTGTTTCTGAA","WT1",26391,4855,4.0809366829601,"1","0","0","Projection Neurons","Neuron"
"AACATAAGCTGTTTGA","WT1",2090,1097,7.22488038277512,"0","1","1","Projection Neurons","Neuron"
"AACATAATGCGTTTGA","WT1",16218,3829,4.32852386237514,"1","0","0","Projection Neurons","Neuron"
"AACATACTTTTACCGT","WT1",4262,1977,13.3740028155795,"1","0","0","Projection Neurons","Neuron"
"AACATATGGTACCCAG","WT1",10943,3122,4.29498309421548,"0","0","0","Projection Neurons","Neuron"
"AACATCCCCGTGTATT","WT1",10001,3211,5.70942905709429,"1","0","0","Projection Neurons","Neuron"
"AACATCCCTAAGTAAC","WT1",7396,2565,7.63926446727961,"0","1","1","Projection Neurons","Neuron"
"AACATGAATTGTAGTT","WT1",2010,1232,9.65174129353234,"1","0","0","Projection Neurons","Neuron"
"AACATGACTAATATCT","WT1",5246,2395,3.24056423942051,"0","1","1","Projection Neurons","Neuron"
"AACATTAGGAGTTAAT","WT1",7307,2568,5.15943615710962,"1","0","0","Projection Neurons","Neuron"
"AACATTGAGACAGCGA","WT1",8081,2560,4.19502536814751,"1","0","0","Projection Neurons","Neuron"
"AACATTGAGGGGGCAG","WT1",3782,1717,5.42041248016922,"1","0","0","Projection Neurons","Neuron"
"AACATTGTGAAGCAGG","WT1",4273,1964,4.30610812075825,"1","0","0","Projection Neurons","Neuron"
"AACATTGTGAAGCCGG","WT1",30816,5549,3.6993769470405,"1","0","0","Projection Neurons","Neuron"
"AACATTTTTGTAATTA","WT1",4940,2072,4.10931174089069,"0","1","1","Projection Neurons","Neuron"
"AACCAAGCTACAAACA","WT1",14043,3502,4.95620593890194,"1","0","0","Projection Neurons","Neuron"
"AAAAAACCTAAGCTAG","KO3",9049,2927,6.37639518178804,"5","5","5","Non-Projection Neuron Cells","OBNB"
"AAAAAACCTGGCGGCA","KO3",12622,4509,2.74124544446205,"6","2","2","Non-Projection Neuron Cells","aIP"
"AAAAAACTTCATGCGG","KO3",10806,3549,1.8415694984268,"2","2","2","Non-Projection Neuron Cells","aIP"
"AAAAAAGATACTACTC","KO3",7963,2442,6.58043450960693,"4","4","4","Non-Projection Neuron Cells","Oligo"
"AAAAAATACTGTCGTA","KO3",10327,3422,4.25099254381718,"3","3","3","Non-Projection Neuron Cells","RGP"
"AAAAAATGCTCGTCAC","KO3",4791,2152,3.00563556668754,"2","2","2","Non-Projection Neuron Cells","aIP"
"AAAAACAGCCTTGGCC","KO3",14141,3594,4.9925747825472,"0","1","1","Projection Neurons","Neuron"
"AAAAACAGTGGCCGCG","KO3",20465,4136,5.5704861959443,"2","2","2","Non-Projection Neuron Cells","aIP"
"AAAAACGTTTATGACA","KO3",13178,4169,2.12475337684019,"2","2","2","Non-Projection Neuron Cells","aIP"
"AAAAACTACCCGTCTA","KO3",2394,1265,0.87719298245614,"3","3","3","Non-Projection Neuron Cells","RGP"
"AAAAACTGAAACGAGT","KO3",2836,1430,3.70239774330042,"2","2","2","Non-Projection Neuron Cells","aIP"
"AAAAACTGAGTATAGG","KO3",8102,2599,6.01086151567514,"5","5","5","Non-Projection Neuron Cells","OBNB"
"AAAAAGACCTGGTCAT","KO3",5165,2362,4.31752178121975,"4","4","4","Non-Projection Neuron Cells","Oligo"
"AAAAAGCCACATAGAA","KO3",11271,3166,4.69346109484518,"2","2","2","Non-Projection Neuron Cells","aIP"
"AAAAATAAACCCCGTG","KO3",12301,3407,5.05649947158768,"5","5","5","Non-Projection Neuron Cells","OBNB"
"AAAAATCCTGCACCAC","KO3",19691,4463,2.71697729927378,"3","3","3","Non-Projection Neuron Cells","RGP"
"AAAAATGACCTAGCGA","KO3",9864,2787,7.46147607461476,"5","5","5","Non-Projection Neuron Cells","OBNB"
"AAAAATGCACCCTATC","KO3",7534,2723,4.59251393681975,"5","0","0","Projection Neurons","Neuron"
"AAAAATGGCATAGGCA","KO3",11234,3654,4.66441160761973,"2","2","2","Non-Projection Neuron Cells","aIP"
"AAAAATTGTATTGCAC","KO3",18516,4285,4.43400302441132,"0","0","0","Projection Neurons","Neuron"
"AAAAATTTCTAAATCC","KO3",16840,4304,4.49524940617577,"0","0","0","Projection Neurons","Neuron"
"AAAACAAAAGCCATGA","KO3",8623,2560,5.10263249449148,"5","5","5","Non-Projection Neuron Cells","OBNB"
"AAAACAAATGACGTGA","KO3",6058,2647,6.43776824034335,"0","1","1","Projection Neurons","Neuron"
"AAAACAAGAGCCTACG","KO3",8417,3229,2.56623500059404,"2","2","2","Non-Projection Neuron Cells","aIP"
"AAAACAATTCATTCTG","KO3",17531,4424,2.97758256802236,"0","0","0","Projection Neurons","Neuron"
"AAAACACATGAGAGTC","KO3",9769,2789,4.22765892107688,"4","4","4","Non-Projection Neuron Cells","Oligo"
"AAAACACTCGCCCTTG","KO3",9838,2997,6.16995324252897,"1","0","0","Projection Neurons","Neuron"
"AAAACAGTGTGGTCTG","KO3",3296,1873,3.5497572815534,"3","3","3","Non-Projection Neuron Cells","RGP"
"AAAACAGTTCCATGAC","KO3",8958,2958,5.41415494530029,"0","1","1","Projection Neurons","Neuron"
"AAAACATAGTGGATGG","KO3",9672,3478,4.70430107526882,"4","4","4","Non-Projection Neuron Cells","Oligo"
"AAAACATCCGTTTCTT","KO3",7298,2718,4.78213209098383,"4","4","4","Non-Projection Neuron Cells","Oligo"
"AAAACATGAGGACCAC","KO3",18730,4101,3.44367325146823,"4","4","4","Non-Projection Neuron Cells","Oligo"
"AAAACATGTACAGTCC","KO3",14039,3916,2.9061898995655,"3","3","3","Non-Projection Neuron Cells","RGP"
"AAAACATTAAATACAC","KO3",4866,2146,1.43855322646938,"0","1","1","Projection Neurons","Neuron"
"AAAACCAGCATAACAT","KO3",18729,4096,6.23097869613968,"1","0","0","Projection Neurons","Neuron"
"AAAACCATCGAGGAAG","KO3",2406,1493,1.20532003325021,"0","1","1","Projection Neurons","Neuron"
"AAAACCCCACCCCGGG","KO3",10299,3516,3.38867851247694,"2","2","2","Non-Projection Neuron Cells","aIP"
"AAAACCCCTTCAGTGA","KO3",10650,3458,5.43661971830986,"0","1","1","Projection Neurons","Neuron"
"AAAACCCGGACGTCCT","KO3",3019,1445,6.2934746604836,"5","5","5","Non-Projection Neuron Cells","OBNB"
"AAAACCGAACTTGTTC","KO3",5299,1997,9.11492734478203,"2","2","2","Non-Projection Neuron Cells","aIP"
"AAAACCTTTAAAGGCC","KO3",1898,1239,2.47629083245522,"5","5","5","Non-Projection Neuron Cells","OBNB"
"AAAACGATTTGCAGCA","KO3",2930,1458,4.98293515358362,"2","2","2","Non-Projection Neuron Cells","aIP"
"AAAACGTCCCGGGTTC","KO3",3531,1676,5.29595015576324,"2","2","2","Non-Projection Neuron Cells","aIP"
"AAAACTGCCTCCAGCT","KO3",2036,1053,7.76031434184676,"0","1","1","Projection Neurons","Neuron"
"AAAACTGGCCATTGTA","KO3",26632,4996,4.56969059777711,"1","0","0","Projection Neurons","Neuron"
"AAAACTTAACGTCTCG","KO3",16567,3997,4.7866240115893,"0","0","0","Projection Neurons","Neuron"
"AAAAGAAAATTAGGTG","KO3",7011,2771,5.20610469262587,"0","1","1","Projection Neurons","Neuron"
"AAAAGAAAGAATACCG","KO3",18271,4321,4.78353675223031,"0","0","0","Projection Neurons","Neuron"
"AAAAGAACCAAAAAGA","KO3",3312,1648,4.71014492753623,"2","2","2","Non-Projection Neuron Cells","aIP"
"AAAAGAATAGTCGTCC","KO3",5821,2351,8.45215598694382,"0","1","1","Projection Neurons","Neuron"
"AAAAGACCAAAACGTC","KO3",5364,1838,9.20954511558538,"1","0","0","Projection Neurons","Neuron"
"AAAAGACGTATGCCCG","KO3",7819,2718,9.22112802148612,"4","4","4","Non-Projection Neuron Cells","Oligo"
"AAAAGACTAGTTGACC","KO3",5741,2443,7.50740289148232,"4","4","4","Non-Projection Neuron Cells","Oligo"
"AAAAGAGCAACTCCAA","KO3",13433,4345,2.83629866746073,"6","2","2","Non-Projection Neuron Cells","aIP"
"AAAAGAGGCTGACATC","KO3",12652,3436,4.96364211191906,"2","2","2","Non-Projection Neuron Cells","aIP"
"AAAAGATAGCTACTGA","KO3",17103,3932,4.12793077237911,"0","0","0","Projection Neurons","Neuron"
"AAAAGCAACGGCCTTA","KO3",12491,3474,4.96357377311664,"4","4","4","Non-Projection Neuron Cells","Oligo"
"AAAAGCACAAAAATGG","KO3",6155,2287,3.72055239642567,"0","0","0","Projection Neurons","Neuron"
"AAAAGCAGCGAGCCAG","KO3",7905,2947,4.98418722327641,"0","1","1","Projection Neurons","Neuron"
"AAAAGCAGCTCGCGTG","KO3",8281,3152,2.78951817413356,"2","2","2","Non-Projection Neuron Cells","aIP"
"AAAAGCATCTGGCCAT","KO3",8680,2815,10.0691244239631,"0","6","6","Projection Neurons","Neuron"
"AAAAGCATGAGATTCA","KO3",14505,4053,4.8672871423647,"2","2","2","Non-Projection Neuron Cells","aIP"
"AAAAGCTCTTCCAATT","KO3",19032,4088,3.77259352669189,"3","3","3","Non-Projection Neuron Cells","RGP"
"AAAAGCTTTCTCGTTA","KO3",5448,1906,7.34214390602056,"5","5","5","Non-Projection Neuron Cells","OBNB"
"AAAAGGAGCACGTTAC","KO3",2052,1062,6.72514619883041,"0","1","1","Projection Neurons","Neuron"
"AAAAGGATCCTGAGTG","KO3",14143,4021,2.28381531499682,"3","3","3","Non-Projection Neuron Cells","RGP"
"AAAAGGGAAGCCCATG","KO3",13505,3699,3.02850796001481,"3","3","3","Non-Projection Neuron Cells","RGP"
"AAAAGGGGAAGTCCAC","KO3",10369,3328,5.79612305911853,"3","3","3","Non-Projection Neuron Cells","RGP"
"AAAAGGGGATACCTAT","KO3",10053,3085,5.14274345966378,"0","1","1","Projection Neurons","Neuron"
"AAAAGTACAAATCACC","KO3",10438,3390,5.5278789040046,"0","1","1","Projection Neurons","Neuron"
"AAAAGTACCCCCTCTC","KO3",5263,2096,7.3342200266008,"0","0","0","Projection Neurons","Neuron"
"AAAAGTATCGATGGCA","KO3",8588,2537,8.48858872845831,"0","0","0","Projection Neurons","Neuron"
"AAAAGTTACTAATATG","KO3",4571,1888,5.42550864143514,"5","5","5","Non-Projection Neuron Cells","OBNB"
"AAAAGTTGGTGATACC","KO3",6962,2277,4.79747199080724,"5","5","5","Non-Projection Neuron Cells","OBNB"
"AAAATAAAATTAACAG","KO3",10203,2929,4.645692443399,"3","3","3","Non-Projection Neuron Cells","RGP"
"AAAATAACAATTACGT","KO3",6537,2275,4.5127734434756,"5","5","5","Non-Projection Neuron Cells","OBNB"
"AAAATAATCCCAAGGC","KO3",8811,2900,4.1765974350244,"0","1","1","Projection Neurons","Neuron"
"AAAATAATGGATGTAG","KO3",5244,2208,8.90541571319603,"0","0","0","Projection Neurons","Neuron"
"AAAATAATTGCAGTTG","KO3",8657,2948,1.871318008548,"2","2","2","Non-Projection Neuron Cells","aIP"
"AAAATACAGAATTAGT","KO3",4098,1861,1.85456320156174,"5","5","5","Non-Projection Neuron Cells","OBNB"
"AAAATAGCGAGTTGCA","KO3",6475,2437,4.47876447876448,"5","3","3","Non-Projection Neuron Cells","RGP"
"AAAATAGTACAGACCT","KO3",11966,3565,3.919438408825,"2","2","2","Non-Projection Neuron Cells","aIP"
"AAAATATTCGGTGGGC","KO3",2299,1140,8.13397129186603,"5","5","5","Non-Projection Neuron Cells","OBNB"
"AAAATCATTTGCGTCA","KO3",7729,2834,3.36395393970759,"2","2","2","Non-Projection Neuron Cells","aIP"
"AAAATCGTGATTCCGC","KO3",6781,2101,6.709924789854,"5","5","5","Non-Projection Neuron Cells","OBNB"
"AAAATCTATGGCGGAG","KO3",17218,4509,2.61354396561738,"2","2","2","Non-Projection Neuron Cells","aIP"
"AAAATCTGGTCGCCAC","KO3",18963,4105,4.90956072351421,"1","0","0","Projection Neurons","Neuron"
"AAAATGAGATGTTAAG","KO3",20611,4277,6.18116539711804,"1","0","0","Projection Neurons","Neuron"
"AAAATGCTCTGAGCCT","KO3",2818,1614,2.76792051100071,"6","2","2","Non-Projection Neuron Cells","aIP"
"AAAATGGCGGACTGAC","KO3",11014,3503,8.16233884147449,"4","4","4","Non-Projection Neuron Cells","Oligo"
"AAAATGTATCCAATTG","KO3",13284,3682,5.15657934357121,"0","1","1","Projection Neurons","Neuron"
"AAAATGTGACCCAATC","KO3",21205,5240,5.06012732846027,"6","2","2","Non-Projection Neuron Cells","aIP"
"AAAATTCGCTAGGGCC","KO3",15530,3618,5.58918222794591,"2","2","2","Non-Projection Neuron Cells","aIP"
"AAAATTCTCCGTCAGG","KO3",2070,1090,13.5265700483092,"0","1","1","Projection Neurons","Neuron"
"AAAATTGCGCAGGAGG","KO3",4784,2136,1.31688963210702,"0","1","1","Projection Neurons","Neuron"
"AAAATTGCTATAGTAG","KO3",7265,2514,9.31865106675843,"2","2","2","Non-Projection Neuron Cells","aIP"
"AAAATTTATTTATATT","KO3",10288,3097,5.42379471228616,"3","3","3","Non-Projection Neuron Cells","RGP"
"AAAATTTCAGCATATG","KO3",1945,897,14.6015424164524,"1","0","0","Projection Neurons","Neuron"
"AAACAAATCTCCACTC","KO3",13396,3676,5.81516870707674,"0","1","1","Projection Neurons","Neuron"
"AAACAACAAGTCGCAC","KO3",9423,3764,2.97145282818635,"6","2","2","Non-Projection Neuron Cells","aIP"
"AAACAACGGTCCCGTG","KO3",18400,4284,4.04891304347826,"0","6","6","Projection Neurons","Neuron"
"AAACACAGCCAACCCC","KO3",11896,3151,2.89172831203766,"3","3","3","Non-Projection Neuron Cells","RGP"
"AAACACCTTTTGGCCG","KO3",3581,1824,2.70874057525831,"0","1","1","Projection Neurons","Neuron"
"AAACACGACCCTAAAC","KO3",28029,5215,3.22879874415784,"2","2","2","Non-Projection Neuron Cells","aIP"
"AAACACGACTATTATT","KO3",15423,3866,4.72670686636841,"0","0","0","Projection Neurons","Neuron"
"AAACACGGCACGAGCC","KO3",10642,3364,5.88235294117647,"0","1","1","Projection Neurons","Neuron"
"AAACAGAAATGACAGG","KO3",11331,3225,5.1804783337746,"0","0","0","Projection Neurons","Neuron"
"AAACAGAGGGTATCAC","KO3",6685,2362,6.77636499626028,"5","5","5","Non-Projection Neuron Cells","OBNB"
"AAACAGCGACAATTAG","KO3",3484,1760,3.15729047072331,"0","0","0","Projection Neurons","Neuron"
"AAACAGCGCTATCATG","KO3",14048,4058,6.72693621867882,"4","4","4","Non-Projection Neuron Cells","Oligo"
"AAACAGCTAGAACGTC","KO3",15202,4157,6.25575582160242,"0","6","6","Projection Neurons","Neuron"
"AAACAGCTGGTTAGCC","KO3",8965,2591,4.32794199665365,"5","5","5","Non-Projection Neuron Cells","OBNB"
"AAACAGGAATACTCCC","KO3",8323,2639,4.8780487804878,"0","1","1","Projection Neurons","Neuron"
"AAACAGGCCAGCTACG","KO3",16376,4114,5.00732779677577,"0","0","0","Projection Neurons","Neuron"
"AAACAGGGATCGTGAC","KO3",11823,3251,5.15097690941385,"0","1","1","Projection Neurons","Neuron"
"AAACATACTCATCCTT","KO3",10045,3033,4.18118466898955,"0","0","0","Projection Neurons","Neuron"
"AAACATACTTCCCGCG","KO3",5158,2463,3.27646374563784,"2","2","2","Non-Projection Neuron Cells","aIP"
"AAACATCCTAGCACCC","KO3",17114,4277,3.3831950449924,"2","2","2","Non-Projection Neuron Cells","aIP"
"AAACATGAAAACAATA","KO3",8482,2904,9.11341664701721,"0","1","1","Projection Neurons","Neuron"
"AAACATTCATGACGAG","KO3",5305,2100,8.74646559849199,"0","1","1","Projection Neurons","Neuron"
"AAACATTCCTCCCCAC","KO3",11239,3345,4.72461962808079,"0","0","0","Projection Neurons","Neuron"
"AAACATTCGCCATTAA","KO3",12141,3358,5.16431924882629,"0","0","0","Projection Neurons","Neuron"
"AAACATTGGACCCGTG","KO3",17671,4455,4.40269367890895,"0","0","0","Projection Neurons","Neuron"
"AAACCAAACGTGCATC","KO3",4465,2255,3.8521836506159,"6","2","2","Non-Projection Neuron Cells","aIP"
"AAACCAACAAGGTTAC","KO3",11050,3401,5.42986425339367,"2","3","3","Non-Projection Neuron Cells","RGP"
"AAACCACTCGTTCAGT","KO3",9960,3800,3.75502008032128,"6","2","2","Non-Projection Neuron Cells","aIP"
"AAACCAGGATTTAGTC","KO3",10829,3071,4.95890663957891,"0","6","6","Projection Neurons","Neuron"
"AAACCAGTCTGACCAC","KO3",10068,3169,7.45927691696464,"0","1","1","Projection Neurons","Neuron"
"AAACCATAAACGCTGG","KO3",29496,5248,4.68877135882832,"0","6","6","Projection Neurons","Neuron"
"AAACCATACATGCTGC","KO3",9826,3041,6.73722776307755,"1","0","0","Projection Neurons","Neuron"
"AAACCATGCGTCGCAC","KO3",14967,3879,4.59009821607537,"3","3","3","Non-Projection Neuron Cells","RGP"
"AAACCATTCCGCTTCT","KO3",5120,2322,1.9140625,"2","2","2","Non-Projection Neuron Cells","aIP"
"AAACCATTGCTGGGGG","KO3",9042,3019,6.22649856226499,"0","1","1","Projection Neurons","Neuron"
"AAACCCAACTGCGTTC","KO3",13070,3377,5.24100994644223,"5","5","5","Non-Projection Neuron Cells","OBNB"
"AAACCCGGGAAATGAG","KO3",18555,4425,4.88278092158448,"0","0","0","Projection Neurons","Neuron"
"AAACCCTGTAACCCAG","KO3",16241,3747,3.22640231512838,"3","3","3","Non-Projection Neuron Cells","RGP"
"AAACCGAATCCACGGG","KO3",6174,2303,5.31260123096858,"1","0","0","Projection Neurons","Neuron"
"AAACCGCCACCCAAAG","KO3",9798,2937,5.9297815880792,"4","4","4","Non-Projection Neuron Cells","Oligo"
"AAACCGCCTTCGGGGA","KO3",10127,2991,6.54685494223363,"0","1","1","Projection Neurons","Neuron"
"AAACCGCGGCAGGTCC","KO3",5218,2048,6.20927558451514,"0","1","1","Projection Neurons","Neuron"
"AAACCGTCCTCTCTGT","KO3",6870,2693,3.39155749636099,"2","2","2","Non-Projection Neuron Cells","aIP"
"AAACCGTCGTAGCTAA","KO3",8711,3063,5.30363907702904,"0","1","1","Projection Neurons","Neuron"
"AAACCTAGAAAAGACC","KO3",6042,2399,5.94174114531612,"0","1","1","Projection Neurons","Neuron"
"AAACCTAGGGAGGGAC","KO3",1923,1090,11.2844513780551,"2","2","2","Non-Projection Neuron Cells","aIP"
"AAACCTGGCCGCCATG","KO3",5368,1877,6.650521609538,"1","0","0","Projection Neurons","Neuron"
"AAACCTTTCATAACTG","KO3",7419,2518,0.795255425259469,"3","3","3","Non-Projection Neuron Cells","RGP"
"AAACGAAAATAAGTTT","KO3",7039,2848,6.66287824975138,"6","2","2","Non-Projection Neuron Cells","aIP"
"AAACGACCCCAAGCAG","KO3",17740,4392,3.75986471251409,"1","0","0","Projection Neurons","Neuron"
"AAACGAGGCGTGCCTC","KO3",4261,2053,3.94273644684346,"0","1","1","Projection Neurons","Neuron"
"AAACGCACGTTCTTTT","KO3",11039,4109,3.78657487091222,"6","2","2","Non-Projection Neuron Cells","aIP"
"AAACGCAGACACCGCC","KO3",12915,3476,4.91676345334882,"3","3","3","Non-Projection Neuron Cells","RGP"
"AAACGCTTCATGTGGC","KO3",6703,2702,9.56288229151126,"0","0","0","Projection Neurons","Neuron"
"AAACGGACTAAGGCGA","KO3",15203,4088,4.04525422613958,"4","3","3","Non-Projection Neuron Cells","RGP"
"AAACGGAGGGAAAGAT","KO3",8288,3034,4.37982625482625,"2","2","2","Non-Projection Neuron Cells","aIP"
"AAACGGGCCTCCGGCT","KO3",4823,2127,1.78312253783952,"5","5","5","Non-Projection Neuron Cells","OBNB"
"AAACGGTAACAAGCTT","KO3",1942,1404,3.50154479917611,"3","3","3","Non-Projection Neuron Cells","RGP"
"AAACGGTAAGTGGCAG","KO3",5609,2085,4.4927794615796,"2","2","2","Non-Projection Neuron Cells","aIP"
"AAACGGTTCAAAATGG","KO3",1975,1254,1.41772151898734,"2","2","2","Non-Projection Neuron Cells","aIP"
"AAACGTAGCCCCTTCT","KO3",8836,2518,6.63196016296967,"5","5","5","Non-Projection Neuron Cells","OBNB"
"AAACGTATGTTCCGGC","KO3",13682,3805,3.72752521561175,"0","1","1","Projection Neurons","Neuron"
"AAACGTTCTATCATTT","KO3",12016,3233,4.26930758988016,"0","1","1","Projection Neurons","Neuron"
"AAACTAAATCACCAAG","KO3",12070,3577,5.33554266777133,"0","1","1","Projection Neurons","Neuron"
"AAACTAACCCATTGGT","KO3",1860,1161,8.76344086021505,"1","0","0","Projection Neurons","Neuron"
"AAACTAATGAGAGATC","KO3",12755,3603,4.79027832222658,"0","0","0","Projection Neurons","Neuron"
"AAACTACAGTAGTCTT","KO3",3177,1715,2.07743153918791,"0","1","1","Projection Neurons","Neuron"
"AAACTACATGATGACA","KO3",9762,3222,7.19114935464044,"4","3","3","Non-Projection Neuron Cells","RGP"
"AAACTACGTGACTTGA","KO3",4799,2101,5.33444467597416,"4","4","4","Non-Projection Neuron Cells","Oligo"
"AAACTAGCTAATGCTT","KO3",4996,2293,5.36429143314652,"0","1","1","Projection Neurons","Neuron"
"AAACTAGTCGGTCTGT","KO3",6473,2973,3.50687471033524,"6","2","2","Non-Projection Neuron Cells","aIP"
"AAACTATCTTCTGAAT","KO3",9709,3297,4.98506540323411,"0","1","1","Projection Neurons","Neuron"
"AAACTATTTTGTGGGT","KO3",8724,3403,4.47042640990371,"2","2","2","Non-Projection Neuron Cells","aIP"
"AAACTCAGCTCCTCAC","KO3",4903,1955,4.54823577401591,"3","3","3","Non-Projection Neuron Cells","RGP"
"AAACTCGCCTTTTTAT","KO3",11977,3972,5.65250062620022,"0","0","0","Projection Neurons","Neuron"
"AAACTCGTCTCAACAC","KO3",3882,1747,4.50798557444616,"0","1","1","Projection Neurons","Neuron"
"AAACTCTATAGCAGCA","KO3",13652,3770,6.27746850278347,"4","4","4","Non-Projection Neuron Cells","Oligo"
"AAACTCTGGAGTGTGT","KO3",11448,3378,5.45073375262055,"0","1","1","Projection Neurons","Neuron"
"AAACTGATCGACTGGA","KO3",12508,3325,5.05276622961305,"4","4","4","Non-Projection Neuron Cells","Oligo"
"AAACTGGGCCGGTATC","KO3",15153,3948,5.29928067049429,"0","6","6","Projection Neurons","Neuron"
"AAACTGTAGTAACAGC","KO3",19570,4458,4.68063362289218,"4","4","4","Non-Projection Neuron Cells","Oligo"
"AAACTTAAACGAGAGG","KO3",15648,3495,5.57259713701432,"1","0","0","Projection Neurons","Neuron"
"AAACTTACCGCTCCGC","KO3",5910,2173,8.66328257191201,"5","5","5","Non-Projection Neuron Cells","OBNB"
"AAACTTCGCTCCCCAT","KO3",8479,3021,5.97947871211228,"0","1","1","Projection Neurons","Neuron"
"AAACTTGGCGCCGCTG","KO3",12229,3788,3.85150053152343,"3","3","3","Non-Projection Neuron Cells","RGP"
"AAACTTTAAACGAGAC","KO3",6350,2621,7.93700787401575,"2","2","2","Non-Projection Neuron Cells","aIP"
"AAACTTTCCGTATGTT","KO3",14780,4252,9.02571041948579,"6","2","2","Non-Projection Neuron Cells","aIP"
"AAACTTTGTTACCGAT","KO3",6780,2639,6.48967551622419,"0","1","1","Projection Neurons","Neuron"
"AAAGAAAACTGATAGC","KO3",19429,4644,4.58592825158269,"0","0","0","Projection Neurons","Neuron"
"AAAGAAAAGTTTTCGA","KO3",1912,1115,1.30753138075314,"2","2","2","Non-Projection Neuron Cells","aIP"
"AAAGAAAGTCTGTATA","KO3",14631,3945,5.81641719636388,"0","0","0","Projection Neurons","Neuron"
"AAAGAACAAAAGAGCC","KO3",13200,3530,3.61363636363636,"3","3","3","Non-Projection Neuron Cells","RGP"
"AAAGAACCCACCTATC","KO3",4664,2194,5.55317324185249,"4","3","3","Non-Projection Neuron Cells","RGP"
"AAAGAAGGGATGATAA","KO3",26178,4761,4.74444189777676,"1","0","0","Projection Neurons","Neuron"
"AAAGAATAAAAATGAC","KO3",5619,2329,4.84071898914398,"4","4","4","Non-Projection Neuron Cells","Oligo"
"AAAGAATAACCTCCGG","KO3",15235,3890,5.52674762061044,"0","1","1","Projection Neurons","Neuron"
"AAAGAATGAGACACGT","KO3",5737,1900,4.98518389402127,"5","5","5","Non-Projection Neuron Cells","OBNB"
"AAAGACAGCATTGCCA","KO3",3714,1682,10.016155088853,"5","5","5","Non-Projection Neuron Cells","OBNB"
"AAAGACATCCCGCTTC","KO3",6566,2433,3.09168443496802,"2","2","2","Non-Projection Neuron Cells","aIP"
"AAAGACCCACGCAGTG","KO3",18005,4280,3.66564843099139,"2","2","2","Non-Projection Neuron Cells","aIP"
"AAAGACCGCAGGGTCA","KO3",7962,2875,4.50891735744788,"5","5","5","Non-Projection Neuron Cells","OBNB"
"AAAGACGCGTCGAGCG","KO3",12407,3766,2.41798984444265,"0","6","6","Projection Neurons","Neuron"
"AAAGACTATCTGCCCT","KO3",11621,4252,5.50727131916358,"6","2","2","Non-Projection Neuron Cells","aIP"
"AAAGAGCGATAAACTA","KO3",15252,3988,4.78625753999475,"0","6","6","Projection Neurons","Neuron"
"AAAGAGCTCCAACATT","KO3",5237,2383,8.09623830437273,"4","4","4","Non-Projection Neuron Cells","Oligo"
"AAAGAGCTCGATCGTT","KO3",10576,3249,7.29954614220877,"0","1","1","Projection Neurons","Neuron"
"AAAGAGGAGCAGGGAT","KO3",5800,1862,6.06896551724138,"0","1","1","Projection Neurons","Neuron"
"AAAGAGGCTCTCCCAA","KO3",11279,3401,5.06250554127139,"0","0","0","Projection Neurons","Neuron"
"AAAGAGTATCCTGAAA","KO3",10377,3031,5.78201792425557,"0","1","1","Projection Neurons","Neuron"
"AAAGAGTCCACTATTG","KO3",10902,3166,7.77838928636947,"0","0","0","Projection Neurons","Neuron"
"AAAGAGTCGCTAAGGG","KO3",17297,5124,3.202867549286,"6","2","2","Non-Projection Neuron Cells","aIP"
"AAAGAGTGCTAAAAAC","KO3",3096,1442,3.26227390180879,"4","3","3","Non-Projection Neuron Cells","RGP"
"AAAGAGTGTTTTGGGT","KO3",9563,2943,2.78155390567813,"3","3","3","Non-Projection Neuron Cells","RGP"
"AAAGATAGTATTCTTT","KO3",6662,2500,6.04923446412489,"0","1","1","Projection Neurons","Neuron"
"AAAGATCAACCCTACT","KO3",12319,3533,5.88521795600292,"4","4","4","Non-Projection Neuron Cells","Oligo"
"AAAGATCATTTAACAG","KO3",6970,2642,7.51793400286944,"4","4","4","Non-Projection Neuron Cells","Oligo"
"AAAGATCGAAGTCGGT","KO3",7773,3099,6.20095201337965,"4","4","4","Non-Projection Neuron Cells","Oligo"
"AAAGATCGGCTAATGC","KO3",1852,1086,14.9568034557235,"1","0","0","Projection Neurons","Neuron"
"AAAGATCTTATAGAAT","KO3",2873,1343,4.14201183431953,"3","3","3","Non-Projection Neuron Cells","RGP"
"AAAGATGTGAAAATGT","KO3",4080,2095,1.83823529411765,"6","2","2","Non-Projection Neuron Cells","aIP"
"AAAGATTACGCTCAAG","KO3",9305,2882,5.52391187533584,"1","0","0","Projection Neurons","Neuron"
"AAAGCAAGACGGAAGA","KO3",7151,2657,3.8875681722836,"4","4","4","Non-Projection Neuron Cells","Oligo"
"AAAGCACTCTAGAAGT","KO3",8604,2712,4.05625290562529,"5","5","5","Non-Projection Neuron Cells","OBNB"
"AAAGCAGGGCCATGTA","KO3",10424,3400,6.36032233307751,"0","0","0","Projection Neurons","Neuron"
"AAAGCAGGTGTCGATC","KO3",22356,4376,5.34084809447128,"4","4","4","Non-Projection Neuron Cells","Oligo"
"AAAGCAGTCGCATACC","KO3",2549,1520,4.39387995292272,"4","4","4","Non-Projection Neuron Cells","Oligo"
"AAAGCATAGTTGTGAG","KO3",32116,5428,4.63631834599576,"1","0","0","Projection Neurons","Neuron"
"AAAGCATCTGGCGCGT","KO3",5250,2307,2.43809523809524,"2","2","2","Non-Projection Neuron Cells","aIP"
"AAAGCCAGCACGGGCA","KO3",5891,2540,2.58020709556951,"6","2","2","Non-Projection Neuron Cells","aIP"
"AAAGCCGAGCTCCTCT","KO3",1908,1189,1.15303983228512,"2","2","2","Non-Projection Neuron Cells","aIP"
"AAAGCCGGTAGGTTGG","KO3",16152,3976,4.23476968796434,"1","0","0","Projection Neurons","Neuron"
"AAAGCCGTTCACGTAT","KO3",11715,3519,7.4861288945796,"0","0","0","Projection Neurons","Neuron"
"AAAGCGATCTGCGCGG","KO3",1920,1237,6.40625,"2","2","2","Non-Projection Neuron Cells","aIP"
"AAAGCGCACCCTTCAT","KO3",27019,4832,3.982382767682,"1","0","0","Projection Neurons","Neuron"
"AAAGCGCGCCGTCGGT","KO3",14064,3445,5.49630261660978,"0","1","1","Projection Neurons","Neuron"
"AAAGCGTGGATTTGCA","KO3",2197,890,6.96404187528448,"2","2","2","Non-Projection Neuron Cells","aIP"
"AAAGCTAATCAAATTC","KO3",19690,4141,3.11325545962417,"3","3","3","Non-Projection Neuron Cells","RGP"
"AAAGCTAGGCCACAGG","KO3",7116,2707,5.90219224283305,"0","1","1","Projection Neurons","Neuron"
"AAAGCTGCCCTTGGGC","KO3",4279,1884,11.6148632858144,"0","1","1","Projection Neurons","Neuron"
"AAAGCTTAGCACTCAT","KO3",11026,3388,6.53908942499547,"2","2","2","Non-Projection Neuron Cells","aIP"
"AAAGCTTAGTGCTCGG","KO3",9577,3430,3.59193902057012,"0","1","1","Projection Neurons","Neuron"
"AAAGCTTCGTGACAAC","KO3",2268,1068,1.85185185185185,"0","1","1","Projection Neurons","Neuron"
"AAAGGAAATCACGTTT","KO3",5036,2082,8.32009531374107,"0","1","1","Projection Neurons","Neuron"
"AAAGGAAGCAACACCA","KO3",5866,1758,8.3873167405387,"0","1","1","Projection Neurons","Neuron"
"AAAGGAGGGCTCGTGT","KO3",2811,1272,1.10281038776236,"3","3","3","Non-Projection Neuron Cells","RGP"
"AAAGGATCCCTTCACT","KO3",6894,2235,6.1792863359443,"5","5","5","Non-Projection Neuron Cells","OBNB"
"AAAGGATTAGGCAATA","KO3",11889,3871,1.62334931449239,"2","2","2","Non-Projection Neuron Cells","aIP"
"AAAGGCACGTATCGAC","KO3",2737,1625,1.93642674461089,"6","2","2","Non-Projection Neuron Cells","aIP"
"AAAGGCAGATTTTTCA","KO3",16170,4159,4.08163265306122,"2","2","2","Non-Projection Neuron Cells","aIP"
"AAAGGCTTGAAGCGTC","KO3",20977,4696,3.48953615864995,"0","0","0","Projection Neurons","Neuron"
"AAAGGGATAATGGATA","KO3",24133,4479,3.14921476815978,"3","3","3","Non-Projection Neuron Cells","RGP"
"AAAGGGATTTGTTTCC","KO3",5765,2107,5.01300954032958,"0","1","1","Projection Neurons","Neuron"
"AAAGGGCTAATCGGTT","KO3",18549,4244,3.90317537333549,"2","2","2","Non-Projection Neuron Cells","aIP"
"AAAGGGCTTGGCACTC","KO3",3475,1444,5.69784172661871,"3","3","3","Non-Projection Neuron Cells","RGP"
"AAAGGGGGTAAGTTTT","KO3",6288,2244,7.56997455470738,"0","1","1","Projection Neurons","Neuron"
"AAAGGTACAAGGTCAG","KO3",2218,1068,9.19747520288548,"0","1","1","Projection Neurons","Neuron"
"AAAGGTACCTGCAAGG","KO3",9637,2791,4.72138632354467,"5","5","5","Non-Projection Neuron Cells","OBNB"
"AAAGGTACTCCCGGGA","KO3",3541,1562,13.1036430386896,"0","1","1","Projection Neurons","Neuron"
"AAAGGTAGACTGTGCG","KO3",1857,1019,4.73882606354335,"5","5","5","Non-Projection Neuron Cells","OBNB"
"AAAGGTCACTAATACA","KO3",2054,1207,1.31450827653359,"2","2","2","Non-Projection Neuron Cells","aIP"
"AAAGGTGAATTCATCC","KO3",17562,4237,4.58376039175493,"0","0","0","Projection Neurons","Neuron"
"AAAGTAATACCCGTAT","KO3",5532,2133,5.54953000723066,"0","1","1","Projection Neurons","Neuron"
"AAAGTAATGAATTAAT","KO3",12022,3332,7.16186990517385,"0","1","1","Projection Neurons","Neuron"
"AAAGTACAGCTTTTCC","KO3",16816,4447,4.82873453853473,"1","0","0","Projection Neurons","Neuron"
"AAAGTACCGTTCGATA","KO3",9335,3099,7.01660417782539,"0","1","1","Projection Neurons","Neuron"
"AAAGTAGCAAGTTCAA","KO3",13723,3450,3.14799970851855,"5","5","5","Non-Projection Neuron Cells","OBNB"
"AAAGTCAAGTGCCAAC","KO3",10623,3113,6.56123505601054,"0","1","1","Projection Neurons","Neuron"
"AAAGTCAGGCCAGAAT","KO3",3984,1542,12.6506024096386,"1","0","0","Projection Neurons","Neuron"
"AAAGTCGATAGTGGAC","KO3",16012,3956,5.21483887084687,"1","0","0","Projection Neurons","Neuron"
"AAAGTCGCTTAGCGGC","KO3",7546,3366,3.10098065200106,"6","2","2","Non-Projection Neuron Cells","aIP"
"AAAGTCTGTCTGACAG","KO3",7357,2299,6.22536359929319,"2","2","2","Non-Projection Neuron Cells","aIP"
"AAAGTGAGAGCCTCGA","KO3",7443,2674,8.98831116485288,"5","5","5","Non-Projection Neuron Cells","OBNB"
"AAAGTGCACGCATGAT","KO3",3112,1489,10.9575835475578,"0","1","1","Projection Neurons","Neuron"
"AAAGTGCGGTCTAATA","KO3",6224,2218,6.00899742930591,"5","5","5","Non-Projection Neuron Cells","OBNB"
"AAAGTGGTCATTAATC","KO3",32956,5998,5.04915645102561,"2","2","2","Non-Projection Neuron Cells","aIP"
"AAAGTGGTGAGAAGTT","KO3",18793,4239,4.166444952908,"0","0","0","Projection Neurons","Neuron"
"AAAGTGTCAAATAAGG","KO3",12122,4046,4.37221580597261,"2","2","2","Non-Projection Neuron Cells","aIP"
"AAAGTGTTTAACATGT","KO3",10752,2942,3.9155505952381,"3","3","3","Non-Projection Neuron Cells","RGP"
"AAAGTTGAATTAAATA","KO3",8631,2490,9.83663538408064,"4","4","4","Non-Projection Neuron Cells","Oligo"
"AAAGTTGAGATCGCCA","KO3",8450,2461,7.63313609467456,"1","0","0","Projection Neurons","Neuron"
"AAAGTTGCTAGGGTGG","KO3",13651,3523,1.05486777525456,"3","3","3","Non-Projection Neuron Cells","RGP"
"AAATAAGAATAAACAT","KO3",4898,2242,4.34871376071866,"2","2","2","Non-Projection Neuron Cells","aIP"
"AAATAAGGAGGTGTAT","KO3",8356,2994,5.02632838678794,"4","4","4","Non-Projection Neuron Cells","Oligo"
"AAATAAGGATCCCCAT","KO3",5033,2206,2.06636201072919,"2","2","2","Non-Projection Neuron Cells","aIP"
"AAATAATGAGGTCCGC","KO3",7652,2498,8.11552535284893,"5","5","5","Non-Projection Neuron Cells","OBNB"
"AAATACAAACAGCTCT","KO3",6495,2440,7.17474980754426,"0","1","1","Projection Neurons","Neuron"
"AAATACATAAAGTTCC","KO3",5184,1837,8.9891975308642,"5","5","5","Non-Projection Neuron Cells","OBNB"
"AAATACCCAAGCGGCT","KO3",10084,3291,5.7516858389528,"2","2","2","Non-Projection Neuron Cells","aIP"
"AAATACCGATCCGAGA","KO3",7520,2545,8.29787234042553,"1","0","0","Projection Neurons","Neuron"
"AAATACCTTATGCTTC","KO3",3905,1835,3.94366197183099,"0","1","1","Projection Neurons","Neuron"
"AAATACGCAAAGCCCG","KO3",3244,1668,4.00739827373613,"5","5","5","Non-Projection Neuron Cells","OBNB"
"AAATACTCGCTTCCGA","KO3",12961,3448,5.40081783812977,"0","0","0","Projection Neurons","Neuron"
"AAATAGAATGTAAAAT","KO3",16764,3976,4.31877833452637,"0","0","0","Projection Neurons","Neuron"
"AAATAGACGGGGTCGA","KO3",5346,1928,9.07220351664796,"4","4","4","Non-Projection Neuron Cells","Oligo"
"AAATAGACTCAGCAAT","KO3",13074,3651,10.7771148845036,"2","2","2","Non-Projection Neuron Cells","aIP"
"AAATAGATAGAAATTC","KO3",2722,1349,6.83321087435709,"1","0","0","Projection Neurons","Neuron"
"AAATAGCTTATGCGGA","KO3",4658,2006,6.31172176899957,"5","5","5","Non-Projection Neuron Cells","OBNB"
"AAATAGGATTTAGCCG","KO3",9503,2938,4.19867410291487,"2","2","2","Non-Projection Neuron Cells","aIP"
"AAATAGGCGAAGTGCA","KO3",13859,3561,4.02626452124973,"4","4","4","Non-Projection Neuron Cells","Oligo"
"AAATAGTATTAACGAA","KO3",7885,3003,6.3284717818643,"0","1","1","Projection Neurons","Neuron"
"AAATATAAATTCGCTT","KO3",10633,3464,5.84030847361986,"2","2","2","Non-Projection Neuron Cells","aIP"
"AAATATAATAGTCTTC","KO3",9756,2940,7.05207052070521,"2","2","2","Non-Projection Neuron Cells","aIP"
"AAATATATGCTTAACC","KO3",14303,4073,4.36971264769629,"0","0","0","Projection Neurons","Neuron"
"AAATATCTGTGTCCAC","KO3",9878,2982,7.57238307349666,"4","4","4","Non-Projection Neuron Cells","Oligo"
"AAATATGTCTTAAGCT","KO3",2077,1289,2.79248916706789,"4","4","4","Non-Projection Neuron Cells","Oligo"
"AAATATTGACCAGTGG","KO3",11152,3507,3.55989956958393,"2","2","2","Non-Projection Neuron Cells","aIP"
"AAATCAACACAGTGGG","KO3",5598,1782,8.64594498035012,"5","5","5","Non-Projection Neuron Cells","OBNB"
"AAATCACCAACAATAA","KO3",6493,2289,4.85137840751579,"3","3","3","Non-Projection Neuron Cells","RGP"
"AAATCACTTAGGCCGC","KO3",6704,2193,8.05489260143198,"0","1","1","Projection Neurons","Neuron"
"AAATCAGGTACACCAG","KO3",28801,5240,5.16301517308427,"0","6","6","Projection Neurons","Neuron"
"AAATCATAACTAGAAT","KO3",7578,2350,4.63182897862233,"3","3","3","Non-Projection Neuron Cells","RGP"
"AAATCATTGTGACGTA","KO3",9768,3196,3.67526617526618,"2","2","2","Non-Projection Neuron Cells","aIP"
"AAATCCAAACAAACGG","KO3",3254,1590,2.1819299323909,"5","5","5","Non-Projection Neuron Cells","OBNB"
"AAATCCAATAGTAAAG","KO3",9484,2989,4.75537747785744,"5","5","5","Non-Projection Neuron Cells","OBNB"
"AAATCCATGCGATGTC","KO3",5707,2009,5.92255125284738,"5","5","5","Non-Projection Neuron Cells","OBNB"
"AAATCCATTCCCGCTT","KO3",4273,1913,3.83805289024105,"2","2","2","Non-Projection Neuron Cells","aIP"
"AAATCCCCTGTCTAAC","KO3",7753,2775,7.26170514639494,"2","2","2","Non-Projection Neuron Cells","aIP"
"AAATCCTCCGAGGAAT","KO3",14669,3995,4.05617288158702,"4","3","3","Non-Projection Neuron Cells","RGP"
"AAATCGAATCCGAAAC","KO3",6006,2141,5.99400599400599,"0","1","1","Projection Neurons","Neuron"
"AAATCGAGAGGGATAC","KO3",2363,1297,4.69741853575963,"0","1","1","Projection Neurons","Neuron"
"AAATCGAGCCATTCTT","KO3",11469,3328,4.5078036446072,"0","1","1","Projection Neurons","Neuron"
"AAATCGCAGCCTGCAC","KO3",7481,2840,4.07699505413715,"2","2","2","Non-Projection Neuron Cells","aIP"
"AAATCGCCTACCCGCT","KO3",6586,2507,6.93896143334346,"0","1","1","Projection Neurons","Neuron"
"AAATCGGCGACGTTCC","KO3",4897,2139,4.57422911986931,"0","1","1","Projection Neurons","Neuron"
"AAATCGTGCGGTATTC","KO3",11937,3325,5.45363156572003,"0","1","1","Projection Neurons","Neuron"
"AAATCTAAGACTACCG","KO3",7511,2334,5.01930501930502,"5","5","5","Non-Projection Neuron Cells","OBNB"
"AAATCTCAACTCTGCG","KO3",14747,3498,6.15040347189259,"0","1","1","Projection Neurons","Neuron"
"AAATCTCCCCGTACGA","KO3",8028,3075,5.09466865969108,"2","2","2","Non-Projection Neuron Cells","aIP"
"AAATCTCCGCACACGG","KO3",23613,4831,4.49328759581586,"1","0","0","Projection Neurons","Neuron"
"AAATCTGAATTACTAC","KO3",1927,1071,3.84016606123508,"0","1","1","Projection Neurons","Neuron"
"AAATCTGCACTAAGAC","KO3",5965,2110,3.57082984073764,"5","5","5","Non-Projection Neuron Cells","OBNB"
"AAATCTTATAGGCTAT","KO3",2014,1270,0.794438927507448,"3","3","3","Non-Projection Neuron Cells","RGP"
"AAATCTTCTTGAGCTC","KO3",31326,5546,4.07329374960097,"0","0","0","Projection Neurons","Neuron"
"AAATCTTGAGGTACGA","KO3",8954,3052,6.09783337056064,"0","0","0","Projection Neurons","Neuron"
"AAATGAAGAATCAACC","KO3",13025,3204,5.92706333973129,"3","3","3","Non-Projection Neuron Cells","RGP"
"AAATGAGGAGCCCACG","KO3",11954,3771,6.85126317550611,"2","2","2","Non-Projection Neuron Cells","aIP"
"AAATGAGGGCTTTGAC","KO3",4280,1826,8.76168224299065,"0","0","0","Projection Neurons","Neuron"
"AAATGAGGGTTCCATG","KO3",2166,1295,8.49492151431209,"3","3","3","Non-Projection Neuron Cells","RGP"
"AAATGATGTGTCAGGA","KO3",3725,1802,6.68456375838926,"0","0","0","Projection Neurons","Neuron"
"AAATGCCCTCTGCTAC","KO3",10364,2737,4.29370899266692,"1","0","0","Projection Neurons","Neuron"
"AAATGCTCCGAGCCCC","KO3",10510,3036,6.18458610846813,"4","4","4","Non-Projection Neuron Cells","Oligo"
"AAATGCTGCGTCTTCT","KO3",10714,3466,5.80548814635057,"5","5","5","Non-Projection Neuron Cells","OBNB"
"AAATGCTGCTAACGAG","KO3",7827,2360,5.21272518206209,"3","3","3","Non-Projection Neuron Cells","RGP"
"AAATGGAATCACTTAG","KO3",13878,3929,5.77893068165442,"0","0","0","Projection Neurons","Neuron"
"AAATGGACGTGCTTCG","KO3",9171,2966,4.6777886817141,"0","1","1","Projection Neurons","Neuron"
"AAATGGATCGGGCAAG","KO3",12152,3315,4.46017116524029,"3","3","3","Non-Projection Neuron Cells","RGP"
"AAATGGCAGTCGATGC","KO3",13345,3761,5.65754964406145,"0","0","0","Projection Neurons","Neuron"
"AAATGGCGATGGTCAA","KO3",19261,4323,4.41306266548985,"1","0","0","Projection Neurons","Neuron"
"AAATGGCGCTGTCATC","KO3",18555,3775,5.57262193478847,"3","3","3","Non-Projection Neuron Cells","RGP"
"AAATGGGATAATACGC","KO3",10909,3673,3.18085984049867,"2","2","2","Non-Projection Neuron Cells","aIP"
"AAATGGTATTCTGCGC","KO3",15372,4487,6.57689305230289,"2","2","2","Non-Projection Neuron Cells","aIP"
"AAATGGTTGTGTGATT","KO3",6526,2345,8.22862396567576,"0","1","1","Projection Neurons","Neuron"
"AAATGTGCCATCCTGG","KO3",4530,1890,2.73730684326711,"0","1","1","Projection Neurons","Neuron"
"AAATTAACCCCCAGTA","KO3",4200,2031,9.78571428571428,"4","4","4","Non-Projection Neuron Cells","Oligo"
"AAATTAACCGCTGCTG","KO3",4412,2125,1.01994560290118,"2","2","2","Non-Projection Neuron Cells","aIP"
"AAATTAATATAGTGTC","KO3",8959,3003,6.59671838374819,"4","3","3","Non-Projection Neuron Cells","RGP"
"AAATTAATATCCTTTA","KO3",2348,1160,2.93867120954003,"0","1","1","Projection Neurons","Neuron"
"AAATTACAGCCCTTTG","KO3",6681,2676,6.3313875168388,"0","1","1","Projection Neurons","Neuron"
"AAATTACGTTAGTGCC","KO3",10048,3254,3.74203821656051,"3","3","3","Non-Projection Neuron Cells","RGP"
"AAATTAGCTGAGCTAC","KO3",2886,1307,6.65280665280665,"4","4","4","Non-Projection Neuron Cells","Oligo"
"AAATTAGTAGCGGCTT","KO3",4648,2053,7.89586919104991,"0","0","0","Projection Neurons","Neuron"
"AAATTAGTTGGGCCTT","KO3",7577,3203,2.95631516431305,"6","2","2","Non-Projection Neuron Cells","aIP"
"AAATTAGTTTATAAAG","KO3",19506,4441,4.82928329744694,"1","0","0","Projection Neurons","Neuron"
"AAATTATCTAGACATC","KO3",5223,2201,5.18858893356309,"2","2","2","Non-Projection Neuron Cells","aIP"
"AAATTCAGACGAGTGG","KO3",6016,2569,6.53257978723404,"2","2","2","Non-Projection Neuron Cells","aIP"
"AAATTCCGTACAATTT","KO3",3978,1606,9.60281548516843,"5","5","5","Non-Projection Neuron Cells","OBNB"
"AAATTCGCGCAGAACC","KO3",6916,2861,2.92076344707924,"2","2","2","Non-Projection Neuron Cells","aIP"
"AAATTCTCAAGCGTGT","KO3",8095,2656,5.48486720197653,"0","1","1","Projection Neurons","Neuron"
"AAATTCTGGACCTTTT","KO3",12789,3817,4.37094377981077,"3","3","3","Non-Projection Neuron Cells","RGP"
"AAATTGATCGACTACT","KO3",9843,2994,5.55724880625825,"2","2","2","Non-Projection Neuron Cells","aIP"
"AAATTGGCTGTGCCTC","KO3",13149,4126,2.22070119400715,"2","2","2","Non-Projection Neuron Cells","aIP"
"AAATTGTAAACATTGA","KO3",3276,1653,6.62393162393162,"2","2","2","Non-Projection Neuron Cells","aIP"
"AAATTGTAGACATCCT","KO3",5810,2671,3.47676419965577,"3","3","3","Non-Projection Neuron Cells","RGP"
"AAATTGTCCTAACTCC","KO3",6003,2193,10.2282192237215,"0","1","1","Projection Neurons","Neuron"
"AAATTTAAATTTCAGA","KO3",5710,2233,8.33625218914186,"0","1","1","Projection Neurons","Neuron"
"AAATTTAATGACAGCT","KO3",17347,4046,5.02104110220787,"2","2","2","Non-Projection Neuron Cells","aIP"
"AAATTTAGACTCTATG","KO3",3880,1876,6.75257731958763,"4","4","4","Non-Projection Neuron Cells","Oligo"
"AACAAAGTTGATATAA","KO3",8726,3285,5.35182214072886,"0","1","1","Projection Neurons","Neuron"
"AACAAATCGACGTTTT","KO3",17599,4239,6.76174782658106,"2","2","2","Non-Projection Neuron Cells","aIP"
"AACAAATTTATTCAAT","KO3",5138,2076,5.46905410665629,"2","2","2","Non-Projection Neuron Cells","aIP"
"AACAACATGTCAGTTC","KO3",2936,1400,7.56130790190736,"5","5","5","Non-Projection Neuron Cells","OBNB"
"AACAACCAAGCCTGCC","KO3",4185,2099,3.44086021505376,"4","4","4","Non-Projection Neuron Cells","Oligo"
"AACAAGACGTACAGTG","KO3",3832,1752,9.49895615866388,"0","1","1","Projection Neurons","Neuron"
"AACAAGATCGGGTTGT","KO3",10258,3593,6.18054201598752,"6","2","2","Non-Projection Neuron Cells","aIP"
"AACAAGGATAATGTTA","KO3",11078,3151,4.21556237588012,"3","3","3","Non-Projection Neuron Cells","RGP"
"AACAAGTTGATGCGGA","KO3",2391,1108,4.26599749058971,"4","4","4","Non-Projection Neuron Cells","Oligo"
"AACAATAGTATTGACG","KO3",10350,2883,5.18840579710145,"4","4","4","Non-Projection Neuron Cells","Oligo"
"AACAATCTAAAGTCAG","KO3",8438,3126,4.04124200047405,"6","2","2","Non-Projection Neuron Cells","aIP"
"AACACACACCCGACAA","KO3",3848,1763,4.18399168399168,"5","5","5","Non-Projection Neuron Cells","OBNB"
"AACACACGCGATTCAT","KO3",4829,2039,6.66804721474425,"1","0","0","Projection Neurons","Neuron"
"AACACATAGTCGAGCT","KO3",14232,3854,4.72175379426644,"0","6","6","Projection Neurons","Neuron"
"AACACATTCATGGACC","KO3",9110,2960,6.80570801317234,"4","4","4","Non-Projection Neuron Cells","Oligo"
"AACACCAAATATTTGA","KO3",10494,3462,3.4019439679817,"3","3","3","Non-Projection Neuron Cells","RGP"
"AACACCAAGCAAAACC","KO3",4972,1935,7.46178600160901,"5","5","5","Non-Projection Neuron Cells","OBNB"
"AACACCCATTAGTCAG","KO3",7097,2409,5.50937015640411,"0","1","1","Projection Neurons","Neuron"
"AACACCCCCGAGTCTT","KO3",7992,3147,2.7027027027027,"2","2","2","Non-Projection Neuron Cells","aIP"
"AACACCCTCTCTACCA","KO3",11766,3363,3.47611762706102,"4","3","3","Non-Projection Neuron Cells","RGP"
"AACACCGCCATGGCCG","KO3",5053,2521,6.3724520087077,"4","3","3","Non-Projection Neuron Cells","RGP"
"AACACCTTCCATGGAG","KO3",7170,2699,5.57880055788006,"0","1","1","Projection Neurons","Neuron"
"AACACGAAATGTCAGA","KO3",6534,2724,5.76981940618304,"0","1","1","Projection Neurons","Neuron"
"AACACGCATCCAGCGG","KO3",7085,2586,5.03881439661256,"3","3","3","Non-Projection Neuron Cells","RGP"
"AACACGGCATTTTACC","KO3",4791,1751,8.80818200793154,"0","1","1","Projection Neurons","Neuron"
"AACACGGCGCTACCCA","KO3",9608,3183,5.6203164029975,"0","1","1","Projection Neurons","Neuron"
"AACACGGCTCCTAAAA","KO3",4672,2152,2.37585616438356,"5","5","5","Non-Projection Neuron Cells","OBNB"
"AACACGGTGACCCGAT","KO3",2085,1207,9.40047961630695,"5","5","5","Non-Projection Neuron Cells","OBNB"
"AACACGTAATGCAGAA","KO3",25406,5028,4.5422341179249,"0","0","0","Projection Neurons","Neuron"
"AACACGTCAAAACCCA","KO3",17003,3961,4.61683232370758,"0","0","0","Projection Neurons","Neuron"
"AACACGTGTGGATTAA","KO3",4099,1645,3.51305196389363,"5","5","5","Non-Projection Neuron Cells","OBNB"
"AACACTAATGCGTGTC","KO3",16249,4498,4.32642008738999,"0","0","0","Projection Neurons","Neuron"
"AACACTAGCTGCCGCA","KO3",14615,3741,3.3937735203558,"3","3","3","Non-Projection Neuron Cells","RGP"
"AACACTGGGTGCATTG","KO3",4008,2023,1.17265469061876,"0","1","1","Projection Neurons","Neuron"
"AACACTTTTGGCGCTC","KO3",10155,2836,10.3988183161004,"1","0","0","Projection Neurons","Neuron"
"AACAGACGTGATTATG","KO3",16152,4002,4.42669638434869,"4","3","3","Non-Projection Neuron Cells","RGP"
"AACAGAGCTACTAACG","KO3",2650,1249,10.6037735849057,"0","1","1","Projection Neurons","Neuron"
"AACAGATCGAAAGGTC","KO3",9566,3235,2.49843194647711,"2","2","2","Non-Projection Neuron Cells","aIP"
"AACAGCATCAGACGAA","KO3",5297,1989,4.98395318104587,"0","1","1","Projection Neurons","Neuron"
"AACAGCCGATAGGACG","KO3",13953,3486,5.33218662653193,"0","6","6","Projection Neurons","Neuron"
"AACAGCTCATTCGCCG","KO3",14225,3777,4.12653778558875,"0","0","0","Projection Neurons","Neuron"
"AACAGCTGGCTTAAAC","KO3",22783,4600,4.92911381293069,"4","4","4","Non-Projection Neuron Cells","Oligo"
"AACAGGCCCACCAATC","KO3",4658,1850,7.94332331472735,"4","3","3","Non-Projection Neuron Cells","RGP"
"AACAGGCGCCATCGAT","KO3",6204,2414,7.2856221792392,"0","1","1","Projection Neurons","Neuron"
"AACAGGCTCAAGTTAT","KO3",10784,2993,4.87759643916914,"4","4","4","Non-Projection Neuron Cells","Oligo"
"AACAGGGACCTATGAA","KO3",16725,4300,5.04633781763827,"4","4","4","Non-Projection Neuron Cells","Oligo"
"AACAGGTATCAGGGTG","KO3",9756,3587,8.07708077080771,"3","3","3","Non-Projection Neuron Cells","RGP"
"AACAGGTCGCGCGTGT","KO3",7342,2453,7.65459002996459,"5","5","5","Non-Projection Neuron Cells","OBNB"
"AACAGGTGCGGCTAAG","KO3",7233,2245,7.56256048665837,"5","5","5","Non-Projection Neuron Cells","OBNB"
"AACAGTAGCATGCATG","KO3",2865,1688,3.90924956369983,"6","2","2","Non-Projection Neuron Cells","aIP"
"AACAGTATACTCCTAT","KO3",6832,2124,4.28864168618267,"5","5","5","Non-Projection Neuron Cells","OBNB"
"AACAGTCGAGGGGTCG","KO3",7828,3010,4.2156361778232,"2","2","2","Non-Projection Neuron Cells","aIP"
"AACAGTTACAGGAGGC","KO3",10083,2996,3.92740255876227,"5","5","5","Non-Projection Neuron Cells","OBNB"
"AACAGTTGGGCGAATG","KO3",7768,3125,6.16632337796087,"6","2","2","Non-Projection Neuron Cells","aIP"
"AACATAAAGATATGGT","KO3",11838,3478,5.12755533029228,"2","2","2","Non-Projection Neuron Cells","aIP"
"AACATAATGGGAGCGT","KO3",8267,2854,6.62876496915447,"0","1","1","Projection Neurons","Neuron"
"AACATACATCCGGGTT","KO3",22908,4797,4.44386240614632,"1","0","0","Projection Neurons","Neuron"
"AACATACGACCGACAA","KO3",9231,3477,3.50991225219369,"2","2","2","Non-Projection Neuron Cells","aIP"
"AACATACTAGATTGAT","KO3",17574,4260,5.74712643678161,"4","4","4","Non-Projection Neuron Cells","Oligo"
"AACATAGCGTCGCCGG","KO3",13901,3794,4.48169196460686,"0","6","6","Projection Neurons","Neuron"
"AACATATCGAGTTCTA","KO3",5446,2159,3.89276533235402,"2","2","2","Non-Projection Neuron Cells","aIP"
"AACATCAGAAGCTATT","KO3",15489,4269,3.26683452772936,"2","2","2","Non-Projection Neuron Cells","aIP"
"AACATCCCCTCGCATA","KO3",12037,3237,6.07294176289773,"0","1","1","Projection Neurons","Neuron"
"AACATCCGCTACTAGG","KO3",3038,1596,4.73996050032916,"5","5","5","Non-Projection Neuron Cells","OBNB"
"AACATCGCGGTGATCT","KO3",10272,3241,4.53660436137072,"0","1","1","Projection Neurons","Neuron"
"AACATCGGAAGGAAAG","KO3",11283,3257,7.08144996897988,"0","1","1","Projection Neurons","Neuron"
"AACATCTTGGATTGTT","KO3",15146,4149,5.24230820018487,"3","3","3","Non-Projection Neuron Cells","RGP"
"AACATGCTTCTTGTCG","KO3",3803,1797,6.20562713647121,"3","3","3","Non-Projection Neuron Cells","RGP"
"AACATGGGTAGACAAC","KO3",2532,1365,2.64612954186414,"5","5","5","Non-Projection Neuron Cells","OBNB"
"AACATGTAGACGTTAA","KO3",3929,1819,2.13794858742683,"5","5","5","Non-Projection Neuron Cells","OBNB"
"AACATGTATCATATGG","KO3",9318,3051,9.55140588109036,"0","1","1","Projection Neurons","Neuron"
"AACATTCCAAGCCGTT","KO3",6889,2620,4.52895921033532,"0","6","6","Projection Neurons","Neuron"
"AACATTCTTCGGGGTC","KO3",6284,2279,3.94653087205602,"3","3","3","Non-Projection Neuron Cells","RGP"
"AACATTGACACGGCGC","KO3",13059,3847,5.41389080327743,"2","2","2","Non-Projection Neuron Cells","aIP"
"AACATTGCCACGTTGC","KO3",14609,3852,5.79095078376343,"4","4","4","Non-Projection Neuron Cells","Oligo"
"AACATTTTCTCTACGG","KO3",14154,3543,4.50049455984174,"4","4","4","Non-Projection Neuron Cells","Oligo"
"AACCAAAGTCCCGTCA","KO3",13416,4025,3.41383422778772,"2","2","2","Non-Projection Neuron Cells","aIP"
"AACCAAATATAACCCT","KO3",3453,1605,7.12423979148566,"4","4","4","Non-Projection Neuron Cells","Oligo"
"AACCAACACAGATCAT","KO3",19637,4330,4.06884962061415,"0","6","6","Projection Neurons","Neuron"
"AACCAACTGTCAATAA","KO3",2087,1052,4.504072831816,"0","1","1","Projection Neurons","Neuron"
"AACCAACTTCGACTCC","KO3",4203,1929,4.18748512966928,"2","2","2","Non-Projection Neuron Cells","aIP"
"AACCAAGGCAACATGC","KO3",9913,3298,5.25572480581055,"0","1","1","Projection Neurons","Neuron"
"AACCAAGTTCACGTCT","KO3",14475,4043,5.2573402417962,"4","4","4","Non-Projection Neuron Cells","Oligo"
"AACCAATAGTATGCTC","KO3",10524,3196,5.53971873812239,"0","1","1","Projection Neurons","Neuron"
"AAAAAAAGCTACGGGA","DKO2",5041,2181,6.68518151160484,"0","1","1","Projection Neurons","Neuron"
"AAAAAAAGGCGGGGTC","DKO2",18126,4347,5.58314024053845,"2","2","2","Non-Projection Neuron Cells","aIP"
"AAAAAAATCAATTCAG","DKO2",11431,3494,3.16682704925203,"2","2","2","Non-Projection Neuron Cells","aIP"
"AAAAAACTGCAATTAA","DKO2",11653,3033,5.5522183128808,"2","2","2","Non-Projection Neuron Cells","aIP"
"AAAAAAGCCACTGCTT","DKO2",7291,2441,5.66451789877932,"0","1","1","Projection Neurons","Neuron"
"AAAAAAGGGGCCTCAA","DKO2",18621,3915,7.80301809784652,"1","0","0","Projection Neurons","Neuron"
"AAAAAATCGGAGCAAT","DKO2",34297,5954,5.45820334140012,"1","0","0","Projection Neurons","Neuron"
"AAAAACATAATACCGG","DKO2",10254,3060,5.77335673883363,"0","0","0","Projection Neurons","Neuron"
"AAAAACATGCGCGTGG","DKO2",14798,3357,5.4399243140965,"1","0","0","Projection Neurons","Neuron"
"AAAAACCAAATGGATA","DKO2",14820,3486,7.98920377867746,"1","0","0","Projection Neurons","Neuron"
"AAAAACCTGAGAGCTT","DKO2",4777,1616,8.1431861000628,"1","0","0","Projection Neurons","Neuron"
"AAAAACCTTCCCCGTC","DKO2",12236,3460,3.96371363190585,"2","2","2","Non-Projection Neuron Cells","aIP"
"AAAAACGGGAGCCAGT","DKO2",8832,2959,10.0430253623188,"0","1","1","Projection Neurons","Neuron"
"AAAAACGGTATCCATC","DKO2",26873,5341,4.09704908272244,"0","0","0","Projection Neurons","Neuron"
"AAAAACGTATAAATGT","DKO2",12816,3390,7.67790262172285,"3","3","3","Non-Projection Neuron Cells","RGP"
"AAAAACTAATAAGGGG","DKO2",13651,4353,5.33294264156472,"2","2","2","Non-Projection Neuron Cells","aIP"
"AAAAACTCCATTCACG","DKO2",3527,1804,5.86901049050184,"2","2","2","Non-Projection Neuron Cells","aIP"
"AAAAACTTCGTGGCAG","DKO2",5062,2005,9.44290794152509,"0","1","1","Projection Neurons","Neuron"
"AAAAAGACAGCTGTGA","DKO2",10541,2930,2.78910919267622,"3","3","3","Non-Projection Neuron Cells","RGP"
"AAAAAGCAAGTGGTCG","DKO2",12758,3438,5.54945916287819,"0","0","0","Projection Neurons","Neuron"
"AAAAAGGACAGAGGGC","DKO2",10600,3111,7.14150943396226,"0","0","0","Projection Neurons","Neuron"
"AAAAAGGGACGATGAC","DKO2",19185,3883,5.83789418816784,"1","0","0","Projection Neurons","Neuron"
"AAAAAGGGGATTTCGC","DKO2",21123,4395,3.63111300478152,"1","0","0","Projection Neurons","Neuron"
"AAAAAGTAAATAGCCT","DKO2",4844,1956,7.55573905862923,"0","1","1","Projection Neurons","Neuron"
"AAAAAGTACGAACGGG","DKO2",12337,3244,6.3548674718327,"3","3","3","Non-Projection Neuron Cells","RGP"
"AAAAAGTTACTAGAGA","DKO2",6833,2255,8.94189960485877,"0","0","0","Projection Neurons","Neuron"
"AAAAATACTATAACTC","DKO2",8914,3010,3.27574601750056,"2","2","2","Non-Projection Neuron Cells","aIP"
"AAAAATATTGCTTACT","DKO2",11500,3281,4.78260869565217,"0","0","0","Projection Neurons","Neuron"
"AAAAATCATTGCCGTC","DKO2",6373,2469,4.87996234112663,"0","1","1","Projection Neurons","Neuron"
"AAAAATCTATTGAATG","DKO2",4673,2165,5.73507382837578,"2","2","2","Non-Projection Neuron Cells","aIP"
"AAAAATGATCAGAAAC","DKO2",8772,2846,7.66073871409029,"0","1","1","Projection Neurons","Neuron"
"AAAAATGTCCGGAGTA","DKO2",9400,3177,6.72340425531915,"0","0","0","Projection Neurons","Neuron"
"AAAACAAAACAGAACA","DKO2",9558,3179,5.67064239380624,"0","0","0","Projection Neurons","Neuron"
"AAAACAAAGCTTGTAA","DKO2",12309,3255,4.2976683727354,"0","1","1","Projection Neurons","Neuron"
"AAAACAACCTCGAACG","DKO2",13201,3526,5.70411332474812,"0","0","0","Projection Neurons","Neuron"
"AAAACACATACCCCTT","DKO2",6030,2211,6.11940298507463,"0","1","1","Projection Neurons","Neuron"
"AAAACACTATATAAAC","DKO2",9858,3254,2.44471495232299,"2","2","2","Non-Projection Neuron Cells","aIP"
"AAAACACTTCAAAAAG","DKO2",14118,3475,4.26406006516504,"3","3","3","Non-Projection Neuron Cells","RGP"
"AAAACAGGAGAGTCGG","DKO2",6948,2389,5.90097869890616,"0","1","1","Projection Neurons","Neuron"
"AAAACAGGCGGTTGGA","DKO2",10695,4129,4.19822346891071,"6","2","2","Non-Projection Neuron Cells","aIP"
"AAAACATAGCCCCCCG","DKO2",9950,2837,5.31658291457286,"0","1","1","Projection Neurons","Neuron"
"AAAACATATCTCCCCG","DKO2",11348,3421,5.22559041240747,"0","0","0","Projection Neurons","Neuron"
"AAAACCAATACTCGCC","DKO2",9133,2621,8.27767436767765,"4","4","4","Non-Projection Neuron Cells","Oligo"
"AAAACCAGTGCCTTCT","DKO2",10499,2814,3.97180683874655,"2","2","2","Non-Projection Neuron Cells","aIP"
"AAAACCCCATCTGGGC","DKO2",6627,2188,6.05100347065037,"0","1","1","Projection Neurons","Neuron"
"AAAACCCCGGTCGTGT","DKO2",6493,2158,7.06915139380872,"0","0","0","Projection Neurons","Neuron"
"AAAACCGCTGGGGCTC","DKO2",9839,3039,4.30938103465799,"0","1","1","Projection Neurons","Neuron"
"AAAACCGGAGGCTGCC","DKO2",5447,1975,5.47090141362218,"5","5","5","Non-Projection Neuron Cells","OBNB"
"AAAACCGTAAGTGTGC","DKO2",9906,3061,7.60145366444579,"0","0","0","Projection Neurons","Neuron"
"AAAACCGTAGTGAGTA","DKO2",6597,2783,1.25814764286797,"3","3","3","Non-Projection Neuron Cells","RGP"
"AAAACCTACTTCCTCT","DKO2",5402,2301,4.83154387263976,"0","1","1","Projection Neurons","Neuron"
"AAAACCTCGTGGTACT","DKO2",7897,2399,4.9639103457009,"5","5","5","Non-Projection Neuron Cells","OBNB"
"AAAACCTGGAAAGACT","DKO2",6227,2039,5.49221133772282,"5","5","5","Non-Projection Neuron Cells","OBNB"
"AAAACGACATAATTCC","DKO2",10133,3116,4.7764729102931,"0","6","6","Projection Neurons","Neuron"
"AAAACGACTAATCCGC","DKO2",4981,1974,3.77434250150572,"3","3","3","Non-Projection Neuron Cells","RGP"
"AAAACGATCCACAGCC","DKO2",5895,2248,5.22476675148431,"0","1","1","Projection Neurons","Neuron"
"AAAACGCGGCGCACGG","DKO2",3808,1702,5.80357142857143,"0","1","1","Projection Neurons","Neuron"
"AAAACGGCCGAAACTA","DKO2",12853,4343,3.30662102232942,"6","2","2","Non-Projection Neuron Cells","aIP"
"AAAACGGGAGGTTCTC","DKO2",3434,1534,8.41584158415842,"3","3","3","Non-Projection Neuron Cells","RGP"
"AAAACGGTAAGATTGC","DKO2",10676,3249,4.51479955039341,"2","2","2","Non-Projection Neuron Cells","aIP"
"AAAACGGTCGGCATCT","DKO2",6163,2254,6.37676456271296,"0","1","1","Projection Neurons","Neuron"
"AAAACGGTTTCATAGG","DKO2",11264,3481,7.23544034090909,"0","1","1","Projection Neurons","Neuron"
"AAAACGGTTTGGAGAA","DKO2",5594,2009,5.32713621737576,"1","0","0","Projection Neurons","Neuron"
"AAAACGTATCCCTCCA","DKO2",8462,2679,6.16875443157646,"0","1","1","Projection Neurons","Neuron"
"AAAACGTTACCGGGAA","DKO2",9852,2898,9.33820544051969,"4","4","4","Non-Projection Neuron Cells","Oligo"
"AAAACTACACCTGGAT","DKO2",9304,2405,8.19002579535683,"1","0","0","Projection Neurons","Neuron"
"AAAACTACATCCCTGT","DKO2",9056,2951,7.13339222614841,"0","0","0","Projection Neurons","Neuron"
"AAAACTATAGACTATC","DKO2",9605,2975,5.83029672045809,"0","1","1","Projection Neurons","Neuron"
"AAAACTCGACGCACCG","DKO2",14558,3459,5.19989009479324,"1","0","0","Projection Neurons","Neuron"
"AAAACTGATATCTACC","DKO2",5215,1885,7.86193672099712,"5","5","5","Non-Projection Neuron Cells","OBNB"
"AAAACTGGTCATATGA","DKO2",3506,1629,8.35710211066743,"0","1","1","Projection Neurons","Neuron"
"AAAACTTCTGGCCAGG","DKO2",6904,1920,3.24449594438007,"1","0","0","Projection Neurons","Neuron"
"AAAACTTTTAATGGCA","DKO2",16356,4393,3.36268036194669,"2","3","3","Non-Projection Neuron Cells","RGP"
"AAAAGAAGAATCATCT","DKO2",7875,2533,6.97142857142857,"0","1","1","Projection Neurons","Neuron"
"AAAAGACATAGAGGAG","DKO2",10653,3817,5.75424762977565,"2","2","2","Non-Projection Neuron Cells","aIP"
"AAAAGACGGCGGATCT","DKO2",6784,2110,9.66981132075472,"3","3","3","Non-Projection Neuron Cells","RGP"
"AAAAGACTTACTCAGA","DKO2",9708,2776,2.86361763494026,"3","3","3","Non-Projection Neuron Cells","RGP"
"AAAAGAGATGCTCGTT","DKO2",14342,3432,3.75122019244178,"3","3","3","Non-Projection Neuron Cells","RGP"
"AAAAGAGCATCCCGTG","DKO2",14559,3686,3.67470293289374,"1","0","0","Projection Neurons","Neuron"
"AAAAGAGCCGGGTTGC","DKO2",6114,2437,2.86228328426562,"2","2","2","Non-Projection Neuron Cells","aIP"
"AAAAGAGCGCCTGTCG","DKO2",4991,1936,4.68843919054298,"0","1","1","Projection Neurons","Neuron"
"AAAAGAGTGCAGCGTA","DKO2",7481,2488,5.45381633471461,"3","3","3","Non-Projection Neuron Cells","RGP"
"AAAAGATTCCACTGGG","DKO2",9045,2883,4.76506357103372,"0","1","1","Projection Neurons","Neuron"
"AAAAGATTGCGCACCA","DKO2",14500,3686,4.29655172413793,"2","2","2","Non-Projection Neuron Cells","aIP"
"AAAAGCAAGCCTTAGC","DKO2",12171,2899,4.35461342535535,"1","0","0","Projection Neurons","Neuron"
"AAAAGCAGCAGAGTAG","DKO2",11198,3089,3.98285408108591,"0","0","0","Projection Neurons","Neuron"
"AAAAGCATACGCGACC","DKO2",6909,2380,4.28426689824866,"0","1","1","Projection Neurons","Neuron"
"AAAAGCCTTAAACTAG","DKO2",13962,3996,4.79873943561094,"3","3","3","Non-Projection Neuron Cells","RGP"
"AAAAGCGACTGGCAGT","DKO2",9281,2941,6.62644111625902,"0","1","1","Projection Neurons","Neuron"
"AAAAGCGCAGGCAGGA","DKO2",3913,1386,6.05673396371071,"5","5","5","Non-Projection Neuron Cells","OBNB"
"AAAAGCGCCACCGCAA","DKO2",10435,2904,4.76281744130331,"0","1","1","Projection Neurons","Neuron"
"AAAAGCGCGAGCAATG","DKO2",16319,3754,4.39977939824744,"0","6","6","Projection Neurons","Neuron"
"AAAAGCGGACAACACT","DKO2",16437,4064,3.26093569386141,"2","2","2","Non-Projection Neuron Cells","aIP"
"AAAAGCGGGTGAATGT","DKO2",9461,3021,8.42405665363069,"0","1","1","Projection Neurons","Neuron"
"AAAAGCTGCCCCATAA","DKO2",11281,2871,3.77626096977218,"3","3","3","Non-Projection Neuron Cells","RGP"
"AAAAGGAGCGGTATGC","DKO2",10005,3036,2.04897551224388,"0","1","1","Projection Neurons","Neuron"
"AAAAGGATCGGAAGCC","DKO2",10595,4191,3.46389806512506,"6","2","2","Non-Projection Neuron Cells","aIP"
"AAAAGGCAAGCTCACC","DKO2",21123,4331,6.13549211759693,"1","0","0","Projection Neurons","Neuron"
"AAAAGGCCGCGAGACA","DKO2",6024,2278,5.95949535192563,"5","5","5","Non-Projection Neuron Cells","OBNB"
"AAAAGGCGCTCCATGC","DKO2",9254,3022,4.91679273827534,"0","1","1","Projection Neurons","Neuron"
"AAAAGGCTACTAAAAG","DKO2",18008,4223,4.50355397601066,"0","0","0","Projection Neurons","Neuron"
"AAAAGGGACGCGACTC","DKO2",8454,2600,5.31109533948427,"0","1","1","Projection Neurons","Neuron"
"AAAAGGGCCAAGTACC","DKO2",5165,2156,5.90513068731849,"0","0","0","Projection Neurons","Neuron"
"AAAAGGGGATGTAAGC","DKO2",11907,3370,6.55916687662719,"0","1","1","Projection Neurons","Neuron"
"AAAAGGTCAGAAGTCT","DKO2",7331,2621,4.96521620515619,"0","1","1","Projection Neurons","Neuron"
"AAAAGGTCATAATACG","DKO2",11532,3317,3.23447797433229,"2","2","2","Non-Projection Neuron Cells","aIP"
"AAAAGGTGAGCCGAGG","DKO2",21654,4629,4.27634617160802,"1","0","0","Projection Neurons","Neuron"
"AAAAGGTGCCTCTACC","DKO2",11480,3127,5.05226480836237,"0","1","1","Projection Neurons","Neuron"
"AAAAGTCGTAACCCGT","DKO2",8407,2582,5.17425954561675,"1","0","0","Projection Neurons","Neuron"
"AAAAGTGACCTAGTTA","DKO2",4931,1920,7.44270938957615,"1","0","0","Projection Neurons","Neuron"
"AAAAGTGAGGTTCCGC","DKO2",7627,2557,9.99082207945457,"0","1","1","Projection Neurons","Neuron"
"AAAAGTGATCAATGTC","DKO2",20299,4660,4.66525444603182,"1","0","0","Projection Neurons","Neuron"
"AAAAGTGCACAATGGC","DKO2",8142,2728,4.98648980594449,"0","1","1","Projection Neurons","Neuron"
"AAAAGTGCGGTTAAAA","DKO2",3567,1657,4.65377067563779,"0","0","0","Projection Neurons","Neuron"
"AAAAGTGGGCACAAAT","DKO2",11195,2966,6.75301473872264,"1","0","0","Projection Neurons","Neuron"
"AAAAGTGTACGGCGTC","DKO2",7636,2860,1.78103719224725,"3","3","3","Non-Projection Neuron Cells","RGP"
"AAAAGTTAATCGCTCA","DKO2",5400,2149,6.03703703703704,"0","1","1","Projection Neurons","Neuron"
"AAAATAATTGCAGAAG","DKO2",8280,2796,6.67874396135266,"0","1","1","Projection Neurons","Neuron"
"AAAATACAACCGTGCC","DKO2",15466,3873,6.06491659123238,"0","0","0","Projection Neurons","Neuron"
"AAAATACATGAGAATC","DKO2",14037,532,0.427441761060056,"0","1","1","Projection Neurons","Neuron"
"AAAATAGCTTTGTCAG","DKO2",11183,3015,3.44272556559063,"0","1","1","Projection Neurons","Neuron"
"AAAATAGGTCGGCCCT","DKO2",8893,2681,5.31879005959744,"1","0","0","Projection Neurons","Neuron"
"AAAATATCAACGTACC","DKO2",5348,2050,6.05833956619297,"2","2","2","Non-Projection Neuron Cells","aIP"
"AAAATATGGGCACGAT","DKO2",4859,1663,12.9038896892365,"0","0","0","Projection Neurons","Neuron"
"AAAATCAATAAAGAGT","DKO2",7236,2575,5.97014925373134,"0","0","0","Projection Neurons","Neuron"
"AAAATCACCGTAATAT","DKO2",6077,2130,5.79233174263617,"0","0","0","Projection Neurons","Neuron"
"AAAATCAGTACCTAAG","DKO2",7643,3160,4.30459243752453,"6","2","2","Non-Projection Neuron Cells","aIP"
"AAAATCCCAAGTGTTT","DKO2",9039,2764,5.86348047350371,"1","0","0","Projection Neurons","Neuron"
"AAAATCCTACCCACAT","DKO2",10514,3327,2.60604907742058,"2","2","2","Non-Projection Neuron Cells","aIP"
"AAAATCCTGAATCCTA","DKO2",14045,3657,5.59629761480954,"4","4","4","Non-Projection Neuron Cells","Oligo"
"AAAATCCTTTTCTCAG","DKO2",10952,2952,6.37326515704894,"0","1","1","Projection Neurons","Neuron"
"AAAATCGATGTGATAT","DKO2",3737,1784,4.36178753010436,"5","5","5","Non-Projection Neuron Cells","OBNB"
"AAAATCGCTATCCGCT","DKO2",11017,3189,4.31151856222202,"1","0","0","Projection Neurons","Neuron"
"AAAATCTCATACGTGC","DKO2",17559,4580,2.8133720599123,"2","2","2","Non-Projection Neuron Cells","aIP"
"AAAATCTTGGGTTTGC","DKO2",8233,2379,6.42536135066197,"5","5","5","Non-Projection Neuron Cells","OBNB"
"AAAATGAGAGCAAGCA","DKO2",3635,1631,10.1237964236589,"0","1","1","Projection Neurons","Neuron"
"AAAATGAGGTTGGAAG","DKO2",6108,2178,10.9364767518009,"0","1","1","Projection Neurons","Neuron"
"AAAATGCCTATAGCGT","DKO2",3577,1588,9.36538999161308,"0","0","0","Projection Neurons","Neuron"
"AAAATGGACACCGTAG","DKO2",10565,3501,2.12020823473734,"2","2","2","Non-Projection Neuron Cells","aIP"
"AAAATGGAGAAAGTAT","DKO2",12944,3358,4.78986402966625,"0","0","0","Projection Neurons","Neuron"
"AAAATGGATTAGGCCG","DKO2",13085,3540,3.91287734046618,"3","3","3","Non-Projection Neuron Cells","RGP"
"AAAATGGCTGAAGTCA","DKO2",9675,2940,6.54263565891473,"0","1","1","Projection Neurons","Neuron"
"AAAATGGTTGATCGTC","DKO2",18254,4203,3.1992987838282,"0","0","0","Projection Neurons","Neuron"
"AAAATGTACTTTGGAA","DKO2",4672,1458,11.1087328767123,"0","1","1","Projection Neurons","Neuron"
"AAAATGTCATAATGAA","DKO2",8414,2764,6.91704302353221,"0","1","1","Projection Neurons","Neuron"
"AAAATTCCTGCACGCG","DKO2",5717,1968,5.61483295434669,"5","5","5","Non-Projection Neuron Cells","OBNB"
"AAAATTGATACTTCGT","DKO2",8212,2928,4.52995616171456,"0","1","1","Projection Neurons","Neuron"
"AAAATTGCCAGCTCCC","DKO2",5717,1930,6.75179289837327,"0","1","1","Projection Neurons","Neuron"
"AAAATTGCTGGGAGGC","DKO2",4647,1859,6.06843124596514,"0","0","0","Projection Neurons","Neuron"
"AAAATTGGCAGCCGAA","DKO2",13019,3533,4.83908134265305,"1","0","0","Projection Neurons","Neuron"
"AAAATTTAGATAGCAT","DKO2",8258,2694,6.05473480261564,"5","5","5","Non-Projection Neuron Cells","OBNB"
"AAAATTTCACTTCATT","DKO2",7146,2495,4.70193115029387,"0","0","0","Projection Neurons","Neuron"
"AAACAAACAGTCTTGA","DKO2",12787,3272,5.9904590599828,"0","0","0","Projection Neurons","Neuron"
"AAACAACCATGCTCAT","DKO2",7211,2380,5.68575786992095,"0","1","1","Projection Neurons","Neuron"
"AAACAACCGGAGTGTC","DKO2",4016,1674,8.39143426294821,"0","1","1","Projection Neurons","Neuron"
"AAACAACGTGATTCTA","DKO2",9776,2551,8.15261865793781,"2","2","2","Non-Projection Neuron Cells","aIP"
"AAACAACTTAAATGTA","DKO2",6822,2334,6.28847845206684,"0","0","0","Projection Neurons","Neuron"
"AAACAAGAGGTGTGAT","DKO2",9885,3207,9.55993930197269,"1","0","0","Projection Neurons","Neuron"
"AAACAAGCATTGACCG","DKO2",6424,2561,1.88356164383562,"2","2","2","Non-Projection Neuron Cells","aIP"
"AAACAAGGGGTCCAGC","DKO2",8368,2674,6.69216061185468,"0","0","0","Projection Neurons","Neuron"
"AAACAATCCGCGACCA","DKO2",17956,4021,5.60258409445311,"1","0","0","Projection Neurons","Neuron"
"AAACAATCTCCCCGAA","DKO2",5064,1861,11.7298578199052,"0","1","1","Projection Neurons","Neuron"
"AAACACAAAGGCAGTT","DKO2",9380,2887,6.03411513859275,"0","1","1","Projection Neurons","Neuron"
"AAACACAGTTGACCTT","DKO2",4625,1643,8.02162162162162,"5","5","5","Non-Projection Neuron Cells","OBNB"
"AAACACATAATCTGTG","DKO2",24710,4737,5.4957507082153,"0","6","6","Projection Neurons","Neuron"
"AAACACCTGTATGCGC","DKO2",5127,1827,4.48605422274234,"5","5","5","Non-Projection Neuron Cells","OBNB"
"AAACACGACTACGATA","DKO2",8631,2757,7.48464836056077,"0","1","1","Projection Neurons","Neuron"
"AAACACGATTTGTCAC","DKO2",9322,3010,6.20038618322248,"0","1","1","Projection Neurons","Neuron"
"AAACACGCCAAGTCTA","DKO2",8767,2813,5.64617314930991,"0","1","1","Projection Neurons","Neuron"
"AAACACGCTATTTTTT","DKO2",4299,1775,7.88555478018144,"0","1","1","Projection Neurons","Neuron"
"AAACACGGTTAGCTGT","DKO2",12313,2986,8.30829204905385,"1","0","0","Projection Neurons","Neuron"
"AAACACTAAACGCACT","DKO2",7492,2197,5.01868659903897,"1","0","0","Projection Neurons","Neuron"
"AAACACTTAAACGGTG","DKO2",8533,2419,5.74241181296144,"0","1","1","Projection Neurons","Neuron"
"AAACAGAATTTATACC","DKO2",7185,2357,7.62700069589422,"0","1","1","Projection Neurons","Neuron"
"AAACAGAGTAGCATGT","DKO2",4857,1833,7.74140415894585,"0","1","1","Projection Neurons","Neuron"
"AAACAGCGGAATACGG","DKO2",4310,1869,5.89327146171694,"3","3","3","Non-Projection Neuron Cells","RGP"
"AAACAGCTCACAATTG","DKO2",6274,2543,2.24737009882053,"2","2","2","Non-Projection Neuron Cells","aIP"
"AAACAGTCGGTTCCAC","DKO2",3337,1605,4.19538507641594,"3","3","3","Non-Projection Neuron Cells","RGP"
"AAACAGTTCTCCTCTC","DKO2",7162,2748,4.52387601228707,"0","0","0","Projection Neurons","Neuron"
"AAACAGTTTGATCTTC","DKO2",3661,1952,4.42502048620595,"2","2","2","Non-Projection Neuron Cells","aIP"
"AAACATAGGTATCTGA","DKO2",8170,2686,9.14320685434516,"2","2","2","Non-Projection Neuron Cells","aIP"
"AAACATGCACATATTC","DKO2",6774,2375,7.02686743430765,"1","0","0","Projection Neurons","Neuron"
"AAACATGGTCGGAAAC","DKO2",10413,2624,7.92278882166523,"3","3","3","Non-Projection Neuron Cells","RGP"
"AAACATTATTACGCGC","DKO2",5229,2135,6.29183400267738,"0","1","1","Projection Neurons","Neuron"
"AAACATTTGACCTAAG","DKO2",11003,3145,4.95319458329547,"1","0","0","Projection Neurons","Neuron"
"AAACATTTTATGTTGG","DKO2",10195,2925,6.04217753800883,"1","0","0","Projection Neurons","Neuron"
"AAACCAACGCAGGTCG","DKO2",4053,1500,10.9301751788798,"1","0","0","Projection Neurons","Neuron"
"AAACCAAGGCTCATGA","DKO2",3897,1861,6.00461893764434,"2","2","2","Non-Projection Neuron Cells","aIP"
"AAACCACAAGGTCCTC","DKO2",10229,3071,4.74142144882198,"0","1","1","Projection Neurons","Neuron"
"AAACCACCCCACTGTT","DKO2",8507,2676,6.93546491124956,"0","1","1","Projection Neurons","Neuron"
"AAACCACCGCGAAAAG","DKO2",17460,4200,4.00343642611684,"2","2","2","Non-Projection Neuron Cells","aIP"
"AAACCACGGGCATCTG","DKO2",14328,3951,3.14070351758794,"2","2","2","Non-Projection Neuron Cells","aIP"
"AAACCACTCTAGAATG","DKO2",7446,2269,6.87617512758528,"5","5","5","Non-Projection Neuron Cells","OBNB"
"AAACCAGAACGAGTCC","DKO2",9599,3318,2.760704240025,"0","2","2","Non-Projection Neuron Cells","aIP"
"AAACCAGATAATCCTT","DKO2",19201,4246,4.1352012915994,"3","3","3","Non-Projection Neuron Cells","RGP"
"AAACCAGATGTGTGCA","DKO2",14900,3681,5.34228187919463,"0","0","0","Projection Neurons","Neuron"
"AAACCAGCTAGTGTAT","DKO2",11931,3457,4.81937809068812,"0","0","0","Projection Neurons","Neuron"
"AAACCAGTATATTACT","DKO2",18301,4607,2.86869569968854,"2","2","2","Non-Projection Neuron Cells","aIP"
"AAACCATTTAGAGCTT","DKO2",6395,2425,3.33072713057076,"2","2","2","Non-Projection Neuron Cells","aIP"
"AAACCCAAATTGTAGC","DKO2",3452,1707,3.50521436848204,"0","1","1","Projection Neurons","Neuron"
"AAACCCACCCGAGAGC","DKO2",9158,3699,4.00742520200917,"6","2","2","Non-Projection Neuron Cells","aIP"
"AAACCCCTGCTCGTAT","DKO2",14674,3568,4.52501022216165,"0","6","6","Projection Neurons","Neuron"
"AAACCCGATATTCAGT","DKO2",3639,1371,5.41357515801044,"0","1","1","Projection Neurons","Neuron"
"AAACCCTAATCGGCTT","DKO2",9828,3158,2.92022792022792,"2","2","2","Non-Projection Neuron Cells","aIP"
"AAACCCTTCGAGCAAT","DKO2",4982,1813,7.58731433159374,"0","1","1","Projection Neurons","Neuron"
"AAACCGAAAACGCTAA","DKO2",7803,2059,5.62604126617967,"3","3","3","Non-Projection Neuron Cells","RGP"
"AAACCGACATTACGAA","DKO2",6871,2274,5.35584339979625,"0","1","1","Projection Neurons","Neuron"
"AAACCGACCGCGCCCC","DKO2",5368,2007,6.25931445603577,"0","1","1","Projection Neurons","Neuron"
"AAACCGACGACGCGCT","DKO2",16270,4014,4.94775660725261,"1","0","0","Projection Neurons","Neuron"
"AAACCGAGTCAGGGCC","DKO2",8816,2914,5.43330308529946,"0","1","1","Projection Neurons","Neuron"
"AAACCGATTGTCCGGG","DKO2",3559,1517,6.51868502388311,"0","0","0","Projection Neurons","Neuron"
"AAACCGCAATGATGGC","DKO2",8596,2720,6.01442531409958,"0","1","1","Projection Neurons","Neuron"
"AAACCGGCACAGCGCC","DKO2",11193,3114,4.82444384883409,"0","0","0","Projection Neurons","Neuron"
"AAACCGGGGTTCTTAT","DKO2",6461,2718,5.88144250116081,"2","2","2","Non-Projection Neuron Cells","aIP"
"AAACCGTAGTAGTCGA","DKO2",10434,2905,7.53306497987349,"0","1","1","Projection Neurons","Neuron"
"AAACCGTCCCACGATG","DKO2",12525,3538,3.60079840319361,"2","2","2","Non-Projection Neuron Cells","aIP"
"AAACCTGAACTGGCAC","DKO2",6417,2278,5.96852111578619,"2","2","2","Non-Projection Neuron Cells","aIP"
"AAACCTGCTCCCTGGC","DKO2",6289,2391,4.99284464938782,"0","1","1","Projection Neurons","Neuron"
"AAACCTGCTGCGCTGC","DKO2",22053,5008,3.98585226499796,"2","2","2","Non-Projection Neuron Cells","aIP"
"AAACCTTCCTCCAGGG","DKO2",9007,2923,4.94060175419118,"1","0","0","Projection Neurons","Neuron"
"AAACCTTTGATGTCCC","DKO2",9286,2783,4.98600043075598,"0","1","1","Projection Neurons","Neuron"
"AAACGAACTAGTCTTC","DKO2",4581,2042,4.54049334206505,"0","1","1","Projection Neurons","Neuron"
"AAACGACCGTACGATT","DKO2",7725,2476,6.26537216828479,"2","2","2","Non-Projection Neuron Cells","aIP"
"AAACGAGATTACGCCT","DKO2",7108,2526,9.39786156443444,"0","1","1","Projection Neurons","Neuron"
"AAACGAGCCAGACACA","DKO2",20051,4218,4.80774026233106,"3","3","3","Non-Projection Neuron Cells","RGP"
"AAACGATAATATGTGG","DKO2",25188,5295,4.52993488962998,"1","0","0","Projection Neurons","Neuron"
"AAACGATCACGGCCCC","DKO2",7454,2947,2.60262946069225,"6","2","2","Non-Projection Neuron Cells","aIP"
"AAACGCACTAACTTAG","DKO2",4281,1759,7.61504321420229,"0","0","0","Projection Neurons","Neuron"
"AAACGCACTCTAGGTC","DKO2",11236,3282,6.4435742257031,"1","0","0","Projection Neurons","Neuron"
"AAACGCAGCTTCGAGT","DKO2",6427,2151,3.96763653337482,"5","5","5","Non-Projection Neuron Cells","OBNB"
"AAACGCATCATCCGCA","DKO2",9896,3810,3.5266774454325,"6","2","2","Non-Projection Neuron Cells","aIP"
"AAACGCATTCTGGGGG","DKO2",6709,2174,6.24534207780593,"5","5","5","Non-Projection Neuron Cells","OBNB"
"AAACGCCCTCGCCAGG","DKO2",10883,3433,3.28034549297069,"2","2","2","Non-Projection Neuron Cells","aIP"
"AAACGCCGGGAAGAAA","DKO2",5399,1797,6.7049453602519,"5","5","5","Non-Projection Neuron Cells","OBNB"
"AAACGCTAGTACCCGT","DKO2",8060,2621,7.69230769230769,"0","1","1","Projection Neurons","Neuron"
"AAACGCTCCAACAGTT","DKO2",14065,3628,7.97724848915748,"0","0","0","Projection Neurons","Neuron"
"AAACGCTCTCAACAGT","DKO2",6214,2288,6.48535564853557,"0","1","1","Projection Neurons","Neuron"
"AAACGGATCCCACTAA","DKO2",11978,3477,3.03055601936884,"2","2","2","Non-Projection Neuron Cells","aIP"
"AAACGGCTCAAATCTA","DKO2",22260,5002,5.30098831985624,"0","6","6","Projection Neurons","Neuron"
"AAACGGCTCCTTGAAA","DKO2",24840,5515,3.01529790660225,"3","3","3","Non-Projection Neuron Cells","RGP"
"AAACGGGCGGCGAAGA","DKO2",4837,2042,8.5383502170767,"1","0","0","Projection Neurons","Neuron"
"AAACGGGCGGGACCAT","DKO2",8045,2647,5.40708514605345,"1","0","0","Projection Neurons","Neuron"
"AAACGGGTTCTGTTGC","DKO2",14012,3770,6.894090779332,"0","6","6","Projection Neurons","Neuron"
"AAACGGTCATATGGCC","DKO2",8911,2826,5.28560206486365,"1","0","0","Projection Neurons","Neuron"
"AAACGGTTATTCGTCC","DKO2",8233,2604,6.77760233207822,"0","1","1","Projection Neurons","Neuron"
"AAACGGTTCAGATCGC","DKO2",4723,1774,6.77535464746983,"5","5","5","Non-Projection Neuron Cells","OBNB"
"AAACGGTTCTTGTGTA","DKO2",6924,2237,5.18486424032351,"5","5","5","Non-Projection Neuron Cells","OBNB"
"AAACGGTTGATTTTAT","DKO2",14298,4320,4.42019862917891,"2","2","2","Non-Projection Neuron Cells","aIP"
"AAACGTATACTTTGCC","DKO2",4464,2306,4.70430107526882,"6","2","2","Non-Projection Neuron Cells","aIP"
"AAACGTCAGACTGCCA","DKO2",8077,2663,6.72279311625604,"1","0","0","Projection Neurons","Neuron"
"AAACGTGACCACCCTT","DKO2",9288,3230,8.13953488372093,"2","3","3","Non-Projection Neuron Cells","RGP"
"AAACGTGGTCTCACGG","DKO2",12359,3461,4.20746015049761,"3","3","3","Non-Projection Neuron Cells","RGP"
"AAACGTGTAAGTAATC","DKO2",28786,5348,3.17515458903634,"3","3","3","Non-Projection Neuron Cells","RGP"
"AAACGTTCGGGAATTG","DKO2",3902,1514,12.1476166068683,"1","0","0","Projection Neurons","Neuron"
"AAACGTTCGGTATAAG","DKO2",4651,1923,10.2343582025371,"0","0","0","Projection Neurons","Neuron"
"AAACGTTGTCATTCCT","DKO2",11522,3094,5.24214546085749,"3","3","3","Non-Projection Neuron Cells","RGP"
"AAACGTTTTGTAACAA","DKO2",12776,3234,4.17971195992486,"1","0","0","Projection Neurons","Neuron"
"AAACTAAGATCACCTC","DKO2",19074,4407,5.09594212016357,"3","3","3","Non-Projection Neuron Cells","RGP"
"AAACTAAGGTCCAAAT","DKO2",8511,2734,6.73246387028551,"0","1","1","Projection Neurons","Neuron"
"AAACTACGGCAGCTTG","DKO2",12972,3332,7.6395312981807,"1","0","0","Projection Neurons","Neuron"
"AAACTACGTATTGAGG","DKO2",14613,3452,4.892903579005,"2","2","2","Non-Projection Neuron Cells","aIP"
"AAACTACTGGCCGGTT","DKO2",6618,2117,5.13750377757631,"0","1","1","Projection Neurons","Neuron"
"AAACTACTTTATCTAT","DKO2",6978,2407,4.42820292347378,"0","1","1","Projection Neurons","Neuron"
"AAACTAGAACGACGTT","DKO2",18426,4189,4.82470422229458,"1","0","0","Projection Neurons","Neuron"
"AAACTAGAAGATAGAG","DKO2",10143,3073,5.05767524401065,"0","1","1","Projection Neurons","Neuron"
"AAACTAGGGACTTCCC","DKO2",9433,2968,1.59016219654405,"3","3","3","Non-Projection Neuron Cells","RGP"
"AAACTAGTACAGCTCG","DKO2",5848,1857,5.67715458276334,"3","3","3","Non-Projection Neuron Cells","RGP"
"AAACTAGTCATCTGGT","DKO2",5027,1849,5.90809628008753,"0","0","0","Projection Neurons","Neuron"
"AAACTAGTGTCTAACG","DKO2",5996,2231,6.77118078719146,"3","3","3","Non-Projection Neuron Cells","RGP"
"AAACTAGTTCTCTAAA","DKO2",6115,2054,7.3426001635323,"0","1","1","Projection Neurons","Neuron"
"AAACTATAGGAATTTC","DKO2",4201,1556,6.47464889312069,"5","5","5","Non-Projection Neuron Cells","OBNB"
"AAACTATATGACTGCC","DKO2",8952,2546,5.27256478999106,"1","0","0","Projection Neurons","Neuron"
"AAACTATCCAGACCTG","DKO2",11019,3381,3.03112805154733,"3","3","3","Non-Projection Neuron Cells","RGP"
"AAACTATGATCATTCC","DKO2",7530,3273,6.61354581673307,"2","2","2","Non-Projection Neuron Cells","aIP"
"AAACTATTGTCGACTG","DKO2",7021,2423,8.78792194844039,"0","1","1","Projection Neurons","Neuron"
"AAACTATTTATCGGGC","DKO2",8212,2738,8.28056502679006,"0","0","0","Projection Neurons","Neuron"
"AAACTCAGTGTGACCG","DKO2",10551,2978,5.92360913657473,"0","0","0","Projection Neurons","Neuron"
"AAACTCCGCCTGAGAT","DKO2",13081,3448,4.36510970109319,"0","0","0","Projection Neurons","Neuron"
"AAACTCCGGCTTCCGC","DKO2",13740,3641,4.46142649199418,"0","0","0","Projection Neurons","Neuron"
"AAACTCCTGGGTGTAG","DKO2",8479,2486,5.89692180681684,"0","1","1","Projection Neurons","Neuron"
"AAACTCGAGAATCTTG","DKO2",6112,1741,9.93128272251309,"1","0","0","Projection Neurons","Neuron"
"AAACTCGCACTAGTTT","DKO2",12251,3126,5.55872989960003,"1","0","0","Projection Neurons","Neuron"
"AAACTCGGCAACACGG","DKO2",5129,2033,6.64846948722948,"2","2","2","Non-Projection Neuron Cells","aIP"
"AAACTCTATGTAAACA","DKO2",3421,1316,5.58316281788951,"1","0","0","Projection Neurons","Neuron"
"AAACTCTCGGGTATGC","DKO2",6872,2488,4.43830034924331,"2","2","2","Non-Projection Neuron Cells","aIP"
"AAACTCTGCATTCAAA","DKO2",12476,3293,4.3283103558833,"2","2","2","Non-Projection Neuron Cells","aIP"
"AAACTCTGGAACTAGA","DKO2",3417,1523,6.99443956687152,"0","1","1","Projection Neurons","Neuron"
"AAACTCTTTCTACACC","DKO2",7587,3332,3.41373401871623,"6","2","2","Non-Projection Neuron Cells","aIP"
"AAACTGACACACCGCA","DKO2",10635,2952,7.48472026328162,"4","3","3","Non-Projection Neuron Cells","RGP"
"AAACTGATGGCTGTGA","DKO2",10319,3159,5.71760829537746,"0","0","0","Projection Neurons","Neuron"
"AAACTGCAGTCGACAT","DKO2",8679,2529,3.96359027537735,"3","3","3","Non-Projection Neuron Cells","RGP"
"AAACTGCATATCAACC","DKO2",3434,1640,5.00873616773442,"0","1","1","Projection Neurons","Neuron"
"AAACTGCCGATAGGCG","DKO2",8890,2832,5.08436445444319,"2","2","2","Non-Projection Neuron Cells","aIP"
"AAACTGCCTCTTATTT","DKO2",5036,1971,5.34154090548054,"0","1","1","Projection Neurons","Neuron"
"AAACTGCGCATGGCTT","DKO2",10047,2922,4.22016522344979,"1","0","0","Projection Neurons","Neuron"
"AAACTGGATGCTATAT","DKO2",5326,2246,7.88584303417199,"0","1","1","Projection Neurons","Neuron"
"AAACTGGATTCGTGGG","DKO2",10786,3075,5.91507509734841,"0","0","0","Projection Neurons","Neuron"
"AAACTGGCCGCGTGAT","DKO2",10863,3062,4.75927460185952,"3","3","3","Non-Projection Neuron Cells","RGP"
"AAACTGGCGTCCCCTC","DKO2",9766,3008,5.61130452590621,"0","1","1","Projection Neurons","Neuron"
"AAACTGGGTTCCGGAT","DKO2",18405,4181,3.9174137462646,"0","0","0","Projection Neurons","Neuron"
"AAACTGGTCCACATAC","DKO2",16631,3614,4.40743190427515,"0","0","0","Projection Neurons","Neuron"
"AAACTGTAAGGGCGGG","DKO2",4850,1917,6.20618556701031,"0","1","1","Projection Neurons","Neuron"
"AAACTGTAGGCGACTT","DKO2",12471,3489,2.165022853019,"2","2","2","Non-Projection Neuron Cells","aIP"
"AAACTGTCCGGCGCAG","DKO2",9458,3416,2.80186085853246,"2","2","2","Non-Projection Neuron Cells","aIP"
"AAACTGTCTTCTAGAG","DKO2",12115,3248,4.4903012794057,"3","3","3","Non-Projection Neuron Cells","RGP"
"AAACTGTTCCCGGTAC","DKO2",5703,1944,5.20778537611783,"3","3","3","Non-Projection Neuron Cells","RGP"
"AAACTTAATAATTTAG","DKO2",4253,1395,10.5807665177522,"0","0","0","Projection Neurons","Neuron"
"AAACTTCAACAACACC","DKO2",12859,3617,4.12940353060114,"0","1","1","Projection Neurons","Neuron"
"AAACTTCACAGGTTTG","DKO2",7475,2905,2.62207357859532,"2","2","2","Non-Projection Neuron Cells","aIP"
"AAACTTCATCATCCTG","DKO2",11623,2944,6.16019960423299,"4","4","4","Non-Projection Neuron Cells","Oligo"
"AAACTTCATGAAATCC","DKO2",12219,3328,5.97430231606514,"0","0","0","Projection Neurons","Neuron"
"AAACTTCATGGCCGTT","DKO2",6269,2314,2.75961078321901,"2","2","2","Non-Projection Neuron Cells","aIP"
"AAACTTCATTCTACCA","DKO2",10173,3491,2.73272387692913,"6","2","2","Non-Projection Neuron Cells","aIP"
"AAACTTCGACCCATTT","DKO2",32896,5433,4.83037451361868,"1","0","0","Projection Neurons","Neuron"
"AAACTTCTTGAGACTC","DKO2",19668,5497,5.27760829774253,"6","2","2","Non-Projection Neuron Cells","aIP"
"AAACTTGCTGTGTAAC","DKO2",6287,1915,10.7364402735804,"0","1","1","Projection Neurons","Neuron"
"AAAGAAAGTCGACGCT","DKO2",5201,1854,6.96019996154586,"3","3","3","Non-Projection Neuron Cells","RGP"
"AAAGAAATTCACTGCA","DKO2",7435,2483,6.53665097511769,"0","1","1","Projection Neurons","Neuron"
"AAAGAACTCCTATACC","DKO2",3519,1329,10.6564364876385,"0","0","0","Projection Neurons","Neuron"
"AAAGAAGAATATTACG","DKO2",15197,3689,4.48114759492005,"1","0","0","Projection Neurons","Neuron"
"AAAGAAGCCGCTTACG","DKO2",6038,2376,2.13646902947996,"2","2","2","Non-Projection Neuron Cells","aIP"
"AAAGAAGTCCATCAAC","DKO2",14002,3489,6.3990858448793,"3","3","3","Non-Projection Neuron Cells","RGP"
"AAAGAAGTCTGAGACG","DKO2",5647,2522,7.4198689569683,"2","2","2","Non-Projection Neuron Cells","aIP"
"AAAGAATCTCCAAAAG","DKO2",6752,1933,8.98992890995261,"0","0","0","Projection Neurons","Neuron"
"AAAGACAGGCTGTATT","DKO2",7221,2410,4.27918570835064,"3","3","3","Non-Projection Neuron Cells","RGP"
"AAAGACCGTATAACAC","DKO2",3981,1726,8.16377794523989,"0","1","1","Projection Neurons","Neuron"
"AAAGACCTAAATAAGA","DKO2",8852,2725,5.87437867148667,"0","1","1","Projection Neurons","Neuron"
"AAAGACGATCAGGCTT","DKO2",18637,5144,5.93979717765735,"2","2","2","Non-Projection Neuron Cells","aIP"
"AAAGACGCGAAGCATT","DKO2",7646,2662,4.83913157206382,"2","2","2","Non-Projection Neuron Cells","aIP"
"AAAGACGTAGTGTTCA","DKO2",13185,3687,1.75199089874858,"2","2","2","Non-Projection Neuron Cells","aIP"
"AAAGACTAACGATGGA","DKO2",12979,3156,3.6905770860621,"2","2","2","Non-Projection Neuron Cells","aIP"
"AAAGACTACAGACAGA","DKO2",4022,1718,2.5360517155644,"3","3","3","Non-Projection Neuron Cells","RGP"
"AAAGAGAGACGCATGC","DKO2",8258,2683,4.18987648341003,"3","3","3","Non-Projection Neuron Cells","RGP"
"AAAGAGATCAAGTACT","DKO2",4141,2055,5.07123883120019,"2","2","2","Non-Projection Neuron Cells","aIP"
"AAAGAGCCCTTGCATG","DKO2",5218,1866,5.55768493675738,"5","5","5","Non-Projection Neuron Cells","OBNB"
"AAAGAGCGCTCTCTAT","DKO2",4400,2090,5,"0","6","6","Projection Neurons","Neuron"
"AAAGAGGACCCTGTTG","DKO2",5414,1827,11.4333210195789,"3","3","3","Non-Projection Neuron Cells","RGP"
"AAAGAGGCTCGCTCCA","DKO2",3570,1895,2.96918767507003,"2","2","2","Non-Projection Neuron Cells","aIP"
"AAAGAGGTATGTGCAC","DKO2",12761,3446,4.20813415876499,"3","3","3","Non-Projection Neuron Cells","RGP"
"AAAGAGTATCGGTTGT","DKO2",7983,2412,9.00663910810472,"0","6","6","Projection Neurons","Neuron"
"AAAGAGTCTCTTATCA","DKO2",14433,3604,5.15485346081896,"4","4","4","Non-Projection Neuron Cells","Oligo"
"AAAGAGTGGGGGTAGC","DKO2",20405,4376,5.6162705219309,"0","6","6","Projection Neurons","Neuron"
"AAAGAGTTCCTCACGT","DKO2",9911,2797,5.75118555140753,"0","1","1","Projection Neurons","Neuron"
"AAAGATAAAGCCACAT","DKO2",14409,3881,4.30286626414047,"4","4","4","Non-Projection Neuron Cells","Oligo"
"AAAGATAATTTTCTTC","DKO2",12673,3437,6.22583445119546,"1","0","0","Projection Neurons","Neuron"
"AAAGATAGAGCGGTTG","DKO2",7193,2354,6.46461837897956,"3","3","3","Non-Projection Neuron Cells","RGP"
"AAAGATAGCAAGAGGT","DKO2",6133,2702,5.46225338333605,"6","2","2","Non-Projection Neuron Cells","aIP"
"AAAGATAGGCCCTTGA","DKO2",8799,2834,4.96647346289351,"0","1","1","Projection Neurons","Neuron"
"AAAGATCATCCGTTAT","DKO2",6796,2396,5.10594467333726,"0","1","1","Projection Neurons","Neuron"
"AAAGATGCCAGCCACA","DKO2",10047,2901,6.1510898775754,"0","1","1","Projection Neurons","Neuron"
"AAAGATGCCGTGCAGA","DKO2",4839,1860,8.26617069642488,"4","4","4","Non-Projection Neuron Cells","Oligo"
"AAAGATGCTGAAGGGC","DKO2",8254,2378,5.9607463048219,"3","3","3","Non-Projection Neuron Cells","RGP"
"AAAGATGGCGACGACG","DKO2",5395,2080,6.32066728452271,"0","0","0","Projection Neurons","Neuron"
"AAAGATTCCCTGGACG","DKO2",3940,1835,6.52284263959391,"2","2","2","Non-Projection Neuron Cells","aIP"
"AAAGATTGGGAGGTGT","DKO2",9284,2611,3.877638948729,"3","3","3","Non-Projection Neuron Cells","RGP"
"AAAGATTGTACTTACG","DKO2",8524,3003,5.77193805725012,"2","2","2","Non-Projection Neuron Cells","aIP"
"AAAGATTTTACATAGT","DKO2",7534,2717,3.67666578178922,"2","2","2","Non-Projection Neuron Cells","aIP"
"AAAGCAAAAATGGTAT","DKO2",10124,2958,5.49190043461083,"0","0","0","Projection Neurons","Neuron"
"AAAGCAAAGTGACTCG","DKO2",11740,3355,5.1618398637138,"2","2","2","Non-Projection Neuron Cells","aIP"
"AAAGCAACCGGAAAGG","DKO2",7403,2317,2.25584222612454,"3","3","3","Non-Projection Neuron Cells","RGP"
"AAAGCAACCGGTACCT","DKO2",5518,1966,6.97716563972454,"3","3","3","Non-Projection Neuron Cells","RGP"
"AAAGCAAGCTCGCAGG","DKO2",5688,2053,2.514064697609,"2","2","2","Non-Projection Neuron Cells","aIP"
"AAAGCACTCTTGCGCT","DKO2",3864,1497,6.49585921325052,"2","2","2","Non-Projection Neuron Cells","aIP"
"AAAGCAGGCAGTTATC","DKO2",3974,1681,6.91997986914947,"4","4","4","Non-Projection Neuron Cells","Oligo"
"AAAGCAGGGTATATCA","DKO2",4161,1816,11.1031002162942,"0","1","1","Projection Neurons","Neuron"
"AAAGCATAACTGGCCC","DKO2",15142,4297,1.97464007396645,"2","2","2","Non-Projection Neuron Cells","aIP"
"AAAGCATGCAACCCAC","DKO2",15476,4588,4.41974670457483,"6","2","2","Non-Projection Neuron Cells","aIP"
"AAAGCCCAATCAACTG","DKO2",20793,4540,4.59289183859953,"1","0","0","Projection Neurons","Neuron"
"AAAGCCCGTTCAACGG","DKO2",10391,4040,4.59051101915119,"6","2","2","Non-Projection Neuron Cells","aIP"
"AAAGCCGCGCTTGGTG","DKO2",13895,3895,7.41993522849946,"2","2","2","Non-Projection Neuron Cells","aIP"
"AAAGCCTAAAGCTACC","DKO2",14229,3446,5.58718110900274,"0","0","0","Projection Neurons","Neuron"
"AAAGCCTATCGCGGCA","DKO2",7078,2622,0.932466798530659,"0","0","0","Projection Neurons","Neuron"
"AAAGCCTGCTGCTCGT","DKO2",14203,3748,4.98486235302401,"0","0","0","Projection Neurons","Neuron"
"AAAGCCTTCTTAACTT","DKO2",4523,1663,4.04598717665266,"3","3","3","Non-Projection Neuron Cells","RGP"
"AAAGCCTTTATGGTGA","DKO2",11323,3112,3.70043274750508,"3","3","3","Non-Projection Neuron Cells","RGP"
"AAAGCGAGGTACTCGC","DKO2",16055,3712,3.83058237309249,"1","0","0","Projection Neurons","Neuron"
"AAAGCGGCCCGGCTGA","DKO2",11639,3154,4.27012629951027,"0","1","1","Projection Neurons","Neuron"
"AAAGCGGGCACAGCGA","DKO2",4746,2138,6.61609776654024,"2","2","2","Non-Projection Neuron Cells","aIP"
"AAAGCGGGGGGTAGCT","DKO2",8031,3219,8.16834765284522,"2","2","2","Non-Projection Neuron Cells","aIP"
"AAAGCGGGTCTATCTT","DKO2",5307,2130,9.93028076125872,"0","1","1","Projection Neurons","Neuron"
"AAAGCGGTGGGTAATC","DKO2",14894,3497,2.73935813079092,"2","2","2","Non-Projection Neuron Cells","aIP"
"AAAGCGTAACTTATGT","DKO2",21016,4046,4.22535211267606,"1","0","0","Projection Neurons","Neuron"
"AAAGCGTAGGGACTTC","DKO2",6993,2560,6.10610610610611,"0","1","1","Projection Neurons","Neuron"
"AAAGCGTCATGTATAA","DKO2",8232,2855,5.38143828960155,"0","1","1","Projection Neurons","Neuron"
"AAAGCTAAGGGATGAA","DKO2",5409,2070,9.4472176002958,"5","5","5","Non-Projection Neuron Cells","OBNB"
"AAAGCTACCGGGCTAT","DKO2",3585,2101,6.24825662482566,"2","2","2","Non-Projection Neuron Cells","aIP"
"AAAGCTAGAAGATGTT","DKO2",8638,2785,5.96202824727946,"0","1","1","Projection Neurons","Neuron"
"AAAGCTCCTGGTCGTC","DKO2",4245,1448,9.79976442873969,"3","3","3","Non-Projection Neuron Cells","RGP"
"AAAGCTCTCAATGGGC","DKO2",9103,2552,5.29495770625069,"3","3","3","Non-Projection Neuron Cells","RGP"
"AAAGCTGACCCGGCAG","DKO2",10410,3308,3.80403458213256,"2","2","2","Non-Projection Neuron Cells","aIP"
"AAAGCTTACGTACATC","DKO2",15696,3353,3.49770642201835,"1","0","0","Projection Neurons","Neuron"
"AAAGCTTCGCCTAGAT","DKO2",17757,4040,5.24300275947514,"3","3","3","Non-Projection Neuron Cells","RGP"
"AAAGCTTGGTCGACTA","DKO2",6317,2075,7.3452588253918,"5","5","5","Non-Projection Neuron Cells","OBNB"
"AAAGCTTTACCGCACA","DKO2",9851,2922,7.09572632220079,"3","3","3","Non-Projection Neuron Cells","RGP"
"AAAGCTTTCTATGTGC","DKO2",8521,2566,4.17791339044713,"3","3","3","Non-Projection Neuron Cells","RGP"
"AAAGGAACCGTAACTG","DKO2",10079,3071,4.68300426629626,"0","1","1","Projection Neurons","Neuron"
"AAAGGAACGCGTCTAG","DKO2",8553,2741,3.9518297673331,"3","3","3","Non-Projection Neuron Cells","RGP"
"AAAGGAACTTGATTTG","DKO2",4360,2018,2.29357798165138,"0","1","1","Projection Neurons","Neuron"
"AAAGGAAGGCAAGTTC","DKO2",9038,3045,4.11595485726931,"0","1","1","Projection Neurons","Neuron"
"AAAGGACATAATCGCA","DKO2",5928,1963,4.97638326585695,"3","3","3","Non-Projection Neuron Cells","RGP"
"AAAGGACCGGAAAGGT","DKO2",8388,3153,5.04291845493562,"0","1","1","Projection Neurons","Neuron"
"AAAGGAGGCGCGGGGA","DKO2",4236,1866,4.86307837582625,"3","3","3","Non-Projection Neuron Cells","RGP"
"AAAGGATAGATTCTTC","DKO2",12160,3100,2.71381578947368,"1","0","0","Projection Neurons","Neuron"
"AAAGGATATACGTATT","DKO2",15300,4311,4.45751633986928,"0","0","0","Projection Neurons","Neuron"
"AAAGGATGGCTTCCAA","DKO2",5585,1981,5.62220232766338,"0","0","0","Projection Neurons","Neuron"
"AAAGGATTCTATGCCC","DKO2",10309,2505,4.53972257250946,"1","0","0","Projection Neurons","Neuron"
"AAAGGCAATTGGTATG","DKO2",13890,3482,4.45644348452124,"0","0","0","Projection Neurons","Neuron"
"AAAGGCACGATTGATG","DKO2",14614,3331,6.57588613658136,"0","0","0","Projection Neurons","Neuron"
"AAAGGCATCGGCTAAT","DKO2",10877,2983,4.16475131010389,"3","3","3","Non-Projection Neuron Cells","RGP"
"AAAGGCCATTAAGCGA","DKO2",16072,3859,4.57939273270284,"0","6","6","Projection Neurons","Neuron"
"AAAGGCGACGGTGTGA","DKO2",6311,2261,8.06528283948661,"0","1","1","Projection Neurons","Neuron"
"AAAGGCGCTACCATGG","DKO2",15552,3709,4.76466049382716,"1","0","0","Projection Neurons","Neuron"
"AAAGGCGGATAGCCAG","DKO2",3495,1475,6.1516452074392,"5","5","5","Non-Projection Neuron Cells","OBNB"
"AAAGGCGTAGTTTCTT","DKO2",15538,3773,5.38679366713863,"1","0","0","Projection Neurons","Neuron"
"AAAGGCGTATAAGAAC","DKO2",7992,2751,2.7027027027027,"2","2","2","Non-Projection Neuron Cells","aIP"
"AAAGGCTACACTCATT","DKO2",4701,1643,6.95596681557115,"0","1","1","Projection Neurons","Neuron"
"AAAGGCTCGGGTTCAA","DKO2",4643,1908,5.94443247900065,"5","5","5","Non-Projection Neuron Cells","OBNB"
"AAAGGCTTGGGATCAA","DKO2",7650,2647,4.54901960784314,"3","3","3","Non-Projection Neuron Cells","RGP"
"AAAGGGACATGTGTGT","DKO2",8272,2761,4.6784332688588,"0","0","0","Projection Neurons","Neuron"
"AAAGGGATTAGCCTAC","DKO2",11702,3764,2.35002563664331,"2","2","2","Non-Projection Neuron Cells","aIP"
"AAAGGGGATATCACAG","DKO2",7856,2422,3.0040733197556,"3","3","3","Non-Projection Neuron Cells","RGP"
"AAAGGGGATTCCATCG","DKO2",10745,2893,4.61610051186598,"3","3","3","Non-Projection Neuron Cells","RGP"
"AAAGGGGCCGCCTTGA","DKO2",8357,2870,7.19157592437478,"0","1","1","Projection Neurons","Neuron"
"AAAGGGGGGAGCGGCC","DKO2",10105,3430,2.84017812963879,"2","2","2","Non-Projection Neuron Cells","aIP"
"AAAGGGGTAGCCCGAG","DKO2",16702,3921,3.81990180816669,"3","3","3","Non-Projection Neuron Cells","RGP"
"AAAGGGTTCTGCAGGA","DKO2",12064,3522,4.46783819628647,"2","2","2","Non-Projection Neuron Cells","aIP"
"AAAGGTAACCTAACAC","DKO2",7988,2520,7.07310966449674,"0","1","1","Projection Neurons","Neuron"
"AAAGGTATGCGTCAGC","DKO2",10190,3020,7.13444553483808,"0","0","0","Projection Neurons","Neuron"
"AAAGGTGAGAAGTAAA","DKO2",8473,2683,7.99008615602502,"1","0","0","Projection Neurons","Neuron"
"AAAGGTGCACCTACTG","DKO2",11543,3013,6.93927055358226,"1","0","0","Projection Neurons","Neuron"
"AAAGGTGCTACTGCCC","DKO2",8707,3301,5.47835075226829,"0","0","0","Projection Neurons","Neuron"
"AAAGGTGGAGAGGGCC","DKO2",6830,2124,6.25183016105417,"5","5","5","Non-Projection Neuron Cells","OBNB"
"AAAGGTTCTTTACAAC","DKO2",4917,1507,9.57901159243441,"3","3","3","Non-Projection Neuron Cells","RGP"
"AAAGGTTGGTCAGGAA","DKO2",7619,2397,6.9300433127707,"3","3","3","Non-Projection Neuron Cells","RGP"
"AAAGTAAGGTCGAAGA","DKO2",10771,3405,3.42586575062668,"0","1","1","Projection Neurons","Neuron"
"AAAGTAAGTCTGCCTT","DKO2",6973,2336,5.72207084468665,"4","4","4","Non-Projection Neuron Cells","Oligo"
"AAAGTACGAGACACTG","DKO2",13912,3693,4.44220816561242,"0","0","0","Projection Neurons","Neuron"
"AAAGTACGTTCAAAGT","DKO2",3940,1584,10.4822335025381,"0","1","1","Projection Neurons","Neuron"
"AAAGTAGCCTATGAGG","DKO2",5414,1955,8.69966752862948,"1","0","0","Projection Neurons","Neuron"
"AAAGTAGGGCTAATTG","DKO2",8223,2403,6.49398029916089,"0","1","1","Projection Neurons","Neuron"
"AAAGTAGTTCTGGCAA","DKO2",11859,3164,4.91609747870815,"1","0","0","Projection Neurons","Neuron"
"AAAGTAGTTTTCTGGC","DKO2",18246,4246,4.57634550038365,"0","0","0","Projection Neurons","Neuron"
"AAAGTATACGTATCTT","DKO2",5232,1846,6.21177370030581,"5","5","5","Non-Projection Neuron Cells","OBNB"
"AAAGTATGCTTGCCTA","DKO2",8104,3341,2.81342546890424,"6","2","2","Non-Projection Neuron Cells","aIP"
"AAAGTCAACGATGACA","DKO2",10351,3176,3.67114288474544,"0","1","1","Projection Neurons","Neuron"
"AAAGTCACAGATGCGG","DKO2",6476,2053,8.3384805435454,"1","0","0","Projection Neurons","Neuron"
"AAAGTCAGTGGAAGAG","DKO2",6664,2685,4.18667466986795,"3","3","3","Non-Projection Neuron Cells","RGP"
"AAAGTCATGGGCGACC","DKO2",5266,2167,7.29206228636536,"0","6","6","Projection Neurons","Neuron"
"AAAGTCCAAGAGTGCC","DKO2",7610,2430,5.7161629434954,"5","5","5","Non-Projection Neuron Cells","OBNB"
"AAAGTCCAATGATGTG","DKO2",7958,3046,6.53430510178437,"0","0","0","Projection Neurons","Neuron"
"AAAGTCCCCACTTTCA","DKO2",16905,3949,5.29429162969536,"1","0","0","Projection Neurons","Neuron"
"AAAGTCCCGTTACGAA","DKO2",9184,2780,5.44425087108014,"0","1","1","Projection Neurons","Neuron"
"AAAGTCCGGGGAAGCC","DKO2",12824,3349,3.57922645040549,"0","1","1","Projection Neurons","Neuron"
"AAAGTCGCTAACACCT","DKO2",6592,2255,6.14381067961165,"0","1","1","Projection Neurons","Neuron"
"AAAGTCGCTAGTGTCG","DKO2",5231,1980,7.28350219843242,"0","1","1","Projection Neurons","Neuron"
"AAAGTCGTTCGATTAG","DKO2",10275,2643,5.88807785888078,"0","1","1","Projection Neurons","Neuron"
"AAAGTCTACCTATCTA","DKO2",10823,2872,5.46059318118821,"1","0","0","Projection Neurons","Neuron"
"AAAGTCTACGACTCCG","DKO2",3701,1695,1.9454201567144,"0","1","1","Projection Neurons","Neuron"
"AAAGTCTAGCTTTGCT","DKO2",11502,3107,4.72091810119979,"3","3","3","Non-Projection Neuron Cells","RGP"
"AAAGTCTATTAAACGT","DKO2",7416,2206,6.3915857605178,"1","0","0","Projection Neurons","Neuron"
"AAAGTCTGCGACTATT","DKO2",3952,1627,6.35121457489879,"5","5","5","Non-Projection Neuron Cells","OBNB"
"AAAGTGATACAGGAAC","DKO2",6691,2356,4.45374383500224,"3","3","3","Non-Projection Neuron Cells","RGP"
"AAAGTGATCTTCCATG","DKO2",10050,3197,4.10945273631841,"2","2","2","Non-Projection Neuron Cells","aIP"
"AAAGTGATTTAAGTGG","DKO2",9826,3324,3.2770201506208,"2","2","2","Non-Projection Neuron Cells","aIP"
"AAAGTGCCCTTTCAAC","DKO2",18414,4194,4.59433040078201,"3","3","3","Non-Projection Neuron Cells","RGP"
"AAAGTGGGATTTCTGA","DKO2",3357,1583,8.13226094727435,"3","3","3","Non-Projection Neuron Cells","RGP"
"AAAGTGTCAGCTTAAG","DKO2",12530,3484,5.77015163607342,"0","0","0","Projection Neurons","Neuron"
"AAAGTGTGATTGATGA","DKO2",6276,2265,3.45761631612492,"2","2","2","Non-Projection Neuron Cells","aIP"
"AAAGTGTGTGTACTAG","DKO2",7150,2392,6.39160839160839,"4","4","4","Non-Projection Neuron Cells","Oligo"
"AAAGTTAAGAGCTTAA","DKO2",9061,2790,7.1184196004856,"0","0","0","Projection Neurons","Neuron"
"AAAGTTACCTCGCCAC","DKO2",16849,3696,4.42756246661523,"1","0","0","Projection Neurons","Neuron"
"AAAGTTACTGTGCAGT","DKO2",5098,1997,5.88466065123578,"0","1","1","Projection Neurons","Neuron"
"AAAGTTAGGGTCCCTT","DKO2",6111,2297,4.90918016691213,"0","1","1","Projection Neurons","Neuron"
"AAAGTTCGGATCGTAA","DKO2",4731,1778,8.18008877615726,"5","5","5","Non-Projection Neuron Cells","OBNB"
"AAAGTTGTAACGGAAA","DKO2",9626,2968,4.91377519218782,"0","0","0","Projection Neurons","Neuron"
"AAAGTTTGCCTCCAAA","DKO2",4961,2041,8.28462003628301,"0","1","1","Projection Neurons","Neuron"
"AAAGTTTTAGGGAAAA","DKO2",3564,1718,1.87991021324355,"2","2","2","Non-Projection Neuron Cells","aIP"
"AAATAAATCAGGACAT","DKO2",11059,2967,5.38023329414956,"3","3","3","Non-Projection Neuron Cells","RGP"
"AAATAACGGAATCACA","DKO2",5939,2041,7.12241118033339,"5","5","5","Non-Projection Neuron Cells","OBNB"
"AAATAAGAGGATCAAA","DKO2",3503,1587,4.45332572081073,"0","1","1","Projection Neurons","Neuron"
"AAATAATTGACAATGA","DKO2",15927,3574,3.534877880329,"3","3","3","Non-Projection Neuron Cells","RGP"
"AAATACACCAGGAGTC","DKO2",19027,4431,4.45682451253482,"0","0","0","Projection Neurons","Neuron"
"AAATACAGTCGGGGTC","DKO2",4892,2190,3.22976287816844,"0","6","6","Projection Neurons","Neuron"
"AAATACATAAGAGACT","DKO2",4302,1538,10.4834960483496,"0","1","1","Projection Neurons","Neuron"
"AAATACATACTCTACA","DKO2",18588,4098,4.24467398321498,"0","0","0","Projection Neurons","Neuron"
"AAATACCACCGCATTG","DKO2",27346,5507,3.7628903678783,"3","3","3","Non-Projection Neuron Cells","RGP"
"AAATACCTACTTGCAT","DKO2",4070,1584,8.5995085995086,"5","5","5","Non-Projection Neuron Cells","OBNB"
"AAATACCTGGCGCGAG","DKO2",4219,1530,4.07679544915857,"3","3","3","Non-Projection Neuron Cells","RGP"
"AAATACGAAGAGAAAC","DKO2",12834,3458,4.72183263207106,"0","1","1","Projection Neurons","Neuron"
"AAATACTAAACTCCTA","DKO2",18296,4034,5.33996501967643,"1","0","0","Projection Neurons","Neuron"
"AAATACTACTCCACGT","DKO2",11190,3161,6.29133154602324,"0","1","1","Projection Neurons","Neuron"
"AAATAGACTTTATTCG","DKO2",10408,3200,5.97617217524981,"0","0","0","Projection Neurons","Neuron"
"AAATAGATGTGTTGTT","DKO2",3887,1751,4.70800102907126,"2","2","2","Non-Projection Neuron Cells","aIP"
"AAATAGATGTTGAGCT","DKO2",8689,2928,3.77488778915871,"0","0","0","Projection Neurons","Neuron"
"AAATAGGGAGGTGTCG","DKO2",9501,2857,5.58888538048626,"0","1","1","Projection Neurons","Neuron"
"AAATAGGTCCGCGGCC","DKO2",10267,3109,5.74656666991331,"0","1","1","Projection Neurons","Neuron"
"AAATAGGTTTTCCCAC","DKO2",10220,2801,3.94324853228963,"3","3","3","Non-Projection Neuron Cells","RGP"
"AAATAGTCAAACTGTA","DKO2",9516,3275,2.15426649852879,"2","2","2","Non-Projection Neuron Cells","aIP"
"AAATAGTCCAATTCCT","DKO2",4775,1894,5.44502617801047,"3","3","3","Non-Projection Neuron Cells","RGP"
"AAATAGTCTGGCGGCT","DKO2",13114,3436,4.31599816989477,"0","1","1","Projection Neurons","Neuron"
"AAATAGTGAACATAGC","DKO2",3607,1488,8.37260881619074,"5","5","5","Non-Projection Neuron Cells","OBNB"
"AAATATAATACAGCAG","DKO2",10136,3037,3.66022099447514,"2","2","2","Non-Projection Neuron Cells","aIP"
"AAATATCATCTGTCGT","DKO2",10953,2804,4.31845156578106,"3","3","3","Non-Projection Neuron Cells","RGP"
"AAATATCCGGACCGCG","DKO2",4511,2062,2.83750831301264,"4","4","4","Non-Projection Neuron Cells","Oligo"
"AAATATCTCGCGCAAT","DKO2",4741,1838,2.74203754482177,"0","1","1","Projection Neurons","Neuron"
"AAATATTAATAACATC","DKO2",11046,3259,7.09759188846641,"0","1","1","Projection Neurons","Neuron"
"AAATATTGGTCTTTAG","DKO2",12193,3259,5.66718609037973,"0","1","1","Projection Neurons","Neuron"
"AAATATTTCGCGCGTG","DKO2",20930,4207,6.18729096989967,"1","0","0","Projection Neurons","Neuron"
"AAATCAAGTTGAATCG","DKO2",9423,3137,3.39594608935583,"2","2","2","Non-Projection Neuron Cells","aIP"
"AAATCAATATTGTTAA","DKO2",17506,4544,2.10784873757569,"2","2","2","Non-Projection Neuron Cells","aIP"
"AAATCACAACCCATCG","DKO2",7170,2447,6.72245467224547,"3","3","3","Non-Projection Neuron Cells","RGP"
"AAATCACCAGAAAATC","DKO2",8954,2800,6.16484252847889,"0","1","1","Projection Neurons","Neuron"
"AAATCACGTCCTTGGG","DKO2",7062,2443,5.81988105352591,"0","1","1","Projection Neurons","Neuron"
"AAATCACTAGTCGTAA","DKO2",7369,2872,5.74026326502918,"2","2","2","Non-Projection Neuron Cells","aIP"
"AAATCAGAACGAGCAG","DKO2",7708,2428,7.36896730669434,"0","0","0","Projection Neurons","Neuron"
"AAATCAGGGATATACT","DKO2",7416,2530,6.52642934196332,"0","0","0","Projection Neurons","Neuron"
"AAATCAGGTTTTCACT","DKO2",10127,3225,2.42914979757085,"2","2","2","Non-Projection Neuron Cells","aIP"
"AAATCAGTCCATAGGA","DKO2",8956,2793,6.02947744528807,"0","1","1","Projection Neurons","Neuron"
"AAATCAGTCGTTTAAG","DKO2",7323,2502,6.55469070053257,"0","6","6","Projection Neurons","Neuron"
"AAATCATACCGGAATG","DKO2",10297,3410,5.6909779547441,"0","1","1","Projection Neurons","Neuron"
"AAATCATGAACTAAGT","DKO2",3310,1639,5.49848942598187,"2","2","2","Non-Projection Neuron Cells","aIP"
"AAATCATTAGTGGACT","DKO2",19886,4151,3.91230011063059,"3","3","3","Non-Projection Neuron Cells","RGP"
"AAATCCACACGTATAA","DKO2",5305,2017,5.71159283694628,"3","3","3","Non-Projection Neuron Cells","RGP"
"AAATCCAGGGAGCGCC","DKO2",5710,2181,2.27670753064799,"0","1","1","Projection Neurons","Neuron"
"AAATCCAGGGAGTGCA","DKO2",4788,2099,8.68838763575606,"3","3","3","Non-Projection Neuron Cells","RGP"
"AAATCCATTTCTGCGA","DKO2",6117,2576,4.757233938205,"0","1","1","Projection Neurons","Neuron"
"AAATCCCGTTGGTTTC","DKO2",5181,1946,9.82435823200154,"0","1","1","Projection Neurons","Neuron"
"AAATCCCTAATTCCTT","DKO2",4479,1860,6.22906898861353,"0","1","1","Projection Neurons","Neuron"
"AAATCCGACTCGATTG","DKO2",5829,2086,4.39183393377938,"3","3","3","Non-Projection Neuron Cells","RGP"
"AAATCCGCCGTTAAGG","DKO2",10595,2962,4.58706937234545,"0","1","1","Projection Neurons","Neuron"
"AAATCCGTCATGTCAT","DKO2",9631,2818,5.61727754127297,"0","1","1","Projection Neurons","Neuron"
"AAATCCTAAGACGTTT","DKO2",8626,2240,5.77324368189196,"1","0","0","Projection Neurons","Neuron"
"AAATCCTCTTCTGGTC","DKO2",3967,1684,3.62994706327199,"2","2","2","Non-Projection Neuron Cells","aIP"
"AAATCCTGATGACCAA","DKO2",7241,2528,6.21461124154122,"0","1","1","Projection Neurons","Neuron"
"AAATCGATTCAGACGG","DKO2",5336,2173,7.36506746626687,"0","0","0","Projection Neurons","Neuron"
"AAATCGCTCAAAACAC","DKO2",15387,3488,4.04887242477416,"3","3","3","Non-Projection Neuron Cells","RGP"
"AAATCGCTGGAGGGGA","DKO2",11747,3894,6.15476291819188,"0","1","1","Projection Neurons","Neuron"
"AAATCGTGCCACCTCC","DKO2",17293,4039,2.9491701844677,"3","3","3","Non-Projection Neuron Cells","RGP"
"AAATCGTTTTTTTATA","DKO2",4885,1726,7.75844421699079,"1","0","0","Projection Neurons","Neuron"
"AAATCTATAGCGCTCA","DKO2",10397,3905,5.10724247379052,"0","0","0","Projection Neurons","Neuron"
"AAATCTCGACGGGTGA","DKO2",3561,1672,5.30749789385004,"0","1","1","Projection Neurons","Neuron"
"AAATCTCTATCATTCA","DKO2",11591,3907,4.93486325597446,"2","2","2","Non-Projection Neuron Cells","aIP"
"AAATCTGCAGAACAAA","DKO2",4153,1787,5.03250662171924,"0","1","1","Projection Neurons","Neuron"
"AAATCTGCGCGTCAAT","DKO2",13555,4216,4.78052379195869,"6","2","2","Non-Projection Neuron Cells","aIP"
"AAATCTGGAGGTGTTG","DKO2",16202,3383,8.43722997160844,"3","3","3","Non-Projection Neuron Cells","RGP"
"AAATCTGTATTATCAG","DKO2",15825,3825,4.71406003159558,"0","0","0","Projection Neurons","Neuron"
"AAATCTGTGGTAATGC","DKO2",21591,4498,4.02945671807698,"0","0","0","Projection Neurons","Neuron"
"AAATCTGTTCGCATCC","DKO2",8998,2869,4.42320515670149,"5","5","5","Non-Projection Neuron Cells","OBNB"
"AAATCTTTATGGAGCT","DKO2",11676,3227,4.52209660842754,"0","0","0","Projection Neurons","Neuron"
"AAATGAACATAAAATT","DKO2",7852,3164,8.6984207845135,"6","2","2","Non-Projection Neuron Cells","aIP"
"AAATGAACCATGCGTA","DKO2",8575,2609,4.53644314868805,"0","0","0","Projection Neurons","Neuron"
"AAATGACCCCGTATTA","DKO2",10720,2907,4.97201492537313,"0","1","1","Projection Neurons","Neuron"
"AAATGACCCGGCCATG","DKO2",14819,4115,4.54821512922599,"3","3","3","Non-Projection Neuron Cells","RGP"
"AAATGACTAGTATACA","DKO2",13141,3582,5.58557187428658,"3","3","3","Non-Projection Neuron Cells","RGP"
"AAATGAGTACACCCGG","DKO2",6839,2729,2.17868109372715,"0","0","0","Projection Neurons","Neuron"
"AAATGAGTTCTACGGG","DKO2",6438,2250,6.11991301646474,"0","1","1","Projection Neurons","Neuron"
"AAATGATCATACACAG","DKO2",4218,1682,4.59933617828355,"5","5","5","Non-Projection Neuron Cells","OBNB"
"AAATGATGCATCAGGG","DKO2",10736,3221,7.09761549925484,"3","3","3","Non-Projection Neuron Cells","RGP"
"AAATGATTCGTGCCTA","DKO2",16278,4135,3.31121759429905,"2","2","2","Non-Projection Neuron Cells","aIP"
"AAATGCAGGCGAGGCT","DKO2",10327,3468,3.8636583712598,"2","2","2","Non-Projection Neuron Cells","aIP"
"AAATGCATGCGCGGAA","DKO2",4031,1542,0.3225006201935,"2","2","2","Non-Projection Neuron Cells","aIP"
"AAATGCATTTGCACCA","DKO2",7764,3406,4.61102524471922,"6","2","2","Non-Projection Neuron Cells","aIP"
"AAATGCTAAGCAGAAA","DKO2",4834,2411,3.06164666942491,"6","2","2","Non-Projection Neuron Cells","aIP"
"AAATGCTAGGGCCACA","DKO2",16727,3927,4.68105458241167,"2","2","2","Non-Projection Neuron Cells","aIP"
"AAATGCTATCCCCGAT","DKO2",5546,1937,7.1222502704652,"0","0","0","Projection Neurons","Neuron"
"AAATGCTGTATATAAA","DKO2",12277,3401,6.74431864462002,"0","6","6","Projection Neurons","Neuron"
"AAATGCTGTCAACCTA","DKO2",5931,2373,4.73781824312932,"0","0","0","Projection Neurons","Neuron"
"AAATGCTTGAAGTCTT","DKO2",3651,1531,7.80608052588332,"0","1","1","Projection Neurons","Neuron"
"AAATGGAACATTTTTT","DKO2",3633,1443,7.32177263969171,"5","5","5","Non-Projection Neuron Cells","OBNB"
"AAATGGAAGGGGGGCC","DKO2",6559,2106,6.05275194389389,"5","5","5","Non-Projection Neuron Cells","OBNB"
"AAATGGAATCATTACT","DKO2",8185,2866,3.0543677458766,"2","2","2","Non-Projection Neuron Cells","aIP"
"AAATGGAGAGCAGGAA","DKO2",16862,4031,5.58059542165817,"0","1","1","Projection Neurons","Neuron"
"AAATGGAGCTAACGTG","DKO2",11825,3105,3.54334038054968,"3","3","3","Non-Projection Neuron Cells","RGP"
"AAATGGATAGGCACTA","DKO2",20975,4321,6.49821215733015,"3","3","3","Non-Projection Neuron Cells","RGP"
"AAATGGATCCGCGGGG","DKO2",13211,3660,5.68465672545606,"0","1","1","Projection Neurons","Neuron"
"AAATGGATGTCTGACT","DKO2",14601,3418,5.38319293199096,"4","4","4","Non-Projection Neuron Cells","Oligo"
"AAATGGCATGCGAGAA","DKO2",10657,3174,5.48934972318664,"0","1","1","Projection Neurons","Neuron"
"AAATGGCCAAGAATTT","DKO2",8709,2746,4.88000918589964,"0","1","1","Projection Neurons","Neuron"
"AAATGGCCCTCGAGGC","DKO2",5910,1978,4.14551607445008,"5","5","5","Non-Projection Neuron Cells","OBNB"
"AAATGGCCGGGTCCAC","DKO2",17304,4170,4.0164123901988,"0","0","0","Projection Neurons","Neuron"
"AAATGGCGGAACAGGG","DKO2",7086,2379,6.54812305955405,"5","5","5","Non-Projection Neuron Cells","OBNB"
"AAATGGGACCTTGATG","DKO2",8471,3094,2.60890095620352,"3","3","3","Non-Projection Neuron Cells","RGP"
"AAATGGTAACCTATCG","DKO2",7728,2543,6.54761904761905,"0","1","1","Projection Neurons","Neuron"
"AAATGGTACATACTCT","DKO2",11975,3182,4.5678496868476,"3","3","3","Non-Projection Neuron Cells","RGP"
"AAATGGTCCCAGGTAT","DKO2",11500,3477,5.21739130434783,"0","1","1","Projection Neurons","Neuron"
"AAATGGTTTGGACTAA","DKO2",4079,1700,5.41799460652121,"3","3","3","Non-Projection Neuron Cells","RGP"
"AAATGTAGCTAGTGGC","DKO2",5019,1772,6.07690775054792,"3","3","3","Non-Projection Neuron Cells","RGP"
"AAATGTATATAATGAG","DKO2",3744,1451,9.3215811965812,"0","1","1","Projection Neurons","Neuron"
"AAATGTCGAGTAGATT","DKO2",4473,1661,8.54012966689023,"0","1","1","Projection Neurons","Neuron"
"AAATGTCGTGTCCGGT","DKO2",7330,2253,4.10641200545703,"5","5","5","Non-Projection Neuron Cells","OBNB"
"AAATGTGGAAGCCGTA","DKO2",13233,4105,7.59464973928814,"2","2","2","Non-Projection Neuron Cells","aIP"
"AAATGTTAGGACAGCC","DKO2",10198,3000,4.03020200039223,"0","0","0","Projection Neurons","Neuron"
"AAATTAAATTGGGACA","DKO2",4708,1628,7.2642310960068,"0","1","1","Projection Neurons","Neuron"
"AAATTAAGAAGTTGTC","DKO2",4047,1954,1.48257968865827,"2","2","2","Non-Projection Neuron Cells","aIP"
"AAATTACACTCCGAAA","DKO2",9862,3093,4.92800648955587,"0","1","1","Projection Neurons","Neuron"
"AAATTACCGTTGCAAT","DKO2",8189,2397,7.72988154841861,"0","1","1","Projection Neurons","Neuron"
"AAATTACCTGCTTACT","DKO2",6927,2432,4.01328136278331,"2","2","2","Non-Projection Neuron Cells","aIP"
"AAATTACGATTTGGAC","DKO2",8567,3615,4.52900665343761,"6","2","2","Non-Projection Neuron Cells","aIP"
"AAATTACTTACTCCCG","DKO2",6602,2468,6.45259012420479,"0","1","1","Projection Neurons","Neuron"
"AAATTAGAACTATTCG","DKO2",5122,1645,1.52284263959391,"3","3","3","Non-Projection Neuron Cells","RGP"
"AAATTAGATGATACCC","DKO2",9151,2793,5.94470549666703,"3","3","3","Non-Projection Neuron Cells","RGP"
"AAATTAGATGTCAAAG","DKO2",15229,3426,3.32917460109003,"3","3","3","Non-Projection Neuron Cells","RGP"
"AAATTAGCAAGATAGT","DKO2",5026,1889,5.94906486271389,"5","5","5","Non-Projection Neuron Cells","OBNB"
"AAATTAGGAATGTGTT","DKO2",7156,2265,4.51369480156512,"1","0","0","Projection Neurons","Neuron"
"AAATTAGTGGGTATGA","DKO2",5012,1970,5.84596967278531,"0","1","1","Projection Neurons","Neuron"
"AAATTAGTTTGATGCG","DKO2",3889,1571,8.6654667009514,"0","1","1","Projection Neurons","Neuron"
"AAATTATCGGCGGACC","DKO2",7917,3022,6.45446507515473,"2","2","2","Non-Projection Neuron Cells","aIP"
"AAATTATTAATTGCGG","DKO2",18538,4775,2.10918114143921,"2","2","2","Non-Projection Neuron Cells","aIP"
"AAATTATTCCGACACC","DKO2",7128,2352,5.41526374859708,"0","1","1","Projection Neurons","Neuron"
"AAATTCAAGGACGTGT","DKO2",6581,2094,2.12733627108342,"3","3","3","Non-Projection Neuron Cells","RGP"
"AAATTCACTGATTTTC","DKO2",3378,1599,6.74955595026643,"1","0","0","Projection Neurons","Neuron"
"AAATTCAGAGAGCGTA","DKO2",7903,2519,7.26306465899026,"0","1","1","Projection Neurons","Neuron"
"AAATTCAGGGTTCTTT","DKO2",5673,1836,7.01568834831659,"3","3","3","Non-Projection Neuron Cells","RGP"
"AAATTCATTACAGAAT","DKO2",7235,2532,8.27919834139599,"0","1","1","Projection Neurons","Neuron"
"AAATTCCAGGTTCAAG","DKO2",6788,2078,5.09723040659988,"3","3","3","Non-Projection Neuron Cells","RGP"
"AAATTCCGACTTGTGG","DKO2",10943,3036,6.99990861738097,"1","0","0","Projection Neurons","Neuron"
"AAATTCCTGTAGGGCC","DKO2",13517,3858,2.90005178663905,"2","2","2","Non-Projection Neuron Cells","aIP"
"AAATTCGGACCAAAAA","DKO2",6777,2301,5.19403866017412,"3","3","3","Non-Projection Neuron Cells","RGP"
"AAATTCTATCCGAATA","DKO2",7576,2682,4.39545934530095,"2","2","2","Non-Projection Neuron Cells","aIP"
"AAATTCTGATGCTCAT","DKO2",6190,2117,4.62035541195477,"5","5","5","Non-Projection Neuron Cells","OBNB"
"AAATTGAATACCACGT","DKO2",6642,2081,4.68232460102379,"3","3","3","Non-Projection Neuron Cells","RGP"
"AAATTGACCTCAATAA","DKO2",13148,3222,6.25950714937633,"1","0","0","Projection Neurons","Neuron"
"AAATTGACGTAGGATC","DKO2",11914,3073,4.64999160651335,"3","3","3","Non-Projection Neuron Cells","RGP"
"AAATTGAGCGGGCGGT","DKO2",6720,2223,6.57738095238095,"1","0","0","Projection Neurons","Neuron"
"AAATTGATTCTTCTTC","DKO2",7634,2846,2.72465286874509,"0","0","0","Projection Neurons","Neuron"
"AAATTGCTACTAACTT","DKO2",4434,1838,4.89400090211998,"2","2","2","Non-Projection Neuron Cells","aIP"
"AAATTGCTTAAGGGTG","DKO2",9519,3092,6.62884756802185,"0","1","1","Projection Neurons","Neuron"
"AAATTGGACAGCCCGC","DKO2",25543,4967,3.28857221156481,"2","2","2","Non-Projection Neuron Cells","aIP"
"AAATTGGAGCTTCAAA","DKO2",6824,2471,5.99355216881594,"0","1","1","Projection Neurons","Neuron"
"AAATTGGGTATAGACA","DKO2",11514,3171,5.15025186729199,"0","0","0","Projection Neurons","Neuron"
"AAATTGTTGCGTCTCG","DKO2",7862,2777,7.44085474433986,"0","1","1","Projection Neurons","Neuron"
"AAATTGTTGTTCTAAA","DKO2",4920,1957,4.97967479674797,"3","3","3","Non-Projection Neuron Cells","RGP"
"AAATTTACCATCCATT","DKO2",7487,2745,4.24736209429678,"2","2","2","Non-Projection Neuron Cells","aIP"
"AAATTTACCGGGCGGG","DKO2",4116,1818,7.33722060252673,"0","1","1","Projection Neurons","Neuron"
"AAATTTACCGTAGGAA","DKO2",7192,2302,5.79810901001112,"5","5","5","Non-Projection Neuron Cells","OBNB"
"AAATTTACTTCGTCAC","DKO2",5770,2493,4.76603119584055,"2","2","2","Non-Projection Neuron Cells","aIP"
"AAATTTCACGTGTCGT","DKO2",16741,4198,2.97473269219282,"3","3","3","Non-Projection Neuron Cells","RGP"
"AACAAAATCTGGCTTC","DKO2",5658,2097,5.39059738423471,"3","3","3","Non-Projection Neuron Cells","RGP"
"AACAAACATTACACAC","DKO2",14357,3676,4.84780943093961,"3","3","3","Non-Projection Neuron Cells","RGP"
"AACAAACCACACTCCA","DKO2",14284,3646,7.44889386726407,"0","0","0","Projection Neurons","Neuron"
"AACAAACCTCAACGCC","DKO2",12062,3217,7.65213065826563,"1","0","0","Projection Neurons","Neuron"
"AACAAACGACACCCAA","DKO2",13198,3679,5.28110319745416,"0","0","0","Projection Neurons","Neuron"
"AACAAACTGATCCCAT","DKO2",6957,2486,6.41080925686359,"0","1","1","Projection Neurons","Neuron"
"AACAAAGAAATTTATA","DKO2",9300,2953,7.44086021505376,"3","3","3","Non-Projection Neuron Cells","RGP"
"AACAAAGCTCCATGGC","DKO2",9194,2768,4.70959321296498,"3","3","3","Non-Projection Neuron Cells","RGP"
"AACAAATATCCAAGCG","DKO2",9249,3030,2.64893502000216,"2","2","2","Non-Projection Neuron Cells","aIP"
"AACAAATCCGTACCTG","DKO2",10621,3221,8.66208454947745,"4","4","4","Non-Projection Neuron Cells","Oligo"
"AACAACACTTAGCAGA","DKO2",9619,3305,1.38268011227778,"2","2","2","Non-Projection Neuron Cells","aIP"
"AACAACATGCATGTTG","DKO2",6947,2111,6.46322153447531,"5","5","5","Non-Projection Neuron Cells","OBNB"
"AACAACATTCCACTTC","DKO2",10639,2717,5.82761537738509,"3","3","3","Non-Projection Neuron Cells","RGP"
"AACAACCCCCGTCTGA","DKO2",3911,1708,6.8013295832268,"0","1","1","Projection Neurons","Neuron"
"AACAACCTAGGCATTG","DKO2",7852,2548,5.29801324503311,"5","5","5","Non-Projection Neuron Cells","OBNB"
"AACAACCTCAACATGA","DKO2",11944,3477,8.59845947756195,"3","3","3","Non-Projection Neuron Cells","RGP"
"AACAACCTCAATAACT","DKO2",18262,4661,3.78381338298105,"2","2","2","Non-Projection Neuron Cells","aIP"
"AACAACCTCGGCCCCG","DKO2",7167,2634,4.49281428770755,"0","1","1","Projection Neurons","Neuron"
"AACAACGCATCCTCTA","DKO2",6659,2504,2.19252139960955,"0","0","0","Projection Neurons","Neuron"
"AACAACTCGCCACTAA","DKO2",7319,2158,3.44309331875939,"3","3","3","Non-Projection Neuron Cells","RGP"
"AACAACTGACAATGTT","DKO2",6940,2250,6.26801152737752,"5","5","5","Non-Projection Neuron Cells","OBNB"
"AACAACTTATTGCGAT","DKO2",12018,3461,3.6778166084207,"3","3","3","Non-Projection Neuron Cells","RGP"
"AACAAGACCGCGCATT","DKO2",4996,2176,1.68134507606085,"2","2","2","Non-Projection Neuron Cells","aIP"
"AACAAGATTAGACACG","DKO2",3950,1545,7.62025316455696,"0","1","1","Projection Neurons","Neuron"
"AACAAGCCAAACATGT","DKO2",25379,4839,4.36187399030695,"3","3","3","Non-Projection Neuron Cells","RGP"
"AACAAGCTACGGGCAA","DKO2",6966,2463,7.62273901808786,"0","0","0","Projection Neurons","Neuron"
"AACAAGGACACTTCTG","DKO2",6654,3044,2.62999699428915,"6","2","2","Non-Projection Neuron Cells","aIP"
"AACAAGGTACCTGTAA","DKO2",5932,2296,3.18610923803102,"2","2","2","Non-Projection Neuron Cells","aIP"
"AACAAGGTGCCCGTCT","DKO2",13242,3346,5.95831445400997,"0","6","6","Projection Neurons","Neuron"
"AACAAGTTTTAATCAG","DKO2",7215,2399,5.55786555786556,"0","1","1","Projection Neurons","Neuron"
"AACAAGTTTTACGCGG","DKO2",7283,2751,2.77358231498009,"2","2","2","Non-Projection Neuron Cells","aIP"
"AACAATAGCGTAAATC","DKO2",14413,3500,5.61992645528342,"2","2","2","Non-Projection Neuron Cells","aIP"
"AACAATATTCAAGAGA","DKO2",9500,2747,4.50526315789474,"0","1","1","Projection Neurons","Neuron"
"AACAATCAACTGGGCG","DKO2",11338,3164,7.62921150114659,"4","4","4","Non-Projection Neuron Cells","Oligo"
"AACAATCCCAGAACTT","DKO2",6080,2192,5.44407894736842,"3","3","3","Non-Projection Neuron Cells","RGP"
"AACAATTGAGCACATA","DKO2",21929,4412,4.59665283414656,"1","0","0","Projection Neurons","Neuron"
"AACACACATAGTTGCA","DKO2",10104,3137,6.35391923990499,"0","1","1","Projection Neurons","Neuron"
"AACACAGAATCTTTCT","DKO2",8789,2690,6.29195585390829,"5","5","5","Non-Projection Neuron Cells","OBNB"
"AACACAGCCATGCTAC","DKO2",3674,1599,5.47087642896026,"0","1","1","Projection Neurons","Neuron"
"AACACAGCCATTCGGG","DKO2",17070,3974,5.39543057996485,"2","2","2","Non-Projection Neuron Cells","aIP"
"AACACAGCGCAGCCGA","DKO2",6203,2739,6.98049330968886,"6","2","2","Non-Projection Neuron Cells","aIP"
"AACACAGGCATTCGTT","DKO2",6553,2097,4.71539752784984,"3","3","3","Non-Projection Neuron Cells","RGP"
"AACACATACTACCAAT","DKO2",10297,2779,4.35078178110129,"3","3","3","Non-Projection Neuron Cells","RGP"
"AACACATGTACAGCCC","DKO2",9689,2973,5.66621942408917,"2","2","2","Non-Projection Neuron Cells","aIP"
"AACACATTGTTGTACA","DKO2",13863,3542,3.90247421193104,"2","2","2","Non-Projection Neuron Cells","aIP"
"AACACCCCCTGTACGT","DKO2",4130,1601,5.64164648910412,"5","5","5","Non-Projection Neuron Cells","OBNB"
"AACACCCTCACATGCG","DKO2",5968,2944,2.64745308310992,"6","2","2","Non-Projection Neuron Cells","aIP"
"AACACCCTTGTGTTTC","DKO2",13869,4078,2.55245511572572,"0","1","1","Projection Neurons","Neuron"
"AACACCGAAATACACG","DKO2",22700,4260,4.36563876651982,"1","0","0","Projection Neurons","Neuron"
"AACACCGAATGGCATC","DKO2",11359,3277,3.60947266484726,"0","0","0","Projection Neurons","Neuron"
"AACACCGCACACCGCA","DKO2",11922,3263,7.84264385170273,"1","0","0","Projection Neurons","Neuron"
"AACACCGCTGTATCGG","DKO2",3534,1797,8.71533672891907,"0","1","1","Projection Neurons","Neuron"
"AACACCGGCCTTACGA","DKO2",4413,1938,9.83457965103104,"0","0","0","Projection Neurons","Neuron"
"AACACCGTTCTGTCCG","DKO2",11746,4029,6.37663885578069,"6","2","2","Non-Projection Neuron Cells","aIP"
"AACACCTAGAAATTGA","DKO2",12358,3287,5.1140961320602,"0","0","0","Projection Neurons","Neuron"
"AACACCTGTATCCCAC","DKO2",7978,2464,3.83554775632991,"5","5","5","Non-Projection Neuron Cells","OBNB"
"AACACCTTTAGATATG","DKO2",6022,2092,7.77150448356028,"0","1","1","Projection Neurons","Neuron"
"AACACCTTTTCCGCTT","DKO2",5119,1678,8.18519242039461,"0","1","1","Projection Neurons","Neuron"
"AACACCTTTTGGGTTA","DKO2",13966,3966,2.79249606186453,"2","2","2","Non-Projection Neuron Cells","aIP"
"AACACGAAGATTCCAG","DKO2",3866,1384,6.77703052250388,"0","1","1","Projection Neurons","Neuron"
"AACACGACTCACCTTA","DKO2",11335,3519,3.30833700926334,"2","2","2","Non-Projection Neuron Cells","aIP"
"AACACGATGGGACTTT","DKO2",6100,2162,5.55737704918033,"0","1","1","Projection Neurons","Neuron"
"AACACGCACACGCTAG","DKO2",12442,3148,4.19546696672561,"3","3","3","Non-Projection Neuron Cells","RGP"
"AACACGCCCGGATTAC","DKO2",5964,2230,5.53319919517103,"0","1","1","Projection Neurons","Neuron"
"AACACGCGAGCACTGT","DKO2",7122,2364,3.73490592530188,"1","0","0","Projection Neurons","Neuron"
"AACACGCGTGGGGTTC","DKO2",5581,2077,5.82332915248163,"0","1","1","Projection Neurons","Neuron"
"AACACGGCACTGAACG","DKO2",7679,2295,5.99036332855841,"0","1","1","Projection Neurons","Neuron"
"AACACGGTTTTATCCT","DKO2",13552,3364,5.83677685950413,"0","0","0","Projection Neurons","Neuron"
"AACACGTCATGCGTGC","DKO2",6460,2285,5.92879256965944,"5","5","5","Non-Projection Neuron Cells","OBNB"
"AACACTACCAGGAAGC","DKO2",17995,4037,4.57349263684357,"1","0","0","Projection Neurons","Neuron"
"AACACTACCGTTCCAT","DKO2",13143,3473,5.07494483755611,"0","1","1","Projection Neurons","Neuron"
"AACACTATGTAATCTC","DKO2",17722,3896,5.25335740887033,"0","0","0","Projection Neurons","Neuron"
"AACACTCGTCATACAT","DKO2",10444,3924,6.95135963232478,"6","2","2","Non-Projection Neuron Cells","aIP"
"AACACTGCGGAAGTGG","DKO2",11033,3047,5.25695640351672,"0","1","1","Projection Neurons","Neuron"
"AACACTGCGGGCGCTA","DKO2",5547,2012,7.93221561204254,"0","1","1","Projection Neurons","Neuron"
"AACACTGGGCTGCCAC","DKO2",6105,2238,4.83210483210483,"0","1","1","Projection Neurons","Neuron"
"AACACTGTATGAAGTC","DKO2",17246,4012,4.650353705207,"0","6","6","Projection Neurons","Neuron"
"AACACTTAACCATGCA","DKO2",8940,2469,3.99328859060403,"3","3","3","Non-Projection Neuron Cells","RGP"
"AACACTTATCCGTATT","DKO2",9807,2920,4.59875599061895,"3","3","3","Non-Projection Neuron Cells","RGP"
"AACACTTCGGTGCTTT","DKO2",8554,2732,7.49357025952771,"0","0","0","Projection Neurons","Neuron"
"AACACTTGCCCATAAC","DKO2",15318,3572,6.01253427340384,"1","0","0","Projection Neurons","Neuron"
"AACACTTGCCCGGGCG","DKO2",8186,2551,3.33496213046665,"5","5","5","Non-Projection Neuron Cells","OBNB"
"AACAGAAATAGCAAGC","DKO2",14348,3539,3.61025926958461,"3","3","3","Non-Projection Neuron Cells","RGP"
"AACAGAACAAGGCACG","DKO2",3635,1383,10.5914718019257,"0","1","1","Projection Neurons","Neuron"
"AACAGAAGAGTGCCAA","DKO2",9027,2650,5.25091392489199,"3","3","3","Non-Projection Neuron Cells","RGP"
"AACAGAATCTGACGCA","DKO2",3694,1503,7.68814293448836,"5","5","5","Non-Projection Neuron Cells","OBNB"
"AACAGACAGAGGACCC","DKO2",5479,2266,4.83664902354444,"0","1","1","Projection Neurons","Neuron"
"AACAGACTAGCTAATG","DKO2",7717,2185,0.76454580795646,"3","3","3","Non-Projection Neuron Cells","RGP"
"AACAGAGGGACGGGTG","DKO2",13113,3504,5.55936856554564,"0","0","0","Projection Neurons","Neuron"
"AACAGATGTACACGGC","DKO2",11663,3133,5.7532367315442,"1","0","0","Projection Neurons","Neuron"
"AACAGCAACGTAGTTG","DKO2",5466,2136,6.82400292718624,"0","1","1","Projection Neurons","Neuron"
"AACAGCACGGCGCCAT","DKO2",3505,1700,1.85449358059914,"0","1","1","Projection Neurons","Neuron"
"AACAGCACTAGAACTT","DKO2",7983,2628,4.83527495928849,"2","2","2","Non-Projection Neuron Cells","aIP"
"AACAGCACTGGCCAGA","DKO2",5559,2064,5.84637524734664,"0","1","1","Projection Neurons","Neuron"
"AACAGCCGAATGACTC","DKO2",5699,2174,5.73784874539393,"2","2","2","Non-Projection Neuron Cells","aIP"
"AACAGCCGTAAGTAGA","DKO2",5171,2222,6.45909882034423,"2","2","2","Non-Projection Neuron Cells","aIP"
"AACAGCGTGTGAAGTA","DKO2",7835,2345,6.36885768985322,"0","1","1","Projection Neurons","Neuron"
"AACAGCGTTCAGATGC","DKO2",8470,2675,6.22195985832349,"0","1","1","Projection Neurons","Neuron"
"AACAGCTAAAAAGGAA","DKO2",6329,2362,6.80992257860641,"1","0","0","Projection Neurons","Neuron"
"AACAGCTAGTGCGCCT","DKO2",6204,2322,5.94777562862669,"0","0","0","Projection Neurons","Neuron"
"AACAGCTTGACGAGCA","DKO2",7253,2073,9.30649386460775,"1","0","0","Projection Neurons","Neuron"
"AACAGGAGAGCGGTGT","DKO2",11258,3823,3.41090779889856,"0","0","0","Projection Neurons","Neuron"
"AACAGGAGATAAGTCG","DKO2",7854,2039,6.02240896358543,"3","3","3","Non-Projection Neuron Cells","RGP"
"AACAGGATTTTCCCGA","DKO2",4236,1674,7.95561850802644,"3","3","3","Non-Projection Neuron Cells","RGP"
"AACAGGCATGCGCACC","DKO2",6288,2593,3.95992366412214,"2","2","2","Non-Projection Neuron Cells","aIP"
"AACAGGTCCTTTTAGG","DKO2",8522,2579,4.62332785731049,"0","1","1","Projection Neurons","Neuron"
"AACAGGTGCGGCGCAC","DKO2",8653,2668,3.7328094302554,"3","3","3","Non-Projection Neuron Cells","RGP"
"AACAGGTGGAATGACG","DKO2",3743,1580,9.29735506278386,"3","3","3","Non-Projection Neuron Cells","RGP"
"AACAGGTTGCCCAGCT","DKO2",28367,5939,3.01406563965171,"2","2","2","Non-Projection Neuron Cells","aIP"
"AACAGTACTTCTATAA","DKO2",12965,3701,3.28576937909757,"2","2","2","Non-Projection Neuron Cells","aIP"
"AACAGTATATCTCGGC","DKO2",11720,3236,3.42150170648464,"2","2","2","Non-Projection Neuron Cells","aIP"
"AACAGTATTAACTTAA","DKO2",6502,2000,4.96770224546293,"5","5","5","Non-Projection Neuron Cells","OBNB"
"AACAGTGCATGCCTGG","DKO2",18166,4049,5.60938016073984,"1","0","0","Projection Neurons","Neuron"
"AACAGTGCGAAAGGAC","DKO2",10244,3187,5.40804373291683,"0","1","1","Projection Neurons","Neuron"
"AACAGTGCGCGCGATT","DKO2",18254,5444,3.19382053248603,"2","2","2","Non-Projection Neuron Cells","aIP"
"AACAGTGGTCGAGATG","DKO2",13768,3490,5.02614758861127,"1","0","0","Projection Neurons","Neuron"
"AACAGTGTAGCCTTAA","DKO2",5011,1877,9.25962881660347,"5","5","5","Non-Projection Neuron Cells","OBNB"
"AACAGTGTCGGCTACG","DKO2",3911,1461,10.9179238046535,"0","1","1","Projection Neurons","Neuron"
"AACAGTTCACCGACAG","DKO2",15851,3657,5.55800895842534,"1","0","0","Projection Neurons","Neuron"
"AACAGTTGAGATATGC","DKO2",11654,3231,5.55174189119616,"4","4","4","Non-Projection Neuron Cells","Oligo"
"AACAGTTGGGATAATT","DKO2",5359,1771,5.18753498787087,"1","0","0","Projection Neurons","Neuron"
"AACAGTTGGGGGGTGG","DKO2",7311,2725,2.37997537956504,"2","2","2","Non-Projection Neuron Cells","aIP"
"AACAGTTTCGGGCAAC","DKO2",9049,2584,3.92308542380373,"0","1","1","Projection Neurons","Neuron"
"AACAGTTTGCATACCG","DKO2",11848,3179,3.43517893315327,"3","3","3","Non-Projection Neuron Cells","RGP"
"AACATAACAGTGGCCT","DKO2",3824,1746,7.45292887029289,"5","5","5","Non-Projection Neuron Cells","OBNB"
"AACATAACCACTGTTG","DKO2",11038,2874,5.10962130820801,"1","0","0","Projection Neurons","Neuron"
"AACATAAGGTGTTCGT","DKO2",13231,3447,5.18479328848915,"0","1","1","Projection Neurons","Neuron"
"AACATAATCCTCGATG","DKO2",5677,2091,5.88338911396865,"5","5","5","Non-Projection Neuron Cells","OBNB"
"AACATAATCGCGGCCT","DKO2",8198,3018,3.12271285679434,"2","2","2","Non-Projection Neuron Cells","aIP"
"AACATACCCTCTGGAT","DKO2",6106,2304,5.30625614150016,"3","3","3","Non-Projection Neuron Cells","RGP"
"AACATAGAGCCGGTAA","DKO2",9298,3091,8.44267584426759,"0","0","0","Projection Neurons","Neuron"
"AACATAGGGACATGAA","DKO2",4232,1588,9.9007561436673,"1","0","0","Projection Neurons","Neuron"
"AACATAGTTGAATATT","DKO2",7103,2448,4.94157398282416,"0","1","1","Projection Neurons","Neuron"
"AACATATCGTCGTGGG","DKO2",3794,1433,9.38323668950975,"5","5","5","Non-Projection Neuron Cells","OBNB"
"AACATATGTATTTCAC","DKO2",3464,1475,6.32217090069284,"5","5","5","Non-Projection Neuron Cells","OBNB"
"AACATATTCTCCGGTG","DKO2",10486,3166,3.03261491512493,"3","3","3","Non-Projection Neuron Cells","RGP"
"AACATCAAAAAGGAAC","DKO2",4652,1737,9.04987102321582,"1","0","0","Projection Neurons","Neuron"
"AACATCAAGGCAACGA","DKO2",3924,1634,4.25586136595311,"3","3","3","Non-Projection Neuron Cells","RGP"
"AACATCAATAAATGCC","DKO2",6419,2326,7.25969777223867,"5","5","5","Non-Projection Neuron Cells","OBNB"
"AACATCAATTTGCCTG","DKO2",8007,2662,8.76732858748595,"0","1","1","Projection Neurons","Neuron"
"AACATCACCTAGAGGG","DKO2",3703,1822,4.91493383742911,"2","2","2","Non-Projection Neuron Cells","aIP"
"AACATCCACACGTTCA","DKO2",3592,1608,9.9109131403118,"0","1","1","Projection Neurons","Neuron"
"AACATCCAGCGCTATA","DKO2",9201,3000,5.78198021954135,"0","1","1","Projection Neurons","Neuron"
"AACATCCGTTACGGGG","DKO2",11909,3334,5.25652867579142,"0","1","1","Projection Neurons","Neuron"
"AACATCCTAGAACGCT","DKO2",4142,1940,5.60115886045389,"2","2","2","Non-Projection Neuron Cells","aIP"
"AACATCGGATGTTACA","DKO2",12450,3161,4.66666666666667,"3","3","3","Non-Projection Neuron Cells","RGP"
"AACATCGGCTGCTAAG","DKO2",10055,3213,6.0765788165092,"4","4","4","Non-Projection Neuron Cells","Oligo"
"AACATCGTTCGTACAA","DKO2",4533,1841,12.1332450915508,"3","3","3","Non-Projection Neuron Cells","RGP"
"AACATCTCCCCTGGAT","DKO2",8738,2636,5.39024948500801,"4","4","4","Non-Projection Neuron Cells","Oligo"
"AACATCTTGTACTCGG","DKO2",9296,2972,5.79819277108434,"0","1","1","Projection Neurons","Neuron"
"AACATGACGGCGGCTA","DKO2",7900,2720,5.48101265822785,"0","1","1","Projection Neurons","Neuron"
"AACATGCGTTTACGAG","DKO2",9192,3531,3.55744125326371,"6","2","2","Non-Projection Neuron Cells","aIP"
"AACATGCTACGTTGTT","DKO2",7443,2596,4.95767835550181,"5","5","5","Non-Projection Neuron Cells","OBNB"
"AACATGCTGAACTCCC","DKO2",12011,3566,3.56340021646824,"2","2","2","Non-Projection Neuron Cells","aIP"
"AACATGGATGCATTTG","DKO2",16414,3986,4.38040696966005,"0","6","6","Projection Neurons","Neuron"
"AACATTAAGTACCTGT","DKO2",9380,2905,5.45842217484009,"0","1","1","Projection Neurons","Neuron"
"AACATTAATATTCTCC","DKO2",15728,3562,6.35808748728383,"1","0","0","Projection Neurons","Neuron"
"AACATTCAACTTTAAG","DKO2",3652,1524,9.44687842278204,"5","5","5","Non-Projection Neuron Cells","OBNB"
"AACATTCATGTGCGTC","DKO2",8035,3457,1.77971375233354,"6","2","2","Non-Projection Neuron Cells","aIP"
"AACATTCCCCGATAAC","DKO2",16299,3813,4.84692312411804,"3","3","3","Non-Projection Neuron Cells","RGP"
"AACATTCGCGGAACAT","DKO2",3998,1568,6.4032016008004,"1","0","0","Projection Neurons","Neuron"
"AACATTCTCTGCCGGC","DKO2",6081,2088,6.80809077454366,"0","1","1","Projection Neurons","Neuron"
"AACATTGACATGAGTT","DKO2",10743,2738,8.85227590058643,"1","0","0","Projection Neurons","Neuron"
"AACATTGCCTGCCGTT","DKO2",5277,2151,6.06405154443813,"0","1","1","Projection Neurons","Neuron"
"AACATTGGCAGGTTCA","DKO2",22216,4492,5.23496579042132,"1","0","0","Projection Neurons","Neuron"
"AACATTGTCTGTAATT","DKO2",4477,1843,4.66830466830467,"5","5","5","Non-Projection Neuron Cells","OBNB"
"AACATTGTGAATGGGT","DKO2",16091,3820,3.355913243428,"3","3","3","Non-Projection Neuron Cells","RGP"
"AACATTTAACGTGACG","DKO2",9725,2666,6.29305912596401,"0","1","1","Projection Neurons","Neuron"
"AACATTTGAGATGTGA","DKO2",13776,3562,5.90882694541231,"0","0","0","Projection Neurons","Neuron"
"AACCAAATGAGGAGAG","DKO2",13590,3458,4.20161883738043,"3","3","3","Non-Projection Neuron Cells","RGP"
"AACCAAATGATGTCTG","DKO2",5481,1943,6.58638934501004,"0","1","1","Projection Neurons","Neuron"
"AACCAAATGATTCTTT","DKO2",11587,3812,4.35833261413653,"0","0","0","Projection Neurons","Neuron"
"AACCAACATCGTCTCA","DKO2",10954,2719,6.61858681760088,"3","3","3","Non-Projection Neuron Cells","RGP"
"AACCAACCGATCTGTG","DKO2",8938,2654,6.44439471917655,"0","1","1","Projection Neurons","Neuron"
"AACCAAGAACAAGCAC","DKO2",10878,3489,2.28902371759515,"2","2","2","Non-Projection Neuron Cells","aIP"
"AACCAAGCGAGTTTCC","DKO2",4768,1972,6.62751677852349,"0","1","1","Projection Neurons","Neuron"
"AACCAAGGCCAACCTA","DKO2",4455,1924,2.19977553310887,"2","2","2","Non-Projection Neuron Cells","aIP"
"AACCAATTCCGTAGGC","DKO2",8152,2687,5.05397448478901,"0","0","0","Projection Neurons","Neuron"
"AAAAAAAAGCTGTGTC","WT2",7458,2955,3.67390721373022,"0","0","0","Projection Neurons","Neuron"
"AAAAAAACGCGCCCCC","WT2",5455,2247,3.07974335472044,"0","6","6","Projection Neurons","Neuron"
"AAAAAACCTAGCAGTT","WT2",4260,1764,5.89201877934272,"0","1","1","Projection Neurons","Neuron"
"AAAAAACGCCAATCTT","WT2",3276,1601,13.7973137973138,"0","1","1","Projection Neurons","Neuron"
"AAAAAACGGTACGCTC","WT2",1822,945,3.84193194291987,"1","0","0","Projection Neurons","Neuron"
"AAAAAAGAAAAACCCT","WT2",5056,1934,7.06091772151899,"1","0","0","Projection Neurons","Neuron"
"AAAAAAGAAAACGGCC","WT2",11162,3113,6.047303350654,"1","0","0","Projection Neurons","Neuron"
"AAAAAAGCTATTGTGT","WT2",3519,1519,5.17192384200057,"0","1","1","Projection Neurons","Neuron"
"AAAAAAGTGTGCGACA","WT2",7454,2530,5.63455862624094,"1","0","0","Projection Neurons","Neuron"
"AAAAAATACGTTCATC","WT2",7887,2578,6.17471789019906,"0","1","1","Projection Neurons","Neuron"
"AAAAAATATGCATTGA","WT2",4668,2082,4.04884318766067,"0","1","1","Projection Neurons","Neuron"
"AAAAAATGGACAGCCC","WT2",6932,2868,0.577034045008656,"2","2","2","Non-Projection Neuron Cells","aIP"
"AAAAAATGGACCCGCG","WT2",15179,3676,6.32452730746426,"1","0","0","Projection Neurons","Neuron"
"AAAAAATGTATAGCTC","WT2",22197,4370,4.76640987520836,"1","0","0","Projection Neurons","Neuron"
"AAAAACAAAGACATAA","WT2",7636,2820,0.890518596123625,"3","3","3","Non-Projection Neuron Cells","RGP"
"AAAAACACGCTTTACT","WT2",17100,3773,7.01754385964912,"1","0","0","Projection Neurons","Neuron"
"AAAAACACTGCACGCG","WT2",3409,1340,3.31475506013494,"1","0","0","Projection Neurons","Neuron"
"AAAAACAGGCCGACAG","WT2",8801,3779,3.98818316100443,"6","2","2","Non-Projection Neuron Cells","aIP"
"AAAAACCCTTTCGCTT","WT2",10084,3091,5.79135263784213,"1","0","0","Projection Neurons","Neuron"
"AAAAACCGCCTGAACT","WT2",6247,2375,3.64975188090283,"0","1","1","Projection Neurons","Neuron"
"AAAAACCGGGGACGAT","WT2",7250,2371,5.15862068965517,"0","1","1","Projection Neurons","Neuron"
"AAAAACCGTGTGGGCT","WT2",5425,2461,1.43778801843318,"0","6","6","Projection Neurons","Neuron"
"AAAAACCTGATGATAT","WT2",10226,3370,4.96772931742617,"1","0","0","Projection Neurons","Neuron"
"AAAAACCTGTAGTTCG","WT2",6793,2443,5.10819961725305,"0","0","0","Projection Neurons","Neuron"
"AAAAACGCTAGCTGGC","WT2",12552,3326,3.9993626513703,"1","0","0","Projection Neurons","Neuron"
"AAAAACGTCACGAGAG","WT2",4984,1736,10.3731942215088,"1","0","0","Projection Neurons","Neuron"
"AAAAACTAACAGTACT","WT2",17219,3976,3.72263197630524,"3","3","3","Non-Projection Neuron Cells","RGP"
"AAAAACTAGTACTGAT","WT2",3839,1586,4.66267257098203,"0","1","1","Projection Neurons","Neuron"
"AAAAACTCCGTGTTAG","WT2",1621,975,10.919185687847,"1","0","0","Projection Neurons","Neuron"
"AAAAAGAAACGGGACT","WT2",6254,2245,4.84489926447074,"1","0","0","Projection Neurons","Neuron"
"AAAAAGACAATCGGAT","WT2",7648,2200,5.88389121338912,"4","4","4","Non-Projection Neuron Cells","Oligo"
"AAAAAGAGACACCGCA","WT2",17859,4253,3.67881740299009,"1","0","0","Projection Neurons","Neuron"
"AAAAAGAGACTCGTCT","WT2",9770,2835,6.24360286591607,"1","0","0","Projection Neurons","Neuron"
"AAAAAGAGGATTACCG","WT2",2511,1165,10.4340900039825,"0","1","1","Projection Neurons","Neuron"
"AAAAAGAGTAGAAACG","WT2",14992,3773,5.68303094983991,"1","0","0","Projection Neurons","Neuron"
"AAAAAGATAAGGCCGC","WT2",2567,1577,0.973899493572263,"0","0","0","Projection Neurons","Neuron"
"AAAAAGATGGACTAGT","WT2",7743,2853,3.97778638770502,"0","1","1","Projection Neurons","Neuron"
"AAAAAGATTCTCCCTC","WT2",7878,2915,4.1000253871541,"0","1","1","Projection Neurons","Neuron"
"AAAAAGCACAGACTCC","WT2",11625,3384,4.0258064516129,"4","4","4","Non-Projection Neuron Cells","Oligo"
"AAAAAGCCGAGAACCC","WT2",5694,1875,6.1292588689849,"1","0","0","Projection Neurons","Neuron"
"AAAAAGCGCGCGCCAG","WT2",3440,1640,5.78488372093023,"2","2","2","Non-Projection Neuron Cells","aIP"
"AAAAAGGCACGACGGA","WT2",13288,3571,3.78537025888019,"0","6","6","Projection Neurons","Neuron"
"AAAAAGGCTTAGTCTA","WT2",9090,3102,3.66336633663366,"4","4","4","Non-Projection Neuron Cells","Oligo"
"AAAAAGGTTACAGTTT","WT2",5461,1941,4.98077275224318,"5","5","5","Non-Projection Neuron Cells","OBNB"
"AAAAAGTGCGAAAAGC","WT2",2635,1316,1.78368121442125,"0","1","1","Projection Neurons","Neuron"
"AAAAAGTGGAGGGAGC","WT2",7358,2842,2.4870888828486,"2","2","2","Non-Projection Neuron Cells","aIP"
"AAAAAGTGGTCTCCGG","WT2",12579,3034,6.5426504491613,"1","0","0","Projection Neurons","Neuron"
"AAAAAGTTGCTTAGCA","WT2",22000,5321,3.74545454545455,"3","3","3","Non-Projection Neuron Cells","RGP"
"AAAAATACCCCACGAG","WT2",3813,1782,4.8518227117755,"2","2","2","Non-Projection Neuron Cells","aIP"
"AAAAATACTAACTTGT","WT2",5425,1977,9.41935483870968,"0","6","6","Projection Neurons","Neuron"
"AAAAATACTTTCAGGG","WT2",5650,2294,3.76991150442478,"2","2","2","Non-Projection Neuron Cells","aIP"
"AAAAATATTTGCAGCA","WT2",1565,972,3.13099041533546,"2","2","2","Non-Projection Neuron Cells","aIP"
"AAAAATCACATAAATA","WT2",4449,1681,7.55225893459204,"0","1","1","Projection Neurons","Neuron"
"AAAAATCATTTAGGGG","WT2",2701,1218,2.48056275453536,"1","0","0","Projection Neurons","Neuron"
"AAAAATCCTCACCAAA","WT2",7277,2542,2.45980486464202,"2","2","2","Non-Projection Neuron Cells","aIP"
"AAAAATCGACTGTAGG","WT2",9113,2598,9.09689454625261,"1","0","0","Projection Neurons","Neuron"
"AAAAATCGGAAGGCTG","WT2",14003,3566,4.44190530600586,"0","6","6","Projection Neurons","Neuron"
"AAAAATCGGCCTATAG","WT2",14682,3910,1.63465467919902,"3","3","3","Non-Projection Neuron Cells","RGP"
"AAAAATCGGGTATGCA","WT2",9119,2751,5.132141682202,"0","6","6","Projection Neurons","Neuron"
"AAAAATCGGTTATCCG","WT2",6666,2409,4.8004800480048,"0","6","6","Projection Neurons","Neuron"
"AAAAATGAATCGAGTG","WT2",8486,3066,4.83148715531464,"0","6","6","Projection Neurons","Neuron"
"AAAAATGCTTGACCCT","WT2",2145,1360,3.26340326340326,"0","6","6","Projection Neurons","Neuron"
"AAAAATGTATTTAGAT","WT2",8099,2548,6.1859488825781,"0","6","6","Projection Neurons","Neuron"
"AAAAATGTGTAAAAAT","WT2",5163,2216,3.31202789076119,"2","2","2","Non-Projection Neuron Cells","aIP"
"AAAAATTACCCTAGAT","WT2",3741,1497,11.0665597433841,"1","0","0","Projection Neurons","Neuron"
"AAAAATTGTAGGTCTA","WT2",11129,3775,1.50058405966394,"2","2","2","Non-Projection Neuron Cells","aIP"
"AAAACAACATAGCGGC","WT2",6154,1962,6.98732531686708,"1","0","0","Projection Neurons","Neuron"
"AAAACAACGAGTGTTC","WT2",7581,3335,3.81216198390714,"6","2","2","Non-Projection Neuron Cells","aIP"
"AAAACAACTAATGTCT","WT2",6258,2409,4.47427293064877,"0","0","0","Projection Neurons","Neuron"
"AAAACAAGTCGAATAC","WT2",6524,2187,5.41079092581239,"0","1","1","Projection Neurons","Neuron"
"AAAACACTTCACACCT","WT2",14290,3713,4.14975507347796,"1","0","0","Projection Neurons","Neuron"
"AAAACAGCCCAAACTA","WT2",5659,2220,5.69005124580315,"0","1","1","Projection Neurons","Neuron"
"AAAACAGCGCAGGCTA","WT2",8019,2746,6.4222471629879,"1","0","0","Projection Neurons","Neuron"
"AAAACAGCGTGTGGTT","WT2",8642,2738,6.56098125433927,"1","0","0","Projection Neurons","Neuron"
"AAAACAGGATCTCCTT","WT2",2243,1413,2.54123941150245,"0","1","1","Projection Neurons","Neuron"
"AAAACATACGTCCTCT","WT2",4880,1928,3.75,"2","2","2","Non-Projection Neuron Cells","aIP"
"AAAACATCACGGGTAG","WT2",11684,2901,3.89421431016775,"1","0","0","Projection Neurons","Neuron"
"AAAACATCGTGTAATG","WT2",4910,2088,4.60285132382892,"0","1","1","Projection Neurons","Neuron"
"AAAACATGTCCTACCA","WT2",9026,2511,4.63106580988256,"1","0","0","Projection Neurons","Neuron"
"AAAACATTTACCATGT","WT2",9651,2631,7.98880944979795,"1","0","0","Projection Neurons","Neuron"
"AAAACCACGGATGTGC","WT2",6450,1977,7.2093023255814,"1","0","0","Projection Neurons","Neuron"
"AAAACCACTATGACGG","WT2",11317,3259,4.91296279932844,"0","0","0","Projection Neurons","Neuron"
"AAAACCAGTTGGTTTG","WT2",17741,4324,5.07299475790542,"1","0","0","Projection Neurons","Neuron"
"AAAACCATCGGAAATT","WT2",2417,1057,6.99213901530823,"5","5","5","Non-Projection Neuron Cells","OBNB"
"AAAACCATCGGCCGAG","WT2",3516,1524,7.42320819112628,"0","1","1","Projection Neurons","Neuron"
"AAAACCATTTGAAAGT","WT2",7301,2355,5.68415285577318,"1","0","0","Projection Neurons","Neuron"
"AAAACCCACCGGCCTC","WT2",6769,2414,4.40242280986852,"1","0","0","Projection Neurons","Neuron"
"AAAACCCATCTTTGTG","WT2",4225,1499,11.3846153846154,"1","0","0","Projection Neurons","Neuron"
"AAAACCCCCACACTCA","WT2",4471,1699,7.33616640572579,"0","1","1","Projection Neurons","Neuron"
"AAAACCCGTTCATATC","WT2",3991,1413,4.53520420947131,"5","5","5","Non-Projection Neuron Cells","OBNB"
"AAAACCGAGTTATCGA","WT2",7494,2550,3.94982652788898,"0","1","1","Projection Neurons","Neuron"
"AAAACCGCAAGCGGGT","WT2",1678,889,5.30393325387366,"1","0","0","Projection Neurons","Neuron"
"AAAACCGCCTGCACTA","WT2",5570,2021,5.08078994614004,"1","0","0","Projection Neurons","Neuron"
"AAAACCTACACGTATC","WT2",3286,1499,7.69933049300061,"0","1","1","Projection Neurons","Neuron"
"AAAACCTGTATGCAAA","WT2",5833,2371,5.94891136636379,"0","0","0","Projection Neurons","Neuron"
"AAAACCTGTGGGAGAG","WT2",9709,2913,2.95602018745494,"1","0","0","Projection Neurons","Neuron"
"AAAACGAACGCCTGAT","WT2",7345,2701,3.44452008168822,"3","3","3","Non-Projection Neuron Cells","RGP"
"AAAACGAAGCTAACTC","WT2",2856,1269,13.4803921568627,"0","0","0","Projection Neurons","Neuron"
"AAAACGACAAACGGTT","WT2",4687,1807,2.21890334969063,"1","0","0","Projection Neurons","Neuron"
"AAAACGACTTAGATAC","WT2",4433,1678,6.0230092488157,"1","0","0","Projection Neurons","Neuron"
"AAAACGCACTTTCCCT","WT2",7089,2554,4.55635491606715,"1","1","1","Projection Neurons","Neuron"
"AAAACGCGAACAGCAT","WT2",16130,3965,4.26534407935524,"1","0","0","Projection Neurons","Neuron"
"AAAACGCTGGGAAGGG","WT2",4276,1658,5.14499532273152,"0","1","1","Projection Neurons","Neuron"
"AAAACGCTTTGGCTCA","WT2",2396,946,6.59432387312187,"0","1","1","Projection Neurons","Neuron"
"AAAACGGACAGGGCGC","WT2",7838,2646,4.31232457259505,"0","1","1","Projection Neurons","Neuron"
"AAAACGGCTGCTAAGC","WT2",2869,1343,8.64412687347508,"0","1","1","Projection Neurons","Neuron"
"AAAACGGGGCCACCTC","WT2",3041,1172,4.43932916803683,"1","0","0","Projection Neurons","Neuron"
"AAAACGGTCGTAACAC","WT2",7951,2615,5.44585586718652,"1","0","0","Projection Neurons","Neuron"
"AAAACGGTGGATATTT","WT2",6806,2276,7.27299441669115,"1","0","0","Projection Neurons","Neuron"
"AAAACGGTGTCCAATC","WT2",8502,3056,4.30486944248412,"2","2","2","Non-Projection Neuron Cells","aIP"
"AAAACGTCGGGGCCCT","WT2",3079,1214,5.16401429035401,"5","5","5","Non-Projection Neuron Cells","OBNB"
"AAAACGTTGTACCGAT","WT2",3451,1455,9.79426253259925,"4","4","4","Non-Projection Neuron Cells","Oligo"
"AAAACTACGGCCGTTA","WT2",6483,2315,7.80502853617153,"1","0","0","Projection Neurons","Neuron"
"AAAACTACTCTGCCCC","WT2",4891,1785,6.39950930280106,"1","0","0","Projection Neurons","Neuron"
"AAAACTAGAAATAGTG","WT2",3648,1541,8.71710526315789,"0","1","1","Projection Neurons","Neuron"
"AAAACTAGGTCTTAAA","WT2",1692,887,1.95035460992908,"4","4","4","Non-Projection Neuron Cells","Oligo"
"AAAACTATATGCACGT","WT2",7190,2499,4.95132127955494,"0","0","0","Projection Neurons","Neuron"
"AAAACTATCGCGCAAT","WT2",7077,2741,5.18581319768263,"0","1","1","Projection Neurons","Neuron"
"AAAACTCACTTTCCCC","WT2",9949,3168,2.82440446276008,"2","2","2","Non-Projection Neuron Cells","aIP"
"AAAACTCCCCGGATCA","WT2",3162,1459,1.32827324478178,"0","1","1","Projection Neurons","Neuron"
"AAAACTCTTACGCGCC","WT2",25070,5211,4.20023932987635,"1","0","0","Projection Neurons","Neuron"
"AAAACTGCCCGTGGTA","WT2",17688,5520,6.44504748982361,"2","2","2","Non-Projection Neuron Cells","aIP"
"AAAACTGGGGCTAATA","WT2",6756,2477,6.97158081705151,"0","1","1","Projection Neurons","Neuron"
"AAAACTTATGCGCGCA","WT2",8678,2750,4.8628716294077,"0","6","6","Projection Neurons","Neuron"
"AAAACTTCTAGTCACT","WT2",20632,4507,2.76754556029469,"3","3","3","Non-Projection Neuron Cells","RGP"
"AAAACTTGGGGCACGA","WT2",1983,1027,0.353000504286435,"1","0","0","Projection Neurons","Neuron"
"AAAACTTTAGCGGTAA","WT2",10534,3358,3.67381811277767,"1","0","0","Projection Neurons","Neuron"
"AAAAGAAAGTTACTGG","WT2",17550,4168,4.82621082621083,"3","3","3","Non-Projection Neuron Cells","RGP"
"AAAAGAAGAATAGGCT","WT2",11554,3342,2.75229357798165,"1","0","0","Projection Neurons","Neuron"
"AAAAGAAGTCCCGTAA","WT2",5627,2187,5.90012440021326,"0","1","1","Projection Neurons","Neuron"
"AAAAGAATCACAGTAT","WT2",8895,2935,3.9460370994941,"0","1","1","Projection Neurons","Neuron"
"AAAAGAATCACGGAGT","WT2",7428,2363,4.85998922994076,"1","0","0","Projection Neurons","Neuron"
"AAAAGAATCGTACAGC","WT2",5232,2112,8.8111620795107,"1","0","0","Projection Neurons","Neuron"
"AAAAGACAATAGGAGC","WT2",2700,1124,10.7777777777778,"0","1","1","Projection Neurons","Neuron"
"AAAAGACACCAGGTTG","WT2",12664,3549,4.84838913455464,"1","0","0","Projection Neurons","Neuron"
"AAAAGACGCACGGGGT","WT2",11250,3445,6.12444444444444,"1","0","0","Projection Neurons","Neuron"
"AAAAGAGATGGCCAGG","WT2",3890,1685,7.09511568123393,"0","1","1","Projection Neurons","Neuron"
"AAAAGATCAGATAACA","WT2",10118,3185,6.04862621071358,"0","6","6","Projection Neurons","Neuron"
"AAAAGCACCAGGATTA","WT2",5150,2084,3.49514563106796,"2","2","2","Non-Projection Neuron Cells","aIP"
"AAAAGCAGGGGGACTA","WT2",4194,1808,6.50929899856938,"0","1","1","Projection Neurons","Neuron"
"AAAAGCCAGGCAGTTC","WT2",14147,3612,4.735986428218,"1","0","0","Projection Neurons","Neuron"
"AAAAGCCATAAAACGT","WT2",6364,2283,6.69390320553111,"1","0","0","Projection Neurons","Neuron"
"AAAAGCCATCGACTTT","WT2",3067,1303,8.64036517769808,"0","1","1","Projection Neurons","Neuron"
"AAAAGCCGCAAGAACG","WT2",14010,3629,3.97573162027123,"1","0","0","Projection Neurons","Neuron"
"AAAAGCCGCCCCGACA","WT2",8517,2678,8.6650228953857,"1","0","0","Projection Neurons","Neuron"
"AAAAGCCGTTCACCAC","WT2",9011,3444,4.36133614471202,"2","3","3","Non-Projection Neuron Cells","RGP"
"AAAAGCCTCTGACGAC","WT2",4610,1896,7.2234273318872,"1","1","1","Projection Neurons","Neuron"
"AAAAGCCTGTACAGAC","WT2",16296,4097,4.78031418753068,"3","3","3","Non-Projection Neuron Cells","RGP"
"AAAAGCCTTCACACGC","WT2",2360,1265,3.8135593220339,"4","4","4","Non-Projection Neuron Cells","Oligo"
"AAAAGCGCAGCCCTTC","WT2",6624,2433,3.86473429951691,"1","0","0","Projection Neurons","Neuron"
"AAAAGCGGGAATCAAT","WT2",5028,2178,2.30708035003978,"1","0","0","Projection Neurons","Neuron"
"AAAAGCGTATCACAGG","WT2",2605,1337,8.82917466410749,"1","0","0","Projection Neurons","Neuron"
"AAAAGCTACAGAAGGG","WT2",5664,2442,2.94844632768362,"2","2","2","Non-Projection Neuron Cells","aIP"
"AAAAGCTCAGGGCCGT","WT2",7376,2685,5.0704989154013,"2","2","2","Non-Projection Neuron Cells","aIP"
"AAAAGCTTGCGGGCAA","WT2",7972,2665,1.7686904164576,"3","3","3","Non-Projection Neuron Cells","RGP"
"AAAAGGACCGCTCAGG","WT2",8060,2896,3.87096774193548,"3","3","3","Non-Projection Neuron Cells","RGP"
"AAAAGGCTGGCACGCA","WT2",5835,2217,5.84404455869752,"1","0","0","Projection Neurons","Neuron"
"AAAAGGGAAGCATACA","WT2",13417,3696,2.23596929268838,"3","3","3","Non-Projection Neuron Cells","RGP"
"AAAAGGGATTGTACCA","WT2",15597,3671,4.54574597679041,"1","0","0","Projection Neurons","Neuron"
"AAAAGGGGAGATTTAC","WT2",2891,1374,7.92113455551712,"1","0","0","Projection Neurons","Neuron"
"AAAAGGGGCCAGCGAC","WT2",4613,2144,4.27053977888576,"2","2","2","Non-Projection Neuron Cells","aIP"
"AAAAGGTAGATCCTTC","WT2",10477,3094,5.05870000954472,"1","0","0","Projection Neurons","Neuron"
"AAAAGGTTTAGTCTAC","WT2",14248,4249,2.91268950028074,"2","2","2","Non-Projection Neuron Cells","aIP"
"AAAAGTACCGCTAAAT","WT2",3535,1500,7.21357850070721,"1","0","0","Projection Neurons","Neuron"
"AAAAGTAGATGGGCTG","WT2",2318,1381,11.6479723899914,"1","0","0","Projection Neurons","Neuron"
"AAAAGTCACTGGTTAG","WT2",9472,2639,5.47930743243243,"3","3","3","Non-Projection Neuron Cells","RGP"
"AAAAGTCAGATCGACT","WT2",11999,3401,4.19201600133344,"1","0","0","Projection Neurons","Neuron"
"AAAAGTCCGACTTTCG","WT2",1838,912,6.14798694232862,"0","1","1","Projection Neurons","Neuron"
"AAAAGTCGAATAGCTA","WT2",6900,2522,7.08695652173913,"1","0","0","Projection Neurons","Neuron"
"AAAAGTCGTAGGCTAT","WT2",11458,3351,6.48455227788445,"1","0","0","Projection Neurons","Neuron"
"AAAAGTCTAGGGCATT","WT2",15974,4206,4.01277075247277,"1","0","0","Projection Neurons","Neuron"
"AAAAGTCTTCCCAAAG","WT2",11970,3031,6.29072681704261,"1","0","0","Projection Neurons","Neuron"
"AAAAGTGACCCGAACA","WT2",4403,1970,5.49625255507608,"1","0","0","Projection Neurons","Neuron"
"AAAAGTGAGCGCCTCC","WT2",3717,1730,5.21926284638149,"2","2","2","Non-Projection Neuron Cells","aIP"
"AAAAGTGCATGACAAT","WT2",6093,2402,5.1698670605613,"0","1","1","Projection Neurons","Neuron"
"AAAAGTGTACCGGTAT","WT2",10659,3455,4.95356037151703,"1","0","0","Projection Neurons","Neuron"
"AAAAGTGTTCGCGAAC","WT2",9508,3103,4.46992006731174,"0","0","0","Projection Neurons","Neuron"
"AAAAGTTAATAGATAA","WT2",4232,1490,6.12003780718337,"1","0","0","Projection Neurons","Neuron"
"AAAAGTTCTCCAACTA","WT2",14113,3470,5.63310423014242,"1","0","0","Projection Neurons","Neuron"
"AAAAGTTTCCGCTCCG","WT2",7304,2629,4.02519167579409,"0","1","1","Projection Neurons","Neuron"
"AAAATAAGACCAAAGC","WT2",9189,2980,3.43889433017739,"1","0","0","Projection Neurons","Neuron"
"AAAATACCAAGTAGCG","WT2",14715,3780,4.39687393815834,"1","0","0","Projection Neurons","Neuron"
"AAAATACCCATACCCC","WT2",5314,2100,6.34173880316146,"0","1","1","Projection Neurons","Neuron"
"AAAATACGAACCCGGG","WT2",5226,1949,8.74473784921546,"1","0","0","Projection Neurons","Neuron"
"AAAATAGAATTGGCCC","WT2",9266,2992,4.4679473343406,"4","4","4","Non-Projection Neuron Cells","Oligo"
"AAAATAGAGAGCCGTG","WT2",2854,1176,8.82971268395235,"0","1","1","Projection Neurons","Neuron"
"AAAATAGGCAAGCCTG","WT2",2097,1086,4.05340963280877,"0","0","0","Projection Neurons","Neuron"
"AAAATAGTCCAAATCG","WT2",10005,2743,6.59670164917541,"1","0","0","Projection Neurons","Neuron"
"AAAATATCCCGCGACC","WT2",6499,2330,7.00107708878289,"1","0","0","Projection Neurons","Neuron"
"AAAATATCTATGCGGG","WT2",7571,2487,5.83806630563994,"2","2","2","Non-Projection Neuron Cells","aIP"
"AAAATATGACAACAGG","WT2",19208,4211,4.34194085797584,"0","6","6","Projection Neurons","Neuron"
"AAAATCACGAGCGAAT","WT2",6821,2339,6.27473977422665,"2","3","3","Non-Projection Neuron Cells","RGP"
"AAAATCACTAAGCGCC","WT2",6280,2470,6.79936305732484,"0","6","6","Projection Neurons","Neuron"
"AAAATCAGCCCGACGT","WT2",6761,2235,6.49312231918355,"1","0","0","Projection Neurons","Neuron"
"AAAATCAGGCGGTCTG","WT2",8367,2793,3.45404565555157,"1","0","0","Projection Neurons","Neuron"
"AAAATCCCCAGTTCCA","WT2",6080,2056,5.59210526315789,"1","0","0","Projection Neurons","Neuron"
"AAAATCCGTGCCCAGC","WT2",2965,1293,9.81450252951096,"4","4","4","Non-Projection Neuron Cells","Oligo"
"AAAATCCGTTGCACAT","WT2",6264,2803,2.93742017879949,"2","2","2","Non-Projection Neuron Cells","aIP"
"AAAATCCTGAAAGCAG","WT2",10230,2860,4.10557184750733,"1","0","0","Projection Neurons","Neuron"
"AAAATCGATATCCGCT","WT2",14423,4576,3.22401719475837,"0","0","0","Projection Neurons","Neuron"
"AAAATCGGTGCCCATG","WT2",3668,1628,3.59869138495093,"2","2","2","Non-Projection Neuron Cells","aIP"
"AAAATCGTATGGAGCA","WT2",1604,1031,10.0997506234414,"1","0","0","Projection Neurons","Neuron"
"AAAATCTGAAAGTATA","WT2",10224,2917,5.92723004694836,"1","0","0","Projection Neurons","Neuron"
"AAAATCTTAAATCGGA","WT2",10398,2823,4.86632044623966,"1","0","0","Projection Neurons","Neuron"
"AAAATGAACGCGCCCA","WT2",15680,4224,4.57270408163265,"1","0","0","Projection Neurons","Neuron"
"AAAATGACCTTAAGGT","WT2",4276,1828,3.11038353601497,"0","1","1","Projection Neurons","Neuron"
"AAAATGACTAGATACT","WT2",6042,2377,5.66037735849057,"0","0","0","Projection Neurons","Neuron"
"AAAATGAGGTATTGCC","WT2",6413,2189,10.7282083268361,"1","0","0","Projection Neurons","Neuron"
"AAAATGAGTGTTAAAG","WT2",4836,1811,6.61703887510339,"1","0","0","Projection Neurons","Neuron"
"AAAATGCGTGGTAGGG","WT2",7059,2292,5.51069556594418,"0","1","1","Projection Neurons","Neuron"
"AAAATGCTGAGTGTGC","WT2",12883,3346,4.83583016378173,"4","4","4","Non-Projection Neuron Cells","Oligo"
"AAAATGGATTACAAAC","WT2",5713,2211,6.70400840189042,"0","0","0","Projection Neurons","Neuron"
"AAAATGGCCGGATGCT","WT2",8458,2672,5.91156301726176,"1","0","0","Projection Neurons","Neuron"
"AAAATGGGCACCGGCA","WT2",5001,1843,9.6380723855229,"0","1","1","Projection Neurons","Neuron"
"AAAATGGTAAAGTTTC","WT2",5283,2110,5.1485898163922,"0","1","1","Projection Neurons","Neuron"
"AAAATGGTGACGTAGT","WT2",10257,2708,4.23125670273959,"1","0","0","Projection Neurons","Neuron"
"AAAATTAGCTAAGGGT","WT2",7178,2384,5.36361103371413,"1","0","0","Projection Neurons","Neuron"
"AAAATTAGTTGAAAGA","WT2",11681,3366,5.02525468709871,"1","0","0","Projection Neurons","Neuron"
"AAAATTATATGTCTAT","WT2",7584,2648,5.03691983122363,"3","3","3","Non-Projection Neuron Cells","RGP"
"AAAATTATGTCCAATG","WT2",11254,3420,4.78940821041407,"0","0","0","Projection Neurons","Neuron"
"AAAATTCAACGCACAC","WT2",7752,2827,4.01186790505676,"1","0","0","Projection Neurons","Neuron"
"AAAATTCCCGTATCCT","WT2",8872,2791,3.77592425608656,"1","0","0","Projection Neurons","Neuron"
"AAAATTCGTATCTATC","WT2",10844,3494,3.49502028771671,"1","0","0","Projection Neurons","Neuron"
"AAAATTCTCCGTGCGG","WT2",5617,2151,4.25494035962257,"0","1","1","Projection Neurons","Neuron"
"AAAATTGAGATTAACG","WT2",4942,1766,8.78186968838527,"1","0","0","Projection Neurons","Neuron"
"AAAATTGATGGACCCC","WT2",5681,1697,7.76271783136772,"4","4","4","Non-Projection Neuron Cells","Oligo"
"AAAATTGCGGCGCGAG","WT2",8005,2664,3.82261086820737,"2","2","2","Non-Projection Neuron Cells","aIP"
"AAAATTGTAAACCCGC","WT2",4227,1966,2.31842914596641,"0","0","0","Projection Neurons","Neuron"
"AAAATTTAAGGCTCTT","WT2",5768,2380,5.18377253814147,"2","2","2","Non-Projection Neuron Cells","aIP"
"AAAATTTCAATCAATA","WT2",5373,2158,5.06234878094175,"0","0","0","Projection Neurons","Neuron"
"AAAATTTCGTTGCATC","WT2",6109,2410,4.61614012113276,"0","1","1","Projection Neurons","Neuron"
"AAAATTTTATGGGAAC","WT2",4109,1705,8.61523485032855,"0","0","0","Projection Neurons","Neuron"
"AAACAAAACAACGCCT","WT2",4774,2039,5.3414327607876,"0","1","1","Projection Neurons","Neuron"
"AAACAAACAATCTGCA","WT2",9882,3125,3.87573365715442,"0","0","0","Projection Neurons","Neuron"
"AAACAACAAAGTCAAG","WT2",9967,2911,4.47476673020969,"1","0","0","Projection Neurons","Neuron"
"AAACAACCGATCGACG","WT2",3423,1649,7.2451066316097,"0","1","1","Projection Neurons","Neuron"
"AAACAACCGGTATGGA","WT2",1745,1083,12.7793696275072,"1","0","0","Projection Neurons","Neuron"
"AAACAAGATCAGGAGC","WT2",3899,1592,8.64324185688638,"0","1","1","Projection Neurons","Neuron"
"AAACAAGCAGGTAAAC","WT2",20340,4661,4.47885939036381,"1","0","0","Projection Neurons","Neuron"
"AAACAAGCCCGGTAGA","WT2",3568,1422,14.4338565022422,"1","0","0","Projection Neurons","Neuron"
"AAACAAGTAAAAGACG","WT2",4651,1738,6.2137174801118,"0","1","1","Projection Neurons","Neuron"
"AAACAAGTACGACGAT","WT2",1801,901,9.38367573570239,"0","1","1","Projection Neurons","Neuron"
"AAACAAGTATACACAT","WT2",9698,2582,8.95029903072798,"1","0","0","Projection Neurons","Neuron"
"AAACAATAGTACTAGA","WT2",4307,1954,3.94706292082656,"2","2","2","Non-Projection Neuron Cells","aIP"
"AAACAATGAGTGCTCC","WT2",5764,1894,9.33379597501735,"1","0","0","Projection Neurons","Neuron"
"AAACAATTCTACGCGA","WT2",9526,2553,4.55595213100987,"1","0","0","Projection Neurons","Neuron"
"AAACACAACGCTCAAC","WT2",7157,2277,5.78454659773648,"1","0","0","Projection Neurons","Neuron"
"AAACACAAGCACAACA","WT2",8108,2674,2.72570300937346,"4","4","4","Non-Projection Neuron Cells","Oligo"
"AAACACAATGTATAGC","WT2",11437,3087,3.49742065226895,"0","6","6","Projection Neurons","Neuron"
"AAACACACAAACTATC","WT2",5799,2502,4.673219520607,"0","1","1","Projection Neurons","Neuron"
"AAACACAGCGGCCAAC","WT2",8623,2865,4.07050910356025,"1","0","0","Projection Neurons","Neuron"
"AAACACATATCACAAG","WT2",7792,2859,2.90041067761807,"2","2","2","Non-Projection Neuron Cells","aIP"
"AAACACATGCTAGGCA","WT2",8523,2531,3.59028511087645,"1","0","0","Projection Neurons","Neuron"
"AAACACCATCCTAGAA","WT2",11934,3561,5.9242500418971,"1","0","0","Projection Neurons","Neuron"
"AAACACCCACTAATTT","WT2",8663,2778,6.10642964331063,"4","4","4","Non-Projection Neuron Cells","Oligo"
"AAACACCCGTTCGGGT","WT2",5666,2485,14.9311683727497,"1","0","0","Projection Neurons","Neuron"
"AAACACCGCCACCCGT","WT2",4902,2237,4.07996736026112,"2","2","2","Non-Projection Neuron Cells","aIP"
"AAACACCGGATCCCGC","WT2",11532,3302,3.84148456468956,"1","0","0","Projection Neurons","Neuron"
"AAACACCGGGGCTTCT","WT2",7800,2582,4.96153846153846,"0","0","0","Projection Neurons","Neuron"
"AAACACCGTGTGACGG","WT2",11837,3683,2.43304891442088,"3","3","3","Non-Projection Neuron Cells","RGP"
"AAACACGCACACGACC","WT2",5313,1976,4.61133069828722,"0","1","1","Projection Neurons","Neuron"
"AAACACGCCAAAAACC","WT2",6311,2043,4.34162573284741,"3","3","3","Non-Projection Neuron Cells","RGP"
"AAACACTAATAGAACG","WT2",10178,3110,4.33287482806052,"1","0","0","Projection Neurons","Neuron"
"AAACACTAGCCGGCTC","WT2",13307,4159,3.59960922822575,"2","2","2","Non-Projection Neuron Cells","aIP"
"AAACACTCGGAATTTA","WT2",3473,1535,5.81629714943853,"5","5","5","Non-Projection Neuron Cells","OBNB"
"AAACACTTTTACCCGG","WT2",7802,2689,5.3832350679313,"1","0","0","Projection Neurons","Neuron"
"AAACAGAAAAAGTGTA","WT2",9130,2814,4.56736035049288,"2","2","2","Non-Projection Neuron Cells","aIP"
"AAACAGAAGTACTAGA","WT2",2388,1468,1.08877721943049,"0","1","1","Projection Neurons","Neuron"
"AAACAGACAAACGAAA","WT2",12614,3246,4.28888536546694,"1","0","0","Projection Neurons","Neuron"
"AAACAGAGAGATGCTA","WT2",6921,2485,4.89813610749892,"0","1","1","Projection Neurons","Neuron"
"AAACAGCCGAGTGAAC","WT2",2281,993,5.56773345024112,"1","0","0","Projection Neurons","Neuron"
"AAACAGCCGTTTATAC","WT2",2625,1250,2.28571428571429,"1","0","0","Projection Neurons","Neuron"
"AAACAGCGGCTAGACT","WT2",2390,1430,10.2092050209205,"1","0","0","Projection Neurons","Neuron"
"AAACAGGGAGCGCTCT","WT2",3958,1548,6.13946437594745,"0","1","1","Projection Neurons","Neuron"
"AAACAGGGCAACTCTC","WT2",4214,1766,6.40721404841006,"0","1","1","Projection Neurons","Neuron"
"AAACAGGGGTTCGCGC","WT2",7097,2562,6.67887839932366,"1","0","0","Projection Neurons","Neuron"
"AAACAGGGTCGATTTC","WT2",13337,3267,6.7931318887306,"1","0","0","Projection Neurons","Neuron"
"AAACAGGGTTGCCGGA","WT2",3114,1473,5.52344251766217,"2","2","2","Non-Projection Neuron Cells","aIP"
"AAACATAAGACTAGGT","WT2",5337,1912,3.91605771032415,"3","3","3","Non-Projection Neuron Cells","RGP"
"AAACATAGAGCTTCAT","WT2",1874,1072,3.94877267876201,"4","4","4","Non-Projection Neuron Cells","Oligo"
"AAACATCACGCCACTA","WT2",9528,2781,4.59697732997481,"1","0","0","Projection Neurons","Neuron"
"AAACATCATATATTAG","WT2",2255,1290,13.0376940133038,"1","0","0","Projection Neurons","Neuron"
"AAACATCGCGGGTCGT","WT2",5281,1932,6.11626585873887,"1","0","0","Projection Neurons","Neuron"
"AAACATCGGAAGTGGG","WT2",7208,2386,8.11598224195338,"0","6","6","Projection Neurons","Neuron"
"AAACATCTGCATTGTG","WT2",7892,2708,5.87937151545869,"1","0","0","Projection Neurons","Neuron"
"AAACATGAGTTTCCTG","WT2",7825,2452,7.28434504792332,"1","0","0","Projection Neurons","Neuron"
"AAACATGATGAGAGGT","WT2",7411,2324,7.25947915261098,"1","0","0","Projection Neurons","Neuron"
"AAACATTGTACATCTG","WT2",7143,2307,6.13187736245275,"1","0","0","Projection Neurons","Neuron"
"AAACCAACAAATGAAA","WT2",4748,1939,7.45577085088458,"1","0","0","Projection Neurons","Neuron"
"AAACCAACAACGGGGG","WT2",7624,3075,4.48583420776495,"1","0","0","Projection Neurons","Neuron"
"AAACCAACCCGTGTGA","WT2",16637,3984,3.16763839634549,"1","0","0","Projection Neurons","Neuron"
"AAACCAACTTAGTCTG","WT2",7959,2779,3.07827616534741,"2","2","2","Non-Projection Neuron Cells","aIP"
"AAACCAAGCAGAAGGG","WT2",7961,2810,6.31830172088934,"1","0","0","Projection Neurons","Neuron"
"AAACCAAGGGTACTGA","WT2",10799,3265,5.04676358922122,"1","0","0","Projection Neurons","Neuron"
"AAACCAAGTAACAGTC","WT2",7203,2249,5.35887824517562,"1","0","0","Projection Neurons","Neuron"
"AAACCAATGGGACCGG","WT2",4197,1811,5.64689063616869,"1","0","0","Projection Neurons","Neuron"
"AAACCACATAACTAAT","WT2",10741,3067,6.60087515128945,"2","2","2","Non-Projection Neuron Cells","aIP"
"AAACCACCACCTCCAG","WT2",11297,3139,4.24006373373462,"1","0","0","Projection Neurons","Neuron"
"AAACCAGCACAGCACC","WT2",2830,1296,1.27208480565371,"0","1","1","Projection Neurons","Neuron"
"AAACCAGCATGCGTAC","WT2",2972,1591,2.32166890982503,"4","4","4","Non-Projection Neuron Cells","Oligo"
"AAACCAGGACCAGAAC","WT2",4697,2155,1.57547370662125,"2","2","2","Non-Projection Neuron Cells","aIP"
"AAACCAGTTCACATGG","WT2",9192,3276,4.78677110530896,"2","2","2","Non-Projection Neuron Cells","aIP"
"AAACCATATGGAGAGC","WT2",4408,1716,11.5698729582577,"1","0","0","Projection Neurons","Neuron"
"AAACCATCCTCCTATA","WT2",2877,1513,11.5745568300313,"1","0","0","Projection Neurons","Neuron"
"AAACCATCGATGTAAA","WT2",19801,4545,4.17655673955861,"1","0","0","Projection Neurons","Neuron"
"AAACCATCTGTTGTTC","WT2",8178,2773,5.07459036439227,"1","0","0","Projection Neurons","Neuron"
"AAACCATGGGTTAAAG","WT2",4788,1846,4.49039264828738,"4","4","4","Non-Projection Neuron Cells","Oligo"
"AAACCATTGATGCTCG","WT2",5301,1890,4.84814186002641,"0","1","1","Projection Neurons","Neuron"
"AAACCCACTGGGAGGG","WT2",7425,2544,5.13131313131313,"0","1","1","Projection Neurons","Neuron"
"AAACCCATTCGAGGCA","WT2",3482,1843,14.2446869615164,"1","0","0","Projection Neurons","Neuron"
"AAACCCCGACAATTGG","WT2",23853,4954,3.9156500230579,"1","0","0","Projection Neurons","Neuron"
"AAACCCCGTCAGTCAC","WT2",11493,3353,3.52388410336727,"1","0","0","Projection Neurons","Neuron"
"AAACCCCTCTGCGAGT","WT2",19676,4427,3.95405570237853,"1","0","0","Projection Neurons","Neuron"
"AAACCCGCCAGTCCGT","WT2",5127,1976,6.10493465964502,"0","1","1","Projection Neurons","Neuron"
"AAACCCGCGTGAAGGA","WT2",5885,2467,7.03483432455395,"0","0","0","Projection Neurons","Neuron"
"AAACCCGGTAGCGAAA","WT2",5792,2056,4.97237569060773,"0","1","1","Projection Neurons","Neuron"
"AAACCCGTCATGAAAC","WT2",8307,2583,6.12736246539063,"1","0","0","Projection Neurons","Neuron"
"AAACCCGTTACCATTA","WT2",14850,4007,3.8047138047138,"2","2","2","Non-Projection Neuron Cells","aIP"
"AAACCCTACTCTGTAC","WT2",4467,1828,6.5368256100291,"0","6","6","Projection Neurons","Neuron"
"AAACCCTATGTGTGCA","WT2",12824,3092,5.36494073611978,"1","0","0","Projection Neurons","Neuron"
"AAACCCTGAGTGCCGG","WT2",2476,1358,1.41357027463651,"2","2","2","Non-Projection Neuron Cells","aIP"
"AAACCCTGATGTGCCG","WT2",10734,3177,4.98416247438047,"0","6","6","Projection Neurons","Neuron"
"AAACCGCAGAGACCCC","WT2",7636,2726,3.86327920377161,"2","2","2","Non-Projection Neuron Cells","aIP"
"AAACCGCCTCGGGGCC","WT2",4917,1816,6.69107179174293,"1","0","0","Projection Neurons","Neuron"
"AAACCGCTCCACGAGC","WT2",7703,2446,5.47838504478775,"5","5","5","Non-Projection Neuron Cells","OBNB"
"AAACCGGCCTAAAGAT","WT2",5819,2121,4.60560233717134,"0","1","1","Projection Neurons","Neuron"
"AAACCGGCGGTCTCTC","WT2",12795,3513,5.17389605314576,"1","0","0","Projection Neurons","Neuron"
"AAACCGGCTGGGTGTG","WT2",13395,3507,3.88204553938037,"3","3","3","Non-Projection Neuron Cells","RGP"
"AAACCGGGGGGAGGAT","WT2",1961,1319,3.36562978072412,"2","2","2","Non-Projection Neuron Cells","aIP"
"AAACCGTAACCCTGGC","WT2",7071,2394,5.7417621269976,"1","0","0","Projection Neurons","Neuron"
"AAACCGTATAAAACCG","WT2",11344,3673,4.27538787023977,"1","0","0","Projection Neurons","Neuron"
"AAACCTAAACCGAGTG","WT2",3114,1486,8.92742453436095,"1","0","0","Projection Neurons","Neuron"
"AAACCTAATCATCATC","WT2",2538,1409,1.81245074862096,"0","1","1","Projection Neurons","Neuron"
"AAACCTACAAGGTAAA","WT2",6280,2007,3.53503184713376,"3","3","3","Non-Projection Neuron Cells","RGP"
"AAACCTACTGGTGTAG","WT2",6517,2358,5.84624827374559,"1","0","0","Projection Neurons","Neuron"
"AAACCTCACGCGCGTA","WT2",5000,1998,3.46,"2","2","2","Non-Projection Neuron Cells","aIP"
"AAACCTCTCTGAGCGA","WT2",5203,1695,8.43743993849702,"1","1","1","Projection Neurons","Neuron"
"AAACCTCTTAGTATTA","WT2",9946,2830,5.20812386889202,"1","0","0","Projection Neurons","Neuron"
"AAACCTGAACTATGGC","WT2",19434,5258,3.42698363692498,"2","2","2","Non-Projection Neuron Cells","aIP"
"AAACCTGCTATCAGAA","WT2",3944,1560,5.57809330628803,"0","1","1","Projection Neurons","Neuron"
"AAACCTTAACGAAGAG","WT2",3159,1339,9.93985438429883,"1","0","0","Projection Neurons","Neuron"
"AAACCTTAAGGAATAA","WT2",9342,2601,4.84906872190109,"1","0","0","Projection Neurons","Neuron"
"AAACCTTACTATTGGC","WT2",6548,2312,8.97984117287722,"1","0","0","Projection Neurons","Neuron"
"AAACCTTCTCTGAAAA","WT2",4017,1665,0.572566591984068,"0","1","1","Projection Neurons","Neuron"
"AAACCTTGTGCTCACC","WT2",5380,1994,4.5910780669145,"0","1","1","Projection Neurons","Neuron"
"AAACCTTTATTGACGC","WT2",3986,1565,9.43301555444054,"0","0","0","Projection Neurons","Neuron"
"AAACGAACAAATCTCC","WT2",1751,1152,4.16904625928041,"1","0","0","Projection Neurons","Neuron"
"AAACGAACCGCGGCCC","WT2",3193,1239,0.407140620106483,"0","0","0","Projection Neurons","Neuron"
"AAACGAAGCATAGTCC","WT2",6416,2289,4.98753117206983,"1","0","0","Projection Neurons","Neuron"
"AAACGAATGCCGTAAA","WT2",7565,2621,5.32716457369465,"1","0","0","Projection Neurons","Neuron"
"AAACGACACGCCACAG","WT2",1980,1190,12.7272727272727,"1","0","0","Projection Neurons","Neuron"
"AAACGACATTTACCCT","WT2",8871,2997,4.48652913989404,"0","6","6","Projection Neurons","Neuron"
"AAACGACTCAACAGTG","WT2",9917,3513,2.0167389331451,"2","2","2","Non-Projection Neuron Cells","aIP"
"AAACGAGTCGGCTTGT","WT2",7036,2598,3.26890278567368,"2","2","2","Non-Projection Neuron Cells","aIP"
"AAACGAGTGGTAAGGG","WT2",6842,2156,6.94241449868459,"1","0","0","Projection Neurons","Neuron"
"AAACGATGTTCCCGGG","WT2",11888,2952,5.57705248990579,"1","0","0","Projection Neurons","Neuron"
"AAACGATTGTACCAAT","WT2",10480,2821,5.56297709923664,"3","3","3","Non-Projection Neuron Cells","RGP"
"AAACGATTTACATCAC","WT2",2220,1099,11.7567567567568,"1","0","0","Projection Neurons","Neuron"
"AAACGCACATAGGCGA","WT2",9619,2884,4.92774716706518,"1","0","0","Projection Neurons","Neuron"
"AAACGCACTGGGTCTC","WT2",5919,2207,5.23737117756378,"1","0","0","Projection Neurons","Neuron"
"AAACGCATACAACACC","WT2",24441,4829,4.03011333415163,"1","0","0","Projection Neurons","Neuron"
"AAACGCATATGCTACC","WT2",9189,2700,5.18010664925454,"1","0","0","Projection Neurons","Neuron"
"AAACGCATTGGGAAGA","WT2",7103,2626,4.44882444037731,"0","1","1","Projection Neurons","Neuron"
"AAACGCCAAATTTCTA","WT2",6038,2086,4.88572374958596,"0","1","1","Projection Neurons","Neuron"
"AAACGCCATAAGGAGT","WT2",9872,2815,5.19651539708266,"1","0","0","Projection Neurons","Neuron"
"AAACGCGAGCACCGGC","WT2",14282,3457,4.36213415488027,"1","0","0","Projection Neurons","Neuron"
"AAACGCGCAGAAAAAA","WT2",9362,2654,5.4048280281991,"1","0","0","Projection Neurons","Neuron"
"AAACGCGTAAGAGGTC","WT2",21818,4472,3.4925291044092,"1","0","0","Projection Neurons","Neuron"
"AAACGCGTAAGCTCCG","WT2",9414,2821,5.68302528149564,"2","2","2","Non-Projection Neuron Cells","aIP"
"AAACGCGTTAATCATT","WT2",2998,1356,3.23549032688459,"0","1","1","Projection Neurons","Neuron"
"AAACGCTCCTCCTATG","WT2",1571,887,11.457670273711,"0","1","1","Projection Neurons","Neuron"
"AAACGCTGCCCCATTC","WT2",3746,1387,13.2941804591564,"1","0","0","Projection Neurons","Neuron"
"AAACGCTGTTTCAAAT","WT2",1717,847,6.11531741409435,"1","0","0","Projection Neurons","Neuron"
"AAACGGATGCTTGGTG","WT2",8889,2706,4.30869614129823,"1","0","0","Projection Neurons","Neuron"
"AAACGGCAGCGGTGTG","WT2",7324,3103,5.62534134352813,"1","0","0","Projection Neurons","Neuron"
"AAACGGCGACAACGGC","WT2",2477,1284,5.24828421477594,"4","4","4","Non-Projection Neuron Cells","Oligo"
"AAACGGCGACGGTTCA","WT2",18371,3990,3.55451526862991,"1","0","0","Projection Neurons","Neuron"
"AAACGGCGCGCGCGTA","WT2",6646,2321,6.15407764068613,"0","1","1","Projection Neurons","Neuron"
"AAACGGGAAATAAACA","WT2",10250,2934,5.00487804878049,"1","0","0","Projection Neurons","Neuron"
"AAACGGGCCGATAAGT","WT2",5892,2255,6.82281059063136,"1","0","0","Projection Neurons","Neuron"
"AAACGGGTCTTTTTTC","WT2",6970,2360,6.3845050215208,"1","0","0","Projection Neurons","Neuron"
"AAACGTAATATGGCAT","WT2",17292,4162,2.78163312514458,"3","3","3","Non-Projection Neuron Cells","RGP"
"AAACGTAATCGCGAGG","WT2",3952,1783,4.65587044534413,"2","2","2","Non-Projection Neuron Cells","aIP"
"AAACGTACTCAATTCG","WT2",9611,3082,2.71563833107897,"5","5","5","Non-Projection Neuron Cells","OBNB"
"AAACGTAGCCTGGACC","WT2",9394,3446,3.91739408132851,"0","0","0","Projection Neurons","Neuron"
"AAACGTAGGCCCAGAC","WT2",17056,4663,5.23569418386492,"6","2","2","Non-Projection Neuron Cells","aIP"
"AAACGTAGGGAAGGAG","WT2",6743,2386,9.92139997033961,"1","0","0","Projection Neurons","Neuron"
"AAACGTATGCGTGATG","WT2",5142,1890,10.0739012057565,"1","0","0","Projection Neurons","Neuron"
"AAACGTCAGAATGAAG","WT2",2673,1581,1.72091283202394,"0","6","6","Projection Neurons","Neuron"
"AAACGTCAGGGTAGGT","WT2",5229,1800,8.73972078791356,"0","1","1","Projection Neurons","Neuron"
"AAACGTCTCAACCTAA","WT2",18455,4237,4.15063668382552,"1","0","0","Projection Neurons","Neuron"
"AAACGTGAACATAACC","WT2",3212,1434,6.2266500622665,"2","2","2","Non-Projection Neuron Cells","aIP"
"AAACGTGTCAAGTTCT","WT2",11781,3101,4.16772769713946,"4","3","3","Non-Projection Neuron Cells","RGP"
"AAACGTGTTATTGGGT","WT2",20096,4410,3.97093949044586,"1","0","0","Projection Neurons","Neuron"
"AAACGTTATTTTCTGT","WT2",10146,3101,5.3518628030751,"1","0","0","Projection Neurons","Neuron"
"AAACGTTGGCTCGAGG","WT2",6358,2442,5.37905001572822,"1","0","0","Projection Neurons","Neuron"
"AAACGTTTAGCAATGG","WT2",4970,1930,6.21730382293763,"1","0","0","Projection Neurons","Neuron"
"AAACGTTTAGGCTACA","WT2",5051,1953,10.5325678083548,"1","0","0","Projection Neurons","Neuron"
"AAACTAACTACAGTAG","WT2",7814,2663,4.811876119785,"3","3","3","Non-Projection Neuron Cells","RGP"
"AAACTAAGGTGCATAT","WT2",8382,2674,5.96516344547841,"0","6","6","Projection Neurons","Neuron"
"AAACTAATTGTATAGG","WT2",6654,2167,5.93627892996694,"1","0","0","Projection Neurons","Neuron"
"AAACTACATATAAACT","WT2",2684,1313,5.32786885245902,"0","1","1","Projection Neurons","Neuron"
"AAACTACGATCTCTGG","WT2",7284,2379,3.610653487095,"1","0","0","Projection Neurons","Neuron"
"AAACTACGTATCTGCC","WT2",16878,3759,5.52790615001777,"1","0","0","Projection Neurons","Neuron"
"AAACTAGCGGTTAGTA","WT2",4860,1848,7.13991769547325,"0","1","1","Projection Neurons","Neuron"
"AAACTATCATTGAGCG","WT2",12046,3437,3.89340860036527,"1","0","0","Projection Neurons","Neuron"
"AAACTATTCGGTGTTG","WT2",7516,2652,6.82543906333156,"0","0","0","Projection Neurons","Neuron"
"AAACTCAAGTGTCGCG","WT2",15608,3909,5.54202972834444,"0","6","6","Projection Neurons","Neuron"
"AAACTCAATCCAAAGA","WT2",6942,2380,6.23739556323826,"1","0","0","Projection Neurons","Neuron"
"AAACTCAATTCATTTT","WT2",7130,2349,6.05890603085554,"1","0","0","Projection Neurons","Neuron"
"AAACTCACCCCTAAGG","WT2",19793,4611,4.28939524074168,"0","6","6","Projection Neurons","Neuron"
"AAACTCACCCTTCCTT","WT2",7527,2656,3.77308356582968,"1","0","0","Projection Neurons","Neuron"
"AAACTCATGTAATTGC","WT2",7578,2403,6.32092900501452,"1","0","0","Projection Neurons","Neuron"
"AAACTCGAGGCAGCGA","WT2",5275,2178,3.03317535545024,"3","3","3","Non-Projection Neuron Cells","RGP"
"AAACTCGGCTGTAAGG","WT2",14449,3526,5.43290193092948,"1","0","0","Projection Neurons","Neuron"
"AAACTCGTGGCACACA","WT2",5537,1880,10.6194690265487,"1","0","0","Projection Neurons","Neuron"
"AAACTCTAATCGACGC","WT2",8447,2557,4.6407008405351,"1","0","0","Projection Neurons","Neuron"
"AAACTCTGTTCTCAGA","WT2",4653,1911,7.62948635289061,"1","1","1","Projection Neurons","Neuron"
"AAACTCTTCGCTTCAT","WT2",3017,1485,0.762346702021876,"0","1","1","Projection Neurons","Neuron"
"AAACTGACAACATACA","WT2",11148,3086,3.47147470398278,"1","0","0","Projection Neurons","Neuron"
"AAACTGACCACCAGGT","WT2",11630,3256,4.16165090283749,"1","0","0","Projection Neurons","Neuron"
"AAACTGACTTAATCGA","WT2",5880,2072,6.20748299319728,"2","2","2","Non-Projection Neuron Cells","aIP"
"AAACTGATACTGGGAA","WT2",6324,2055,7.00506008855155,"1","0","0","Projection Neurons","Neuron"
"AAACTGATTACGGCGA","WT2",2511,1121,5.89406610911987,"0","1","1","Projection Neurons","Neuron"
"AAACTGCCGGCCGAAA","WT2",4223,1893,6.5356381719157,"0","0","0","Projection Neurons","Neuron"
"AAACTGCTCAGGTTGA","WT2",1766,1066,7.36126840317101,"0","0","0","Projection Neurons","Neuron"
"AAACTGCTGTGGTCCT","WT2",1616,976,10.2722772277228,"0","1","1","Projection Neurons","Neuron"
"AAACTGGCATCCCAGT","WT2",8080,2653,4.57920792079208,"1","0","0","Projection Neurons","Neuron"
"AAACTGGCGTGGTATC","WT2",3595,1400,4.97913769123783,"0","1","1","Projection Neurons","Neuron"
"AAACTGGTCAAATGGA","WT2",8149,3156,6.83519450239293,"0","1","1","Projection Neurons","Neuron"
"AAACTGGTCCACCGGT","WT2",14956,4025,4.0652580903985,"2","2","2","Non-Projection Neuron Cells","aIP"
"AAACTGTAACTCAGCG","WT2",14278,3777,6.00224121025354,"1","0","0","Projection Neurons","Neuron"
"AAACTGTATAGCACCG","WT2",4211,1771,4.79696034196153,"0","1","1","Projection Neurons","Neuron"
"AAACTGTCACTTTGAA","WT2",14012,3630,3.38995147016843,"0","6","6","Projection Neurons","Neuron"
"AAACTTAATAAACGTA","WT2",18236,3814,3.41083570958543,"3","3","3","Non-Projection Neuron Cells","RGP"
"AAACTTAGCATTCAGC","WT2",4107,1650,9.25249573898222,"3","3","3","Non-Projection Neuron Cells","RGP"
"AAACTTATACTAGAAC","WT2",7084,2323,6.0841332580463,"2","2","2","Non-Projection Neuron Cells","aIP"
"AAACTTATTTACCTCG","WT2",1921,1070,0.62467464862051,"5","5","5","Non-Projection Neuron Cells","OBNB"
"AAACTTCATATCGTTG","WT2",1652,885,5.26634382566586,"1","0","0","Projection Neurons","Neuron"
"AAACTTCCACCGCCCA","WT2",13252,3373,4.76909145789315,"1","0","0","Projection Neurons","Neuron"
"AAACTTCCCACGTCTA","WT2",5011,2322,1.03771702255039,"1","0","0","Projection Neurons","Neuron"
"AAACTTGCCTCGCCCT","WT2",6879,2327,5.21878179968019,"1","0","0","Projection Neurons","Neuron"
"AAACTTGGCGAAGGTT","WT2",2924,1360,1.94938440492476,"2","2","2","Non-Projection Neuron Cells","aIP"
"AAACTTGGTCCATTTG","WT2",2191,1072,14.6964856230032,"0","1","1","Projection Neurons","Neuron"
"AAACTTGTAATGACTG","WT2",4838,1864,3.90657296403472,"0","1","1","Projection Neurons","Neuron"
"AAACTTTAGAGCATGC","WT2",1917,1129,14.1366718831508,"1","0","0","Projection Neurons","Neuron"
"AAACTTTGTTCTCTAG","WT2",1786,1027,6.71892497200448,"0","1","1","Projection Neurons","Neuron"
"AAAGAAACATTGCGAT","WT2",4097,1689,8.03026604832804,"1","0","0","Projection Neurons","Neuron"
"AAAGAAAGCCTTTGGT","WT2",8119,2592,3.55955166892474,"5","5","5","Non-Projection Neuron Cells","OBNB"
"AAAGAAAGCTGAGTTA","WT2",1601,1065,12.6171143035603,"1","0","0","Projection Neurons","Neuron"
"AAAGAAATAATGAAAA","WT2",9172,2410,5.82206716092455,"1","0","0","Projection Neurons","Neuron"
"AAAGAAATATCCTGAT","WT2",12365,3131,4.24585523655479,"3","3","3","Non-Projection Neuron Cells","RGP"
"AAAGAAATGATCAAAC","WT2",16657,3824,5.39713033559465,"1","0","0","Projection Neurons","Neuron"
"AAAGAACGAATTCACA","WT2",10668,3245,3.62767154105737,"1","0","0","Projection Neurons","Neuron"
"AAAGAACTGTCGGCAT","WT2",17392,4609,3.73160073597056,"3","3","3","Non-Projection Neuron Cells","RGP"
"AAAGAAGCAAACGCGA","WT2",11035,3329,5.79972813774354,"1","0","0","Projection Neurons","Neuron"
"AAAGAAGCCCTGTTAA","WT2",5758,1888,6.0437651962487,"1","0","0","Projection Neurons","Neuron"
"AAAGAAGGCAATAGCA","WT2",8465,2591,6.09568812758417,"4","4","4","Non-Projection Neuron Cells","Oligo"
"AAAGAAGGCTTTGAAT","WT2",6562,2233,6.06522401706797,"1","0","0","Projection Neurons","Neuron"
"AAAGAAGTAAGCCCAG","WT2",14333,3678,4.47219702783786,"0","6","6","Projection Neurons","Neuron"
"AAAGAATAGGTGAAAC","WT2",2291,1005,1.26582278481013,"0","1","1","Projection Neurons","Neuron"
"AAAGAATCGAGTCCGA","WT2",8284,2311,7.32737807822308,"0","6","6","Projection Neurons","Neuron"
"AAAGAATGTGAAAACT","WT2",8139,2386,3.95625998279887,"1","0","0","Projection Neurons","Neuron"
"AAAGAATTACCGAGCC","WT2",10736,2964,4.25670640834575,"1","0","0","Projection Neurons","Neuron"
"AAAGACACCTTGTCTC","WT2",3445,1443,8.35994194484761,"0","1","1","Projection Neurons","Neuron"
"AAAGACACGCAGGTAT","WT2",8635,2772,4.22698320787493,"1","0","0","Projection Neurons","Neuron"
"AAAGACACTAATATTA","WT2",3915,1573,2.86079182630907,"1","0","0","Projection Neurons","Neuron"
"AAAGACACTCTATGCC","WT2",2711,1302,5.82810770933235,"3","3","3","Non-Projection Neuron Cells","RGP"
"AAAGACATGCCTAATA","WT2",4604,1657,6.95047784535187,"1","0","0","Projection Neurons","Neuron"
"AAAGACCCACTGGGGG","WT2",2790,1261,9.6415770609319,"0","1","1","Projection Neurons","Neuron"
"AAAGACCCTGAGCACC","WT2",4981,2125,6.7456334069464,"0","1","1","Projection Neurons","Neuron"
"AAAGACCGACGGTTAG","WT2",3688,1244,14.3709327548807,"2","2","2","Non-Projection Neuron Cells","aIP"
"AAAGACCTTGTACCGA","WT2",3632,1718,5.78193832599119,"1","0","0","Projection Neurons","Neuron"
"AAAGACCTTTATTTAG","WT2",2249,1127,14.1396176078257,"3","3","3","Non-Projection Neuron Cells","RGP"
"AAAGACGACAGTGGTA","WT2",8284,2262,7.20666344760985,"1","0","0","Projection Neurons","Neuron"
"AAAGACGCAAACTCAC","WT2",4847,1618,7.96368887971941,"1","0","0","Projection Neurons","Neuron"
"AAAGACGCCGTGGCAG","WT2",6724,2409,6.7965496728138,"0","0","0","Projection Neurons","Neuron"
"AAAGACGCCGTTTTGG","WT2",9004,2532,5.31985784095957,"1","0","0","Projection Neurons","Neuron"
"AAAGACGCTCAACCGA","WT2",10007,2737,4.00719496352553,"1","0","0","Projection Neurons","Neuron"
"AAAGACGGGCTCACGG","WT2",6695,2009,5.06348020911128,"1","0","0","Projection Neurons","Neuron"
"AAAGACGGTTTCTGCA","WT2",12396,3300,3.2026460148435,"1","0","0","Projection Neurons","Neuron"
"AAAGACGTTAACAGTT","WT2",5602,2220,4.21278114958943,"1","0","0","Projection Neurons","Neuron"
"AAAGACTCGGGACATC","WT2",8365,2735,3.82546323968918,"1","0","0","Projection Neurons","Neuron"
"AAAGACTGATTCAGAT","WT2",18922,4029,3.89493711024205,"1","0","0","Projection Neurons","Neuron"
"AAAGACTGTTCCTTAG","WT2",3427,1351,6.33206886489641,"1","0","0","Projection Neurons","Neuron"
"AAAGACTTGCGTTTCT","WT2",2602,1238,8.53189853958493,"0","1","1","Projection Neurons","Neuron"
"AAAGACTTTAGGGTAG","WT2",4746,1717,6.11040876527602,"1","1","1","Projection Neurons","Neuron"
"AAAGAGAAGAGTACCA","WT2",6425,2396,5.01167315175097,"2","2","2","Non-Projection Neuron Cells","aIP"
"AAAGAGAGATACGAAT","WT2",4681,1827,5.29801324503311,"1","0","0","Projection Neurons","Neuron"
"AAAGAGAGGATTGTTT","WT2",11731,3264,2.62552212087631,"3","3","3","Non-Projection Neuron Cells","RGP"
"AAAGAGATCATTAAGC","WT2",2314,1162,3.45721694036301,"1","0","0","Projection Neurons","Neuron"
"AAAGAGCGGTCCTTCC","WT2",7455,2276,6.02280348759222,"1","0","0","Projection Neurons","Neuron"
"AAAGAGGATGGCCACC","WT2",6428,2260,6.58058494088363,"1","0","0","Projection Neurons","Neuron"
"AAAGAGGCTTTCCAGG","WT2",11323,3203,5.25479113309194,"1","0","0","Projection Neurons","Neuron"
"AAAGAGGTTCTAACAC","WT2",3411,1594,11.2283787745529,"2","2","2","Non-Projection Neuron Cells","aIP"
"AAAGAGTCCGTTAATA","WT2",7157,2262,3.70266871594243,"1","0","0","Projection Neurons","Neuron"
"AAAGAGTGATATACCA","WT2",10923,3534,4.21129726265678,"0","1","1","Projection Neurons","Neuron"
"AAAGAGTGCCTTTTAA","WT2",4713,2106,2.69467430511352,"2","2","2","Non-Projection Neuron Cells","aIP"
"AAAGAGTGGAATCATT","WT2",5125,2138,8.44878048780488,"1","0","0","Projection Neurons","Neuron"
"AAAGAGTTTTCGGGCG","WT2",6808,2195,4.42126909518214,"1","0","0","Projection Neurons","Neuron"
"AAAGATAACCGCGGCG","WT2",2249,1068,12.0497999110716,"1","0","0","Projection Neurons","Neuron"
"AAAGATACCGGTTTAC","WT2",3707,1670,2.07715133531157,"5","5","5","Non-Projection Neuron Cells","OBNB"
"AAAGATAGATACCAAT","WT2",14872,3874,3.95373856912318,"1","0","0","Projection Neurons","Neuron"
"AAAGATAGGCATTGTA","WT2",9413,2949,5.53489854456603,"2","2","2","Non-Projection Neuron Cells","aIP"
"AAAGATATCGTCAATA","WT2",12059,3684,3.65701965337093,"1","0","0","Projection Neurons","Neuron"
"AAAGATCACGGACTAC","WT2",10179,3048,6.10079575596817,"1","0","0","Projection Neurons","Neuron"
"AAAGATCCTTCATTCG","WT2",7985,2649,4.73387601753287,"4","4","4","Non-Projection Neuron Cells","Oligo"
"AAAGATCTACGCTCAA","WT2",14569,3964,5.20969181138033,"3","3","3","Non-Projection Neuron Cells","RGP"
"AAAGATCTGTAAACCC","WT2",7051,2135,7.28974613529996,"1","0","0","Projection Neurons","Neuron"
"AAAGATCTTGGTCCAT","WT2",4085,1827,2.4969400244798,"1","0","0","Projection Neurons","Neuron"
"AAAGATGACGACCGAG","WT2",1803,1050,2.05213533000555,"2","2","2","Non-Projection Neuron Cells","aIP"
"AAAGATGAGTCCTGTG","WT2",2877,1354,7.54257907542579,"1","0","0","Projection Neurons","Neuron"
"AAAGATGTTAATCAGC","WT2",6550,2452,3.51145038167939,"2","2","2","Non-Projection Neuron Cells","aIP"
"AAAGATTAATAACTCA","WT2",5247,2087,1.98208500095293,"2","2","2","Non-Projection Neuron Cells","aIP"
"AAAGATTCCGTGAGCG","WT2",15966,3835,4.56595264937993,"1","0","0","Projection Neurons","Neuron"
"AAAGATTTTCGTCGTC","WT2",1754,1192,1.5963511972634,"0","1","1","Projection Neurons","Neuron"
"AAAGCAACTGATTCAT","WT2",1547,997,9.95475113122172,"1","0","0","Projection Neurons","Neuron"
"AAAGCAATGGAAACGA","WT2",10016,3051,3.80391373801917,"0","1","1","Projection Neurons","Neuron"
"AAAGCAATTAGGCCCT","WT2",8120,2580,5.97290640394089,"1","0","0","Projection Neurons","Neuron"
"AAAGCACTCGGATGCT","WT2",19892,4140,4.51437763925196,"1","0","0","Projection Neurons","Neuron"
"AAAGCACTGTGCGCCT","WT2",19451,4290,3.6142100663205,"1","0","0","Projection Neurons","Neuron"
"AAAGCAGTCTTGGGAT","WT2",3595,1699,7.56606397774687,"1","0","0","Projection Neurons","Neuron"
"AAAGCATAGCCAGCTT","WT2",5709,2280,6.9013837799965,"0","1","1","Projection Neurons","Neuron"
"AAAGCATCGAATGTCG","WT2",10259,2761,4.72755629203626,"1","0","0","Projection Neurons","Neuron"
"AAAGCATGGCACTCTT","WT2",10781,2930,5.60244875243484,"1","0","0","Projection Neurons","Neuron"
"AAAGCCAAACGGGTCG","WT2",3486,1871,9.7819850831899,"1","0","0","Projection Neurons","Neuron"
"AAAGCCAATACGGGCT","WT2",3043,1348,10.5488005257969,"1","0","0","Projection Neurons","Neuron"
"AAAGCCACCATGCTAG","WT2",10345,4007,2.5422909618173,"6","2","2","Non-Projection Neuron Cells","aIP"
"AAAGCCACGAGAGTTG","WT2",2587,1773,1.27560881329726,"1","0","0","Projection Neurons","Neuron"
"AAAGCCACTGAGGGGT","WT2",7179,2868,1.75511909736732,"2","2","2","Non-Projection Neuron Cells","aIP"
"AAAGCCATCGCACGAT","WT2",10591,3165,6.62826928524219,"1","0","0","Projection Neurons","Neuron"
"AAAGCCCCGAAGACGC","WT2",16663,4260,4.31494928884355,"0","6","6","Projection Neurons","Neuron"
"AAAGCCCCGGCTCAAG","WT2",12426,3254,4.99758570738773,"1","0","0","Projection Neurons","Neuron"
"AAAGCCCTACCGTCGA","WT2",11502,3386,3.17336115458181,"1","0","0","Projection Neurons","Neuron"
"AAAGCCCTCCAACGAA","WT2",10216,3487,4.25802662490211,"4","4","4","Non-Projection Neuron Cells","Oligo"
"AAAGCCCTGATGCTAT","WT2",2303,1026,4.34216239687364,"1","0","0","Projection Neurons","Neuron"
"AAAGCCGCCGCGCGAA","WT2",5271,1800,5.88123695693417,"1","1","1","Projection Neurons","Neuron"
"AAAGCCGGTCACGTCC","WT2",13640,3431,3.88563049853372,"1","0","0","Projection Neurons","Neuron"
"AAAGCCTAAAGCCATC","WT2",6926,2566,3.17643661565117,"2","2","2","Non-Projection Neuron Cells","aIP"
"AAAGCCTACTCAGCTG","WT2",6232,2521,4.39666238767651,"0","0","0","Projection Neurons","Neuron"
"AAAGCGAAACCTATTG","WT2",7849,2971,1.96203338004841,"2","2","2","Non-Projection Neuron Cells","aIP"
"AAAGCGAACCGGCCAG","WT2",10398,3124,4.31813810348144,"0","0","0","Projection Neurons","Neuron"
"AAAGCGAAGGTCCAGG","WT2",12864,3699,3.48258706467662,"1","0","0","Projection Neurons","Neuron"
"AAAGCGACAGTACCTC","WT2",10727,2864,3.95264286380162,"1","0","0","Projection Neurons","Neuron"
"AAAGCGACGGGCGCAT","WT2",2245,905,1.24721603563474,"0","0","0","Projection Neurons","Neuron"
"AAAGCGAGTAACAAAC","WT2",4747,2040,4.67663787655361,"2","2","2","Non-Projection Neuron Cells","aIP"
"AAAGCGAGTCGAGGCG","WT2",9015,2671,5.29118136439268,"1","0","0","Projection Neurons","Neuron"
"AAAGCGATATGCATGG","WT2",8209,2681,5.56706054330613,"4","4","4","Non-Projection Neuron Cells","Oligo"
"AAAGCGCATGCGATTC","WT2",10640,2800,5.70488721804511,"1","0","0","Projection Neurons","Neuron"
"AAAGCGCGATTCTTGG","WT2",7990,2557,4.84355444305382,"1","0","0","Projection Neurons","Neuron"
"AAAGCGCGGGGTTAGC","WT2",8519,2677,8.53386547716868,"1","0","0","Projection Neurons","Neuron"
"AAAGCGCTGCAGTGTC","WT2",3132,1392,11.9731800766284,"1","0","0","Projection Neurons","Neuron"
"AAAGCGCTTCAATTCA","WT2",4963,1661,5.70219625226677,"1","0","0","Projection Neurons","Neuron"
"AAAGCGCTTCTATATG","WT2",21336,4314,3.83389576302962,"1","0","0","Projection Neurons","Neuron"
"AAAGCGGCCTTATTGC","WT2",13595,3384,6.06840750275837,"0","6","6","Projection Neurons","Neuron"
"AAAGCGGCGCGGAAAT","WT2",2954,1539,14.6580907244414,"1","0","0","Projection Neurons","Neuron"
"AAAGCGGCTCTAGCGG","WT2",6392,2155,4.58385481852315,"0","1","1","Projection Neurons","Neuron"
"AAAGCGGCTTATATGG","WT2",5205,2273,2.17098943323727,"2","2","2","Non-Projection Neuron Cells","aIP"
"AAAGCGTGCCGTAAGT","WT2",6541,2528,5.1215410487693,"1","0","0","Projection Neurons","Neuron"
"AAAGCGTTGAGAATTC","WT2",7612,2555,5.07094062007357,"2","3","3","Non-Projection Neuron Cells","RGP"
"AAAGCGTTGGTTGGGG","WT2",3643,1626,5.13313203403788,"2","2","2","Non-Projection Neuron Cells","aIP"
"AAAGCGTTTGGAGGCT","WT2",9168,2552,6.80628272251309,"0","6","6","Projection Neurons","Neuron"
"AAAGCGTTTTTGCCTA","WT2",4843,1794,4.99690274623168,"1","0","0","Projection Neurons","Neuron"
"AAAGCTAATCCATGTA","WT2",4646,1600,6.24192854068015,"1","0","0","Projection Neurons","Neuron"
"AAAGCTCGAATCCACG","WT2",2157,1279,12.56374594344,"1","0","0","Projection Neurons","Neuron"
"AAAGCTCGCCCAGGGC","WT2",9138,2894,4.37732545414752,"1","0","0","Projection Neurons","Neuron"
"AAAGCTGAGAAGAGAG","WT2",5809,2343,4.97503873300052,"2","2","2","Non-Projection Neuron Cells","aIP"
"AAAGCTGGCGCCTGAC","WT2",1543,872,2.26830848995463,"1","0","0","Projection Neurons","Neuron"
"AAAGCTGGTACTTATA","WT2",11108,2949,4.58228303925099,"1","0","0","Projection Neurons","Neuron"
"AAAGCTGTTGACACCT","WT2",15227,3840,3.99947461745584,"2","2","2","Non-Projection Neuron Cells","aIP"
"AAAGCTTACTAAGGAA","WT2",7108,2923,6.09172763083849,"1","0","0","Projection Neurons","Neuron"
"AAAGCTTCAGCTAAGC","WT2",5554,2218,5.11343176089305,"2","2","2","Non-Projection Neuron Cells","aIP"
"AAAGCTTCATCCTCAC","WT2",12909,3681,4.64792005577504,"0","6","6","Projection Neurons","Neuron"
"AAAGCTTCGTACTCGG","WT2",2091,961,10.9516977522716,"0","1","1","Projection Neurons","Neuron"
"AAAGGAACCAATTAGA","WT2",14433,3534,4.82228226979838,"1","0","0","Projection Neurons","Neuron"
"AAAGGAATGCAAGTAT","WT2",4466,1776,4.88132557098074,"1","0","0","Projection Neurons","Neuron"
"AAAGGAATTAAGTCAG","WT2",8355,2642,4.6918013165769,"1","0","0","Projection Neurons","Neuron"
"AAAGGACAAAAATAAA","WT2",1799,938,5.22512506948305,"3","3","3","Non-Projection Neuron Cells","RGP"
"AAAGGACAACCGTGTG","WT2",2130,1019,9.57746478873239,"0","1","1","Projection Neurons","Neuron"
"AAAGGACCTATCATCT","WT2",2327,1251,1.41813493768801,"4","3","3","Non-Projection Neuron Cells","RGP"
"AAAGGACGAGATATCT","WT2",8282,2622,6.82202366578121,"1","0","0","Projection Neurons","Neuron"
"AAAGGACTTGATACGT","WT2",2279,1148,7.94207985958754,"0","1","1","Projection Neurons","Neuron"
"AAAGGACTTGTGTGAC","WT2",3726,1401,5.42136339237789,"5","5","5","Non-Projection Neuron Cells","OBNB"
"AAAGGAGGGATTCCGT","WT2",5070,1892,10.0394477317554,"1","0","0","Projection Neurons","Neuron"
"AAAGGAGTCGTATTGC","WT2",4475,1474,7.95530726256983,"1","0","0","Projection Neurons","Neuron"
"AAAGGATCATTTCGCT","WT2",5880,2337,3.52040816326531,"2","2","2","Non-Projection Neuron Cells","aIP"
"AAAGGATGCGCTTGCA","WT2",5364,1965,7.47576435495899,"1","0","0","Projection Neurons","Neuron"
"AAAGGATTCATGTGAT","WT2",11913,3593,2.94636111810627,"4","3","3","Non-Projection Neuron Cells","RGP"
"AAAGGATTTGGGCACG","WT2",14820,3909,3.73144399460189,"1","0","0","Projection Neurons","Neuron"
"AAAGGATTTTAGGCTT","WT2",4072,1664,2.70137524557957,"4","4","4","Non-Projection Neuron Cells","Oligo"
"AAAGGCAGTTCAAATC","WT2",2600,1161,0.346153846153846,"1","0","0","Projection Neurons","Neuron"
"AAAGGCATAGCAAGGT","WT2",8567,3066,2.94151978522236,"2","2","2","Non-Projection Neuron Cells","aIP"
"AAAGGCATCACTGTCA","WT2",7416,2415,5.96008629989212,"0","1","1","Projection Neurons","Neuron"
"AAAGGCCATCGCTGAA","WT2",3630,1676,6.63911845730027,"0","6","6","Projection Neurons","Neuron"
"AAAGGCCCTCGAAAGA","WT2",7115,2618,4.46943078004216,"0","0","0","Projection Neurons","Neuron"
"AAAGGCCCTTGATTGA","WT2",4830,1841,5.73498964803313,"0","1","1","Projection Neurons","Neuron"
"AAAGGCCCTTGGAACA","WT2",5672,2714,1.90409026798307,"2","2","2","Non-Projection Neuron Cells","aIP"
"AAAGGCCGCGATGTGG","WT2",4777,1989,5.67301653757588,"4","4","4","Non-Projection Neuron Cells","Oligo"
"AAAGGCCGGTAAGTTG","WT2",3741,1889,3.12750601443464,"4","4","4","Non-Projection Neuron Cells","Oligo"
"AAAGGCCTAAGGACAC","WT2",4589,1785,6.12333841795598,"1","1","1","Projection Neurons","Neuron"
"AAAGGCGCGGTCAGTA","WT2",1684,898,4.03800475059382,"1","1","1","Projection Neurons","Neuron"
"AAAGGCGGCCATTCCA","WT2",3796,1690,6.13804004214963,"3","3","3","Non-Projection Neuron Cells","RGP"
"AAAGGCGGGATTCCCT","WT2",4659,1867,6.88989053444945,"0","1","1","Projection Neurons","Neuron"
"AAAGGCGTTCTCGCCT","WT2",5103,1751,5.23221634332745,"5","5","5","Non-Projection Neuron Cells","OBNB"
"AAAGGCTACTAGATCC","WT2",7035,2221,8.10234541577825,"1","0","0","Projection Neurons","Neuron"
"AAAGGCTACTCCCTTC","WT2",6527,2476,3.96813237321894,"5","5","5","Non-Projection Neuron Cells","OBNB"
"AAAGGCTTATGGCCCT","WT2",4984,1883,3.81219903691814,"1","0","0","Projection Neurons","Neuron"
"AAAGGGACTAACTAGT","WT2",4622,1817,11.1856339247079,"2","3","3","Non-Projection Neuron Cells","RGP"
"AAAGGGAGGCTGTGCA","WT2",5745,2145,7.04960835509138,"1","0","0","Projection Neurons","Neuron"
"AAAGGGATAAGTAAGT","WT2",5628,2434,2.48756218905473,"2","2","2","Non-Projection Neuron Cells","aIP"
"AAAGGGCATTCTCCAC","WT2",2365,1088,10.9513742071882,"0","1","1","Projection Neurons","Neuron"
"AAAGGGGCGGCCACGA","WT2",12022,3153,5.34020961570454,"1","0","0","Projection Neurons","Neuron"
"AAAGGGGGCCCCATGT","WT2",1562,815,10.6914212548015,"0","1","1","Projection Neurons","Neuron"
"AAAGGGGGCGCGGCTC","WT2",5877,1936,6.10855878849753,"1","0","0","Projection Neurons","Neuron"
"AAAGGGTGCGATACGA","WT2",10621,3700,3.52132567554844,"0","0","0","Projection Neurons","Neuron"
"AAAGGGTGGTAAAATT","WT2",5159,1828,5.56309362279512,"5","5","5","Non-Projection Neuron Cells","OBNB"
"AAAGGTCCACCTGAAT","WT2",2674,1541,14.7344801795064,"1","0","0","Projection Neurons","Neuron"
"AAAGGTCCGGTGCACT","WT2",4810,2113,5.15592515592516,"0","1","1","Projection Neurons","Neuron"
"AAAGGTGAGGTCTGGT","WT2",13590,3629,4.79028697571744,"1","0","0","Projection Neurons","Neuron"
"AAAGGTGCGGTTCTCA","WT2",5538,2168,3.55724088118454,"3","3","3","Non-Projection Neuron Cells","RGP"
"AAAGGTGGTACTTCGA","WT2",12683,3735,6.56784672396121,"1","0","0","Projection Neurons","Neuron"
"AAAGGTTCTAAATTTT","WT2",19325,4464,4.41914618369987,"1","0","0","Projection Neurons","Neuron"
"AAAGGTTGAGAAAGGG","WT2",4131,1900,3.21955942870976,"1","0","0","Projection Neurons","Neuron"
"AAAGGTTGCTTTGCAA","WT2",5653,1998,1.78666194940739,"1","0","0","Projection Neurons","Neuron"
"AAAGGTTGGATAGAGA","WT2",8815,2822,8.96199659671015,"1","0","0","Projection Neurons","Neuron"
"AAAGTAAAAGCCGATT","WT2",2022,920,11.9683481701286,"0","1","1","Projection Neurons","Neuron"
"AAAGTAAATCTCAGGG","WT2",9991,3305,3.51316184566109,"3","3","3","Non-Projection Neuron Cells","RGP"
"AAAGTAACCAGACCTT","WT2",9304,2876,6.36285468615649,"1","0","0","Projection Neurons","Neuron"
"AAAGTAACGGGCCGCC","WT2",8320,2919,4.27884615384615,"1","0","0","Projection Neurons","Neuron"
"AAAGTAAGGTCACGCC","WT2",4121,1644,8.78427566124727,"0","6","6","Projection Neurons","Neuron"
"AAAGTACAACGCAAAG","WT2",14719,3731,3.1523880698417,"1","0","0","Projection Neurons","Neuron"
"AAAGTACGATCACTTT","WT2",5834,2562,0.839904010970175,"2","2","2","Non-Projection Neuron Cells","aIP"
"AAAGTACTGGCGTATC","WT2",2384,1115,5.95637583892617,"1","0","0","Projection Neurons","Neuron"
"AAAGTAGCACGATTGA","WT2",3024,1316,11.6402116402116,"0","0","0","Projection Neurons","Neuron"
"AAAGTAGGACGCAATC","WT2",21623,4626,3.26504185358183,"1","0","0","Projection Neurons","Neuron"
"AAAGTAGGGAAGTGGC","WT2",5220,1933,5.28735632183908,"1","0","0","Projection Neurons","Neuron"
"AAAGTAGTGTTCTTCC","WT2",4156,1858,8.73435996150144,"1","0","0","Projection Neurons","Neuron"
"AAAGTATATATCTATC","WT2",11795,2979,5.60406952098347,"1","0","0","Projection Neurons","Neuron"
"AAAGTATCGACATGCT","WT2",4498,2071,4.44642063139173,"2","2","2","Non-Projection Neuron Cells","aIP"
"AAAGTATGCGAGATTT","WT2",8244,2414,5.61620572537603,"1","0","0","Projection Neurons","Neuron"
"AAAGTATTTGTTACCT","WT2",4788,1707,4.28153717627402,"3","3","3","Non-Projection Neuron Cells","RGP"
"AAAGTCAAGCTGCACT","WT2",3175,1691,10.6771653543307,"1","0","0","Projection Neurons","Neuron"
"AAAGTCACAGGCTGGC","WT2",8303,2852,6.78068168132001,"1","0","0","Projection Neurons","Neuron"
"AAAGTCACCTGTACGT","WT2",2799,1271,7.60986066452304,"0","1","1","Projection Neurons","Neuron"
"AAAGTCACTGTGGAAT","WT2",5783,2140,4.1846792322324,"5","5","5","Non-Projection Neuron Cells","OBNB"
"AAAGTCAGGGCGGGGC","WT2",7705,2665,5.98312783906554,"2","3","3","Non-Projection Neuron Cells","RGP"
"AAAGTCATGTCGTCTC","WT2",2968,1419,7.68194070080863,"0","1","1","Projection Neurons","Neuron"
"AAAGTCATTCCCACTT","WT2",6025,2340,5.02904564315353,"0","1","1","Projection Neurons","Neuron"
"AAAGTCCAGGCGTTTC","WT2",4096,1745,7.1044921875,"1","0","0","Projection Neurons","Neuron"
"AAAGTCCAGTGTCACT","WT2",11786,3381,6.58408281011369,"1","0","0","Projection Neurons","Neuron"
"AAAGTCCCCAGTAGCA","WT2",10937,2798,4.66307031178568,"1","0","0","Projection Neurons","Neuron"
"AAAGTCGCCCAGAATA","WT2",3301,1323,4.60466525295365,"5","5","5","Non-Projection Neuron Cells","OBNB"
"AAAGTCGCGATTGAAA","WT2",1558,993,14.8267008985879,"1","0","0","Projection Neurons","Neuron"
"AAAGTCGGGGAAACGC","WT2",1983,1056,13.2123045890066,"0","1","1","Projection Neurons","Neuron"
"AAAGTCGGGGTAAAAG","WT2",9222,2851,6.40858815875081,"1","0","0","Projection Neurons","Neuron"
"AAAGTCTACCTCTACA","WT2",3225,1489,4.65116279069767,"2","2","2","Non-Projection Neuron Cells","aIP"
"AAAGTCTATCGCTACT","WT2",2208,1032,10.7336956521739,"0","1","1","Projection Neurons","Neuron"
"AAAGTCTGACCTCCAG","WT2",5036,1868,7.82366957903098,"0","0","0","Projection Neurons","Neuron"
"AAAGTCTGAGTCCAGA","WT2",8209,3420,3.61798026556219,"6","2","2","Non-Projection Neuron Cells","aIP"
"AAAGTGAAACTATCAG","WT2",11673,3162,4.74599503126874,"1","0","0","Projection Neurons","Neuron"
"AAAGTGACGGCGTTGA","WT2",2095,1272,5.91885441527446,"0","1","1","Projection Neurons","Neuron"
"AAAGTGATAACAGACA","WT2",7018,2841,0.356226845255058,"2","2","2","Non-Projection Neuron Cells","aIP"
"AAAGTGCAAATCGACT","WT2",7280,2285,3.99725274725275,"1","0","0","Projection Neurons","Neuron"
"AAAGTGCCCGTCGCTG","WT2",18720,4059,4.71153846153846,"1","0","0","Projection Neurons","Neuron"
"AAAGTGCCCTACTAAG","WT2",13462,3979,3.9815777744763,"1","0","0","Projection Neurons","Neuron"
"AAAGTGCCTTCCGTAT","WT2",8122,2508,5.67594188623492,"1","0","0","Projection Neurons","Neuron"
"AAAGTGCGCGTCTGAA","WT2",6838,3269,1.3161743199766,"6","2","2","Non-Projection Neuron Cells","aIP"
"AAAGTGCTTGCATACT","WT2",5946,2290,5.75176589303734,"2","2","2","Non-Projection Neuron Cells","aIP"
"AAAGTGGACAAAAGAA","WT2",3935,1825,4.21855146124524,"2","2","2","Non-Projection Neuron Cells","aIP"
"AAAGTGGCCTGATGCC","WT2",4912,1912,2.95195439739414,"0","1","1","Projection Neurons","Neuron"
"AAAGTGGCCTTTTCCG","WT2",2947,1734,3.59687818120122,"1","0","0","Projection Neurons","Neuron"
"AAAGTGGCTGCTCGGG","WT2",8082,2909,3.27889136352388,"1","0","0","Projection Neurons","Neuron"
"AAAGTGGGAGCCAACT","WT2",5363,2012,6.32108894275592,"0","6","6","Projection Neurons","Neuron"
"AAAGTGGGCCGCGACA","WT2",2906,1427,8.53406744666208,"0","0","0","Projection Neurons","Neuron"
"AAAGTGGTAAGCATTA","WT2",9471,3179,3.61102312321825,"0","0","0","Projection Neurons","Neuron"
"AAAGTGTAAAAAGGGA","WT2",12547,3360,2.82139156770543,"1","0","0","Projection Neurons","Neuron"
"AAAGTGTGATGGCCAT","WT2",5417,1812,5.4273583164113,"0","1","1","Projection Neurons","Neuron"
"AAAGTGTGATGTCAGA","WT2",7878,2833,5.57248032495557,"1","0","0","Projection Neurons","Neuron"
"AAAGTGTTGAGTCCCT","WT2",7897,2340,3.63429150310244,"2","2","2","Non-Projection Neuron Cells","aIP"
"AAAGTGTTGCCAGCTA","WT2",7359,2575,9.838293246365,"1","0","0","Projection Neurons","Neuron"
"AAAGTTAATAAGTGGG","WT2",5445,1758,7.93388429752066,"1","0","0","Projection Neurons","Neuron"
"AAAGTTACAAATTAAG","WT2",8264,2642,5.08228460793804,"1","0","0","Projection Neurons","Neuron"
"AAAGTTACGCGAGCCG","WT2",10320,3032,5.30038759689922,"4","4","4","Non-Projection Neuron Cells","Oligo"
"AAAGTTCGAGACTCGT","WT2",1721,873,2.1499128413713,"2","2","2","Non-Projection Neuron Cells","aIP"
"AAAGTTCTGCGTTTGC","WT2",7277,2458,5.15322248179195,"3","3","3","Non-Projection Neuron Cells","RGP"
"AAAGTTGAGGGAACGC","WT2",8680,2691,4.11290322580645,"1","0","0","Projection Neurons","Neuron"
"AAAGTTGCGTGGAGAC","WT2",13278,3779,2.0485012803133,"2","2","2","Non-Projection Neuron Cells","aIP"
"AAAGTTGGCGTTCTAT","WT2",5778,2061,6.97473174108688,"0","6","6","Projection Neurons","Neuron"
"AAAGTTTGTACACCTT","WT2",4452,1675,8.89487870619946,"1","0","0","Projection Neurons","Neuron"
"AAATAAATACATGGCA","WT2",6914,2322,4.84524153890657,"1","0","0","Projection Neurons","Neuron"
"AAATAACCTATACCTG","WT2",3509,1587,9.54687945283557,"0","0","0","Projection Neurons","Neuron"
"AAATAACGACACTGTT","WT2",10062,2900,6.05247465712582,"1","0","0","Projection Neurons","Neuron"
"AAATAACGAGGTTGCA","WT2",12591,3230,4.29671987927885,"0","0","0","Projection Neurons","Neuron"
"AAATAACTTGCATTAC","WT2",5486,1959,4.86693401385345,"1","0","0","Projection Neurons","Neuron"
"AAATAAGACGTCATGC","WT2",3166,1469,3.63234365129501,"2","2","2","Non-Projection Neuron Cells","aIP"
"AAATAAGCTGCGCACC","WT2",10239,2720,4.33636097275124,"1","0","0","Projection Neurons","Neuron"
"AAATAAGGGCTCAATA","WT2",5997,1969,6.16975154243789,"1","0","0","Projection Neurons","Neuron"
"AAATAAGTCGAGCTCC","WT2",5871,2095,5.14392778061659,"0","1","1","Projection Neurons","Neuron"
"AAATAAGTCGGAGGCA","WT2",4052,1858,5.72556762092794,"0","1","1","Projection Neurons","Neuron"
"AAATAAGTGAATGCGG","WT2",10567,3023,5.65912747231949,"1","0","0","Projection Neurons","Neuron"
"AAATAAGTTACTTGCA","WT2",4391,1660,8.08471874288317,"4","4","4","Non-Projection Neuron Cells","Oligo"
"AAATAATAGAAGAATG","WT2",16677,4165,4.23337530730947,"1","0","0","Projection Neurons","Neuron"
"AAATAATGAGCTAGCC","WT2",5820,2409,4.07216494845361,"0","1","1","Projection Neurons","Neuron"
"AAATACAAGCTAAAAT","WT2",13800,3561,5.34057971014493,"0","1","1","Projection Neurons","Neuron"
"AAATACACGATAGGTC","WT2",3498,1723,1.94396798170383,"2","2","2","Non-Projection Neuron Cells","aIP"
"AAATACATACATCTTG","WT2",4820,1883,4.73029045643154,"0","1","1","Projection Neurons","Neuron"
"AAATACGAGGGTCAAT","WT2",9956,2610,5.02209722780233,"1","0","0","Projection Neurons","Neuron"
"AAATACGATAATTGTA","WT2",6638,2443,4.18800843627599,"2","2","2","Non-Projection Neuron Cells","aIP"
"AAATACGCCGACGGGG","WT2",8053,2360,5.33962498447783,"1","0","0","Projection Neurons","Neuron"
"AAATACGGCCATGTAC","WT2",9181,2845,4.14987474131358,"1","0","0","Projection Neurons","Neuron"
"AAATACGGCGCGTATA","WT2",21377,4344,4.14931936193105,"1","0","0","Projection Neurons","Neuron"
"AAATACGTAGTGGACG","WT2",4390,1323,9.90888382687927,"0","1","1","Projection Neurons","Neuron"
"AAATACTAGCATGGCG","WT2",2422,1077,6.56482246077622,"5","5","5","Non-Projection Neuron Cells","OBNB"
"AAATACTCGGGAATAC","WT2",5965,2162,10.9639564124057,"1","0","0","Projection Neurons","Neuron"
"AAATACTGCTCACGGT","WT2",1703,1026,12.6834997064005,"1","0","0","Projection Neurons","Neuron"
"AAATACTTTGCTCTAC","WT2",5657,2107,3.50008838607036,"4","4","4","Non-Projection Neuron Cells","Oligo"
"AAATACTTTTCGACCC","WT2",8865,2505,7.65933446136492,"1","0","0","Projection Neurons","Neuron"
"AAATAGAAATCTTGCT","WT2",5933,1972,6.30372492836676,"1","0","0","Projection Neurons","Neuron"
"AAATAGAAGAACTAGA","WT2",16233,4020,3.99186841618924,"1","0","0","Projection Neurons","Neuron"
"AAATAGAAGCATTGAG","WT2",11890,3261,6.4592094196804,"0","0","0","Projection Neurons","Neuron"
"AAATAGAGACATATTT","WT2",4221,1481,5.0698886519782,"5","5","5","Non-Projection Neuron Cells","OBNB"
"AAATAGAGTTCTTGCA","WT2",3589,1529,6.96572861521315,"0","1","1","Projection Neurons","Neuron"
"AAATAGATGCATCAAA","WT2",2068,1162,1.20889748549323,"0","1","1","Projection Neurons","Neuron"
"AAATAGCCAGTAGGCG","WT2",3534,1558,5.631013016412,"0","1","1","Projection Neurons","Neuron"
"AAATAGCCTTCTTCAC","WT2",7909,2760,2.17473764066254,"2","2","2","Non-Projection Neuron Cells","aIP"
"AAATAGCTACATGCTA","WT2",4237,2083,0.377625678546141,"0","0","0","Projection Neurons","Neuron"
"AAATAGCTCGCCGCAC","WT2",16789,4250,5.20578950503306,"1","0","0","Projection Neurons","Neuron"
"AAATAGGATTCTGCGG","WT2",7120,2306,5.40730337078652,"0","0","0","Projection Neurons","Neuron"
"AAATAGTACCGACGCT","WT2",9372,2743,5.60179257362356,"1","0","0","Projection Neurons","Neuron"
"AAATAGTGGGCGAATA","WT2",5814,1898,8.703130374957,"1","0","0","Projection Neurons","Neuron"
"AAATAGTTCGGCTAGA","WT2",3493,1817,14.3143429716576,"1","6","6","Projection Neurons","Neuron"
"AAATATAAGCCCGCCT","WT2",6369,2248,2.11964201601507,"2","2","2","Non-Projection Neuron Cells","aIP"
"AAATATCGTGGGTTCA","WT2",6171,2101,7.42181169988657,"0","1","1","Projection Neurons","Neuron"
"AAATATTCAACACTCA","WT2",12208,3796,1.09764089121887,"3","3","3","Non-Projection Neuron Cells","RGP"
"AAATATTTTAGCAGTG","WT2",14044,3588,3.53175733409285,"0","6","6","Projection Neurons","Neuron"
"AAATCAAAACCTTAGT","WT2",3066,1550,10.5022831050228,"0","1","1","Projection Neurons","Neuron"
"AAATCAACTCCTGGGC","WT2",7179,2293,5.33500487533083,"0","6","6","Projection Neurons","Neuron"
"AAATCAATTGCCCCGA","WT2",17221,3935,5.32489402473724,"1","0","0","Projection Neurons","Neuron"
"AAATCACACCTTGGCT","WT2",2194,1097,2.55241567912489,"1","0","0","Projection Neurons","Neuron"
"AAATCACACTACTATA","WT2",6824,2158,5.42203985932005,"1","0","0","Projection Neurons","Neuron"
"AAATCACATTTATTCT","WT2",7437,2675,5.98359553583434,"0","1","1","Projection Neurons","Neuron"
"AAATCACCACCTACCC","WT2",7330,2380,5.62073669849932,"0","6","6","Projection Neurons","Neuron"
"AAATCACCACGCGGTG","WT2",2270,1016,3.12775330396476,"0","1","1","Projection Neurons","Neuron"
"AAATCACGCTTCTGAC","WT2",8462,3143,3.41526825809501,"2","2","2","Non-Projection Neuron Cells","aIP"
"AAATCACGGATGAAAC","WT2",9251,2741,2.82131661442006,"3","3","3","Non-Projection Neuron Cells","RGP"
"AAATCAGAGGGACCGT","WT2",8659,2618,4.04203718674212,"1","0","0","Projection Neurons","Neuron"
"AAATCAGAGTCTGTAA","WT2",9945,2528,5.7516339869281,"1","0","0","Projection Neurons","Neuron"
"AAATCAGCGATCGATC","WT2",17327,4203,3.98799561378196,"1","0","0","Projection Neurons","Neuron"
"AAATCAGCTAGCGGCG","WT2",5765,2180,6.27927146574154,"0","1","1","Projection Neurons","Neuron"
"AAATCATTACGAAGAG","WT2",8422,2665,5.33127523153645,"1","0","0","Projection Neurons","Neuron"
"AAATCATTCATAATTC","WT2",2631,1637,1.48232611174458,"0","0","0","Projection Neurons","Neuron"
"AAATCATTGAGCCAAA","WT2",10823,3050,4.65674951492193,"1","0","0","Projection Neurons","Neuron"
"AAATCCAAATATCTTA","WT2",2999,1763,3.10103367789263,"1","6","6","Projection Neurons","Neuron"
"AAATCCACCGATGATT","WT2",11884,4235,3.11342982160889,"3","3","3","Non-Projection Neuron Cells","RGP"
"AAATCCACCTCGCTAT","WT2",1757,1129,2.44735344336938,"4","3","3","Non-Projection Neuron Cells","RGP"
"AAATCCACTCCGACTA","WT2",10680,3081,5.1498127340824,"1","0","0","Projection Neurons","Neuron"
"AAATCCATTAAGCCTG","WT2",2181,1280,12.8839981659789,"0","6","6","Projection Neurons","Neuron"
"AAATCCATTCGAGGCC","WT2",9988,2715,5.60672807368843,"1","0","0","Projection Neurons","Neuron"
"AAATCCCACAATGAAA","WT2",8408,2676,7.42150333016175,"1","0","0","Projection Neurons","Neuron"
"AAATCCCATCCCACAA","WT2",14148,3835,5.84534916595985,"1","0","0","Projection Neurons","Neuron"
"AAATCCGCTAGTACAA","WT2",2881,1701,10.41305102395,"1","0","0","Projection Neurons","Neuron"
"AAATCCGGCAGCTTGT","WT2",5061,2105,5.92768227622999,"0","6","6","Projection Neurons","Neuron"
"AAATCCGTAATTTGGA","WT2",4302,1859,11.8084611808461,"4","4","4","Non-Projection Neuron Cells","Oligo"
"AAATCCGTACCGGAGA","WT2",6414,2392,7.04708450265045,"0","1","1","Projection Neurons","Neuron"
"AAATCCGTATCGATCC","WT2",3656,1613,5.60722100656455,"0","1","1","Projection Neurons","Neuron"
"AAATCCTCCTTAGTAC","WT2",21352,4825,3.77950543274635,"1","0","0","Projection Neurons","Neuron"
"AAATCGAGATTCACCC","WT2",3443,1749,11.3563752541388,"1","0","0","Projection Neurons","Neuron"
"AAATCGAGCCGTGGCT","WT2",5990,2183,4.80801335559265,"0","1","1","Projection Neurons","Neuron"
"AAATCGAGCCTTCCCG","WT2",6429,2240,4.97744594804791,"0","6","6","Projection Neurons","Neuron"
"AAATCGCAGTCCAGGA","WT2",10323,3221,4.6982466337305,"1","0","0","Projection Neurons","Neuron"
"AAATCGCTGAATAGAC","WT2",2248,1318,10.1423487544484,"1","0","0","Projection Neurons","Neuron"
"AAATCGGAGAGGGACT","WT2",11389,3045,3.38045482483098,"3","3","3","Non-Projection Neuron Cells","RGP"
"AAATCGGATGAATTAA","WT2",4357,2262,1.79022263025017,"1","0","0","Projection Neurons","Neuron"
"AAATCGGGTCACACTT","WT2",4194,1705,8.58369098712446,"1","0","0","Projection Neurons","Neuron"
"AAATCGTATTGTGTGA","WT2",16069,4045,3.95170825813679,"0","6","6","Projection Neurons","Neuron"
"AAATCGTCCCCGCATA","WT2",15799,3838,4.49395531362744,"1","0","0","Projection Neurons","Neuron"
"AAATCGTCTGCTAATA","WT2",6568,2668,1.94884287454324,"2","2","2","Non-Projection Neuron Cells","aIP"
"AAATCGTGGTGAGGGC","WT2",1592,1009,2.51256281407035,"2","2","2","Non-Projection Neuron Cells","aIP"
"AAATCGTGTCCACCTG","WT2",7618,2507,4.6731425571016,"0","0","0","Projection Neurons","Neuron"
"AAATCGTTGGTCAACG","WT2",6324,2666,2.64073371283998,"2","2","2","Non-Projection Neuron Cells","aIP"
"AAATCTACGGGAGTCC","WT2",5394,2136,7.24879495736003,"4","4","4","Non-Projection Neuron Cells","Oligo"
"AAATCTACTCCACCAT","WT2",18398,4810,2.32090444613545,"2","2","2","Non-Projection Neuron Cells","aIP"
"AAATCTAGTGTGTAGG","WT2",2771,1462,6.2432334897149,"0","1","1","Projection Neurons","Neuron"
"AAATCTATCACACCGG","WT2",6822,2784,3.31281149223102,"2","2","2","Non-Projection Neuron Cells","aIP"
"AAATCTATGCTAAGTA","WT2",7855,2710,4.77402928071292,"0","0","0","Projection Neurons","Neuron"
"AAATCTCACAACAACG","WT2",2882,1331,7.66828591256072,"0","1","1","Projection Neurons","Neuron"
"AAATCTCACGAGTGGG","WT2",1568,964,0.956632653061224,"0","1","1","Projection Neurons","Neuron"
"AAATCTCCCGGATATA","WT2",1958,972,6.38406537282942,"0","1","1","Projection Neurons","Neuron"
"AAATCTCTCGGCTTAT","WT2",9472,3179,3.88513513513514,"0","6","6","Projection Neurons","Neuron"
"AAATCTGCCTCTCGCA","WT2",2052,1108,3.26510721247563,"0","1","1","Projection Neurons","Neuron"
"AAATCTGGGTGATCGG","WT2",7278,2921,3.32508931025007,"0","1","1","Projection Neurons","Neuron"
"AAATCTGTGCTGTTCG","WT2",17032,4288,5.03170502583373,"1","0","0","Projection Neurons","Neuron"
"AAATCTTACAGTACGC","WT2",16635,4050,4.38833784189961,"1","0","0","Projection Neurons","Neuron"
"AAATCTTCTAAGCGAT","WT2",5135,2003,10.1850048685492,"1","0","0","Projection Neurons","Neuron"
"AAATCTTTAGGCGCGG","WT2",4743,1852,6.64136622390892,"1","0","0","Projection Neurons","Neuron"
"AAATGAAAATTAGCCG","WT2",10961,3220,4.82620198886963,"3","3","3","Non-Projection Neuron Cells","RGP"
"AAATGAACCTCCGCCG","WT2",10323,2968,4.7369950595757,"1","0","0","Projection Neurons","Neuron"
"AAATGAACTCTATTGT","WT2",3755,1450,6.52463382157124,"1","0","0","Projection Neurons","Neuron"
"AAATGAAGGACTACTT","WT2",4938,1955,6.01458080194411,"0","0","0","Projection Neurons","Neuron"
"AAATGAAGTGGGGATC","WT2",7118,2405,5.4509693734195,"0","0","0","Projection Neurons","Neuron"
"AAATGAATAGGGATCG","WT2",9346,2957,3.15643055852771,"0","0","0","Projection Neurons","Neuron"
"AAATGACAGCTGCCCT","WT2",3251,1496,6.70562903721932,"0","1","1","Projection Neurons","Neuron"
"AAATGACATAAAAGAC","WT2",12149,3295,3.81924438225368,"1","0","0","Projection Neurons","Neuron"
"AAATGACCACTCTTCA","WT2",3022,1353,8.70284579748511,"0","1","1","Projection Neurons","Neuron"
"AAATGACCGTACATTA","WT2",8258,2743,4.3715185274885,"0","1","1","Projection Neurons","Neuron"
"AAATGACCGTCCTTTA","WT2",17079,4102,3.442824521342,"0","6","6","Projection Neurons","Neuron"
"AAATGACTCGGTCTCG","WT2",14063,3495,4.21673896039252,"0","6","6","Projection Neurons","Neuron"
"AAATGAGATAAAAGTG","WT2",3776,1546,7.38877118644068,"1","0","0","Projection Neurons","Neuron"
"AAATGAGATTATATGT","WT2",2590,1200,9.34362934362934,"1","0","0","Projection Neurons","Neuron"
"AAATGAGTAAGTCTAA","WT2",6499,2405,3.63132789659948,"4","3","3","Non-Projection Neuron Cells","RGP"
"AAATGAGTGATGCCTA","WT2",16892,3975,5.17404688609993,"1","0","0","Projection Neurons","Neuron"
"AAATGCACCAGAGCAG","WT2",7569,2436,5.82639714625446,"1","0","0","Projection Neurons","Neuron"
"AAATGCATCACGAAGA","WT2",3688,1458,6.88720173535792,"0","1","1","Projection Neurons","Neuron"
"AAATGCCGTTTGTGGA","WT2",9704,3128,3.8643858202803,"0","0","0","Projection Neurons","Neuron"
"AAATGCCTAATTGTCT","WT2",10451,3334,4.58329346474022,"1","0","0","Projection Neurons","Neuron"
"AAATGCCTACTAAGCG","WT2",6698,2606,5.31501940877874,"0","1","1","Projection Neurons","Neuron"
"AAATGCTCCGCACTCA","WT2",5214,2207,9.76217874952052,"0","6","6","Projection Neurons","Neuron"
"AAATGCTCGTATCATT","WT2",13973,3452,4.38703213340013,"1","0","0","Projection Neurons","Neuron"
"AAATGCTCTTCTTGGT","WT2",9057,3533,3.0804902285525,"6","2","2","Non-Projection Neuron Cells","aIP"
"AAATGCTCTTTTAGTG","WT2",6971,2400,4.54741070147755,"0","0","0","Projection Neurons","Neuron"
"AAATGCTGAACACAGT","WT2",9031,3136,4.32953161333186,"1","0","0","Projection Neurons","Neuron"
"AAATGCTGCTAAGCCT","WT2",8332,3089,2.71243398943831,"3","3","3","Non-Projection Neuron Cells","RGP"
"AAATGCTGTAAGACAC","WT2",1713,1028,5.02043199065966,"0","1","1","Projection Neurons","Neuron"
"AAATGGATTTTAACCT","WT2",4534,1650,9.10895456550507,"1","0","0","Projection Neurons","Neuron"
"AAATGGCACAAAACAG","WT2",5730,1829,6.33507853403141,"4","4","4","Non-Projection Neuron Cells","Oligo"
"AAATGGCAGCCAGACA","WT2",9622,2785,5.30035335689046,"1","0","0","Projection Neurons","Neuron"
"AAATGGCCTGATTTTT","WT2",17623,3977,5.27719457527095,"1","0","0","Projection Neurons","Neuron"
"AAATGGCGTACTTGTG","WT2",17630,4100,4.52070334656835,"1","0","0","Projection Neurons","Neuron"
"AAATGGCTACGAATCT","WT2",4585,1639,8.57142857142857,"0","1","1","Projection Neurons","Neuron"
"AAATGGGCAATGACGT","WT2",19082,4248,5.27722460957971,"1","0","0","Projection Neurons","Neuron"
"AAATGGGCCGATCTAG","WT2",11369,3251,4.38033248306799,"1","0","0","Projection Neurons","Neuron"
"AAATGGGGGAATTGAT","WT2",2521,1388,12.1777072590242,"1","0","0","Projection Neurons","Neuron"
"AAATGGGGTACGGATG","WT2",7623,2346,4.94555949101404,"3","3","3","Non-Projection Neuron Cells","RGP"
"AAATGGTACTTTGAGA","WT2",4301,2168,3.88281794931411,"2","2","2","Non-Projection Neuron Cells","aIP"
"AAATGGTGCGTTGTAT","WT2",8234,3060,3.33981054165655,"2","2","2","Non-Projection Neuron Cells","aIP"
"AAATGGTGTCCGTCAA","WT2",6854,2167,5.74846804785527,"1","0","0","Projection Neurons","Neuron"
"AAATGGTTAAGTCCAA","WT2",14823,4270,3.79815152128449,"1","0","0","Projection Neurons","Neuron"
"AAATGTAGAACAAAGG","WT2",3243,1466,7.80141843971631,"0","1","1","Projection Neurons","Neuron"
"AAATGTAGCCCATGCA","WT2",4734,2149,4.900718208703,"0","1","1","Projection Neurons","Neuron"
"AAATGTAGCCGTTGGA","WT2",9135,2746,4.87137383689108,"1","0","0","Projection Neurons","Neuron"
"AAATGTAGGCTTGAGG","WT2",7961,2594,7.5618640874262,"1","0","0","Projection Neurons","Neuron"
"AAATGTAGTGCGCAAC","WT2",5095,2029,6.22178606476938,"0","0","0","Projection Neurons","Neuron"
"AAATGTATAAATATCC","WT2",9789,3453,3.72867504341608,"3","3","3","Non-Projection Neuron Cells","RGP"
"AAATGTATTTTCGCTA","WT2",9747,2971,4.09356725146199,"0","6","6","Projection Neurons","Neuron"
"AAATGTCACTTGTTTT","WT2",8370,3140,3.42891278375149,"0","0","0","Projection Neurons","Neuron"
"AAATGTGAATTAAATT","WT2",7568,2316,6.19714587737844,"1","0","0","Projection Neurons","Neuron"
"AAATGTGAATTTTAGT","WT2",4432,1532,0.631768953068592,"4","4","4","Non-Projection Neuron Cells","Oligo"
"AAATGTGAGTGCGTAA","WT2",7809,2520,4.84056857472148,"4","4","4","Non-Projection Neuron Cells","Oligo"
"AAATGTGATAACGCTA","WT2",7477,2621,4.54727832018189,"1","0","0","Projection Neurons","Neuron"
"AAATGTGATACATAGC","WT2",2902,1593,1.65403170227429,"0","1","1","Projection Neurons","Neuron"
"AAATGTGCGCATAATT","WT2",4093,1630,7.5494747129245,"3","3","3","Non-Projection Neuron Cells","RGP"
"AAATGTGCTGAATTTA","WT2",4035,1738,3.09789343246592,"1","0","0","Projection Neurons","Neuron"
"AAATGTGTCCGAACGC","WT2",10683,2768,5.30749789385004,"1","0","0","Projection Neurons","Neuron"
"AAATGTTGTAAATCCC","WT2",2358,1258,0.593723494486853,"0","1","1","Projection Neurons","Neuron"
"AAATTAAATCTCCGCT","WT2",9706,2817,6.59385946837008,"1","0","0","Projection Neurons","Neuron"
"AAATTAAGAGATCGGT","WT2",7459,2243,5.60396836037002,"1","0","0","Projection Neurons","Neuron"
"AAATTAAGTCTTGCGC","WT2",2426,1339,1.85490519373454,"0","0","0","Projection Neurons","Neuron"
"AAATTAATTACTTATG","WT2",8735,2665,4.45334859759588,"1","0","0","Projection Neurons","Neuron"
"AAATTACCAAACGATA","WT2",6122,1956,7.07285200914734,"1","0","0","Projection Neurons","Neuron"
"AAATTACCCGTCCTAC","WT2",11549,4034,2.81409645856784,"1","0","0","Projection Neurons","Neuron"
"AAATTACCGCGCAAAT","WT2",21586,4439,4.03502269989808,"2","2","2","Non-Projection Neuron Cells","aIP"
"AAATTACCTATCGAGA","WT2",11022,2953,4.89021956087824,"1","0","0","Projection Neurons","Neuron"
"AAATTACGAAAGGCGC","WT2",6306,2352,4.51950523311132,"0","1","1","Projection Neurons","Neuron"
"AAATTACGTTCACGGG","WT2",4742,1858,6.13665120202446,"0","1","1","Projection Neurons","Neuron"
"AAATTACTAATTCACC","WT2",5303,1853,9.25891005091458,"1","0","0","Projection Neurons","Neuron"
"AAATTACTAGACGAGT","WT2",6717,2198,4.61515557540569,"1","0","0","Projection Neurons","Neuron"
"AAATTAGAGTAACCAC","WT2",7182,2242,6.65552770815929,"4","4","4","Non-Projection Neuron Cells","Oligo"
"AAATTAGCCCCATGGG","WT2",7384,2712,4.44203683640303,"1","0","0","Projection Neurons","Neuron"
"AAATTAGCGGTGAGTC","WT2",5783,2421,3.0261110150441,"0","0","0","Projection Neurons","Neuron"
"AAATTATAAAGTGCGT","WT2",6208,2337,9.08505154639175,"2","2","2","Non-Projection Neuron Cells","aIP"
"AAATTATATATAGTCC","WT2",5153,1730,5.55016495245488,"3","3","3","Non-Projection Neuron Cells","RGP"
"AAATTATCACGTCAAA","WT2",3015,1694,4.04643449419569,"5","5","5","Non-Projection Neuron Cells","OBNB"
"AAATTCACATGGTGAG","WT2",2260,1349,2.34513274336283,"1","0","0","Projection Neurons","Neuron"
"AAATTCACCACGTACC","WT2",6927,2228,3.94110004330879,"1","0","0","Projection Neurons","Neuron"
"AAATTCACCCGAAAGG","WT2",7719,2444,5.15610830418448,"1","0","0","Projection Neurons","Neuron"
"AAATTCACCTCGTTAG","WT2",2865,1297,5.51483420593368,"5","5","5","Non-Projection Neuron Cells","OBNB"
"AAATTCATTCTTGCCC","WT2",4002,1809,4.72263868065967,"5","5","5","Non-Projection Neuron Cells","OBNB"
"AAATTCGAGACTTGCC","WT2",9498,3259,3.34807327858497,"4","4","4","Non-Projection Neuron Cells","Oligo"
"AAATTCTCCATGAAAG","WT2",10462,3237,5.15197858917989,"1","0","0","Projection Neurons","Neuron"
"AAATTCTTCACACGCC","WT2",4567,1712,6.70024085833151,"1","0","0","Projection Neurons","Neuron"
"AAATTCTTTCCTGTGC","WT2",10466,2939,4.53850563730174,"1","0","0","Projection Neurons","Neuron"
"AAATTCTTTCTCGTTG","WT2",5169,1955,8.5703230798994,"1","0","0","Projection Neurons","Neuron"
"AAATTGAACATGCGAT","WT2",2349,1126,6.93912303107705,"0","1","1","Projection Neurons","Neuron"
"AAATTGAACCTGCGGA","WT2",1813,820,12.8516271373414,"0","0","0","Projection Neurons","Neuron"
"AAATTGACCTATTAAG","WT2",6626,2320,3.29006942348325,"2","2","2","Non-Projection Neuron Cells","aIP"
"AAATTGAGGACTTTTC","WT2",8198,2425,5.61112466455233,"1","0","0","Projection Neurons","Neuron"
"AAATTGAGGCCTTTGG","WT2",9546,2782,4.43117536140792,"1","0","0","Projection Neurons","Neuron"
"AAATTGAGGGACGCAC","WT2",6462,2256,4.85917672547199,"1","0","0","Projection Neurons","Neuron"
"AAATTGCAATTGCTCG","WT2",7173,2324,4.44723267809843,"0","6","6","Projection Neurons","Neuron"
"AAATTGCATCCGCGAG","WT2",2517,1236,5.91974572904251,"0","1","1","Projection Neurons","Neuron"
"AAATTGCCTTGACCTC","WT2",8674,2514,3.96587502882177,"1","0","0","Projection Neurons","Neuron"
"AAATTGCGAGTTAATG","WT2",14493,3586,5.55440557510522,"0","6","6","Projection Neurons","Neuron"
"AAATTGCGTGTGCCGA","WT2",4232,1762,5.5765595463138,"2","2","2","Non-Projection Neuron Cells","aIP"
"AAATTGGGAAACCTTA","WT2",2673,1237,9.76430976430976,"0","1","1","Projection Neurons","Neuron"
"AAATTGTCGACCGAAC","WT2",3176,1196,10.2015113350126,"1","0","0","Projection Neurons","Neuron"
"AAATTTACACCGATGA","WT2",4956,1996,5.7909604519774,"0","1","1","Projection Neurons","Neuron"
"AAATTTACCCCATGAC","WT2",11532,3048,4.04092958723552,"1","0","0","Projection Neurons","Neuron"
"AAATTTATGCCAATCT","WT2",2238,1129,13.3154602323503,"1","0","0","Projection Neurons","Neuron"
"AAATTTCAATTTTATT","WT2",4146,1770,8.36951278340569,"2","2","2","Non-Projection Neuron Cells","aIP"
"AACAAAAGATGGTCCT","WT2",19278,4579,4.18611889200124,"0","6","6","Projection Neurons","Neuron"
"AACAAACCCAAAACTT","WT2",4535,2341,3.06504961411246,"4","4","4","Non-Projection Neuron Cells","Oligo"
"AACAAACCTAGGAGAG","WT2",13722,3365,2.9806150706894,"1","0","0","Projection Neurons","Neuron"
"AACAAAGAGGTGCGTA","WT2",5388,2121,6.55159613956941,"0","1","1","Projection Neurons","Neuron"
"AACAAAGATGCTCTGG","WT2",5215,1891,8.09204218600192,"0","1","1","Projection Neurons","Neuron"
"AACAAAGCTCGCGGTA","WT2",10093,3337,4.21083919548202,"2","2","2","Non-Projection Neuron Cells","aIP"
"AACAAAGGTACTCAAT","WT2",14756,3862,4.4388723231228,"1","0","0","Projection Neurons","Neuron"
"AACAAAGGTTGTAGGG","WT2",5732,2288,4.74528960223308,"0","1","1","Projection Neurons","Neuron"
"AACAAAGTAGCCGGAA","WT2",2374,1117,2.65374894692502,"1","0","0","Projection Neurons","Neuron"
"AACAAATACACACAGC","WT2",10330,2839,4.72410454985479,"1","0","0","Projection Neurons","Neuron"
"AACAAATGCTTCCCTG","WT2",13988,4243,6.08378610237346,"6","2","2","Non-Projection Neuron Cells","aIP"
"AACAAATTTTGTGCGT","WT2",4767,2207,5.99958044891966,"6","2","2","Non-Projection Neuron Cells","aIP"
"AACAACAAAAGGTTTA","WT2",11742,3258,5.44200306591722,"1","0","0","Projection Neurons","Neuron"
"AACAACAGACATTTGC","WT2",5360,2035,1.23134328358209,"1","0","0","Projection Neurons","Neuron"
"AACAACAGTTCAGACT","WT2",4059,1634,9.80537078098054,"0","0","0","Projection Neurons","Neuron"
"AACAACCAAAATAGTG","WT2",16435,3758,5.08670520231214,"1","0","0","Projection Neurons","Neuron"
"AACAACCCATGAAGAA","WT2",11815,3273,5.34066864155734,"1","0","0","Projection Neurons","Neuron"
"AACAACCGCCCCGATG","WT2",6148,2688,4.55432661027977,"2","2","2","Non-Projection Neuron Cells","aIP"
"AACAACCGGCTCATGA","WT2",9038,2878,4.65811020137199,"0","1","1","Projection Neurons","Neuron"
"AACAACCGGTACACCG","WT2",7928,2649,5.47426841574168,"1","0","0","Projection Neurons","Neuron"
"AACAACCTATTAAGCT","WT2",12517,3071,4.76152432691539,"1","0","0","Projection Neurons","Neuron"
"AACAACTAACGGTCGA","WT2",3533,1451,8.94424002264365,"1","0","0","Projection Neurons","Neuron"
"AACAACTCTGCTCGGG","WT2",13721,4066,3.01727279352817,"1","0","0","Projection Neurons","Neuron"
"AACAAGAACTCTCGGG","WT2",3177,1719,9.85206169342147,"1","0","0","Projection Neurons","Neuron"
"AACAAGAATGTGGTTA","WT2",11026,3075,3.70941411209868,"1","0","0","Projection Neurons","Neuron"
"AACAAGACATAGAAGA","WT2",7702,2356,6.79044404050896,"1","0","0","Projection Neurons","Neuron"
"AACAAGACCCCACAGC","WT2",5216,1845,8.0329754601227,"1","0","0","Projection Neurons","Neuron"
"AACAAGATAACGTAGG","WT2",12897,3275,3.7140420252772,"1","0","0","Projection Neurons","Neuron"
"AACAAGATCCAGATAA","WT2",2087,1192,2.77910876856732,"1","0","0","Projection Neurons","Neuron"
"AACAAGGCATAGTACG","WT2",10408,3041,5.48616448885473,"1","0","0","Projection Neurons","Neuron"
"AACAAGGCATTCATGT","WT2",12483,3147,4.45405751822479,"1","0","0","Projection Neurons","Neuron"
"AACAAGGTCCAGATTG","WT2",12184,3380,3.15167432698621,"1","0","0","Projection Neurons","Neuron"
"AACAAGGTTCATGCCC","WT2",6629,2197,3.69588173178458,"0","1","1","Projection Neurons","Neuron"
"AACAAGTAGCTACCAA","WT2",9212,2565,4.52670429874077,"1","0","0","Projection Neurons","Neuron"
"AACAAGTAGGAGCGCT","WT2",4346,1668,2.94523699953981,"1","0","0","Projection Neurons","Neuron"
"AACAAGTATGGTAGGT","WT2",10925,2998,6.19679633867277,"1","0","0","Projection Neurons","Neuron"
"AACAAGTCCCTTGTGT","WT2",6205,2103,5.94681708299758,"0","1","1","Projection Neurons","Neuron"
"AACAAGTGTTCGGTTC","WT2",11224,3506,3.80434782608696,"0","1","1","Projection Neurons","Neuron"
"AACAAGTTTACTCAGC","WT2",6489,2607,4.45369086145785,"0","1","1","Projection Neurons","Neuron"
"AACAATAAAACAGGTC","WT2",4632,1803,4.31778929188256,"0","1","1","Projection Neurons","Neuron"
"AACAATACAGCAGAAT","WT2",7293,2816,7.54147812971342,"1","0","0","Projection Neurons","Neuron"
"AACAATACTCCTCCTG","WT2",2718,1568,12.3988226637233,"0","1","1","Projection Neurons","Neuron"
"AACAATAGAGTTCCCG","WT2",4828,1954,5.4059652029826,"1","0","0","Projection Neurons","Neuron"
"AACAATAGGTTCTACT","WT2",2888,1296,9.97229916897507,"0","1","1","Projection Neurons","Neuron"
"AACAATATCTCGAATG","WT2",5839,2146,4.41856482274362,"1","1","1","Projection Neurons","Neuron"
"AACAATATTGTAAACC","WT2",11309,3172,6.7556813157662,"1","0","0","Projection Neurons","Neuron"
"AACAATATTTGGAAGT","WT2",7739,2452,5.28492053236852,"1","0","0","Projection Neurons","Neuron"
"AACAATCACAGGAGAA","WT2",2240,1000,9.59821428571429,"0","1","1","Projection Neurons","Neuron"
"AACAATCGGTCGAGTC","WT2",9629,3119,4.02949423616159,"1","0","0","Projection Neurons","Neuron"
"AACAATCTCGGGATTT","WT2",4410,1669,6.87074829931973,"0","1","1","Projection Neurons","Neuron"
"AACAATGAATAGTCGT","WT2",7905,2943,3.9595192915876,"2","2","2","Non-Projection Neuron Cells","aIP"
"AACAATGCGCGGATTA","WT2",2540,1611,6.41732283464567,"1","0","0","Projection Neurons","Neuron"
"AACAATGCTGCGGAGC","WT2",3241,1396,10.1820425794508,"0","1","1","Projection Neurons","Neuron"
"AACAATGGATACACGA","WT2",16311,4048,3.78885414750782,"1","0","0","Projection Neurons","Neuron"
"AACAATTAGGGCCGGA","WT2",5608,2136,7.72111269614836,"1","0","0","Projection Neurons","Neuron"
"AACAATTTGAAGGTAA","WT2",2259,1106,11.4209827357238,"1","0","0","Projection Neurons","Neuron"
"AACACAAGCGAGGGCT","WT2",7877,2226,6.96965849942872,"1","0","0","Projection Neurons","Neuron"
"AACACACCATTGATTC","WT2",3534,1457,6.36672325976231,"1","0","0","Projection Neurons","Neuron"
"AACACAGTGTCTTACC","WT2",12176,3571,3.71222076215506,"0","6","6","Projection Neurons","Neuron"
"AACACAGTTCTCGCGG","WT2",4047,1670,7.78354336545589,"1","0","0","Projection Neurons","Neuron"
"AACACATGAATTACGA","WT2",4299,1820,6.21074668527565,"0","1","1","Projection Neurons","Neuron"
"AACACATGTGGACGGC","WT2",14294,4798,3.36504827200224,"2","2","2","Non-Projection Neuron Cells","aIP"
"AACACCAAGTGCGGTC","WT2",2860,1532,0.20979020979021,"0","1","1","Projection Neurons","Neuron"
"AACACCAGATACACAG","WT2",7906,2410,5.42625853781938,"4","4","4","Non-Projection Neuron Cells","Oligo"
"AACACCAGTGCGGCAC","WT2",4590,1744,4.64052287581699,"3","3","3","Non-Projection Neuron Cells","RGP"
"AACACCCTCCGGGCAG","WT2",4668,1920,2.74207369323051,"0","1","1","Projection Neurons","Neuron"
"AACACCGTCTGAAATC","WT2",5058,2436,2.17477263740609,"0","0","0","Projection Neurons","Neuron"
"AACACCTATATATCCT","WT2",12530,3268,3.44772545889864,"1","0","0","Projection Neurons","Neuron"
"AACACCTCTGGGCGTC","WT2",6840,2303,6.11111111111111,"0","0","0","Projection Neurons","Neuron"
"AACACCTTGGACATGG","WT2",5676,2441,2.34319943622269,"2","2","2","Non-Projection Neuron Cells","aIP"
"AACACGACTAATAGAA","WT2",11615,3145,5.17434352130865,"1","0","0","Projection Neurons","Neuron"
"AACACGAGAAAAACTA","WT2",2969,1270,8.85820141461772,"0","1","1","Projection Neurons","Neuron"
"AACACGAGCAAGTACC","WT2",5973,2370,4.23572744014733,"2","2","2","Non-Projection Neuron Cells","aIP"
"AACACGCACTCGTCTC","WT2",3217,1450,5.5952751010258,"0","1","1","Projection Neurons","Neuron"
"AACACGCGCGTCTTGA","WT2",3411,1581,4.01641747288185,"2","2","2","Non-Projection Neuron Cells","aIP"
"AACACGCTAAACCTGA","WT2",1812,1010,4.13907284768212,"0","1","1","Projection Neurons","Neuron"
"AACACGCTGATGCTAC","WT2",10469,3247,3.01843538064763,"1","0","0","Projection Neurons","Neuron"
"AACACGGACCCACGTG","WT2",6794,2572,3.85634383279364,"0","1","1","Projection Neurons","Neuron"
"AACACGGATGTTTGCT","WT2",12043,2987,4.35937889230258,"3","3","3","Non-Projection Neuron Cells","RGP"
"AACACGGCGAAACTTC","WT2",6001,2439,4.89918346942176,"4","4","4","Non-Projection Neuron Cells","Oligo"
"AACACGGCTATATGTG","WT2",7007,2410,5.38033395176252,"0","0","0","Projection Neurons","Neuron"
"AACACGGTATCGTGCC","WT2",27269,5957,3.89819942058748,"2","2","2","Non-Projection Neuron Cells","aIP"
"AACACGGTGACATGCA","WT2",2507,1256,1.51575588352613,"0","1","1","Projection Neurons","Neuron"
"AACACGTCCAGAAAAG","WT2",2846,1187,11.7709065354884,"1","0","0","Projection Neurons","Neuron"
"AACACGTTATAGATCT","WT2",10671,2861,5.11667135226314,"1","0","0","Projection Neurons","Neuron"
"AACACGTTTAGTCCTT","WT2",6529,2190,6.64726604380456,"1","0","0","Projection Neurons","Neuron"
"AACACTATCGGTCAAC","WT2",3684,1500,7.54614549402823,"0","1","1","Projection Neurons","Neuron"
"AACACTCAAAGTAGTT","WT2",7678,2530,5.97811930190154,"3","3","3","Non-Projection Neuron Cells","RGP"
"AACACTCTGCGCCGCT","WT2",10939,3290,4.34226163269037,"0","6","6","Projection Neurons","Neuron"
"AACACTCTGTAGAGCA","WT2",3187,1476,7.21681832444305,"5","5","5","Non-Projection Neuron Cells","OBNB"
"AACACTGTAGTTACCA","WT2",16319,3883,4.2833506955083,"3","3","3","Non-Projection Neuron Cells","RGP"
"AACACTGTGGGCCTAG","WT2",3698,1903,2.10924824229313,"2","2","2","Non-Projection Neuron Cells","aIP"
"AACACTTCACTCTTTC","WT2",1660,1122,2.16867469879518,"0","6","6","Projection Neurons","Neuron"
"AACACTTCCCGACTAT","WT2",4539,1683,9.67173386208416,"1","0","0","Projection Neurons","Neuron"
"AACACTTGCGGGACAT","WT2",11780,3201,6.30730050933786,"1","0","0","Projection Neurons","Neuron"
"AACAGAAATGTTAAAT","WT2",2382,1611,0.251889168765743,"1","0","0","Projection Neurons","Neuron"
"AACAGAAGGGCACGTG","WT2",7028,2271,5.54923164484917,"1","0","0","Projection Neurons","Neuron"
"AACAGAAGTGGGTACG","WT2",2203,1124,3.67680435769405,"1","0","0","Projection Neurons","Neuron"
"AACAGAATATAGGTGC","WT2",16219,4085,4.35908502373759,"1","0","0","Projection Neurons","Neuron"
"AACAGAATTCCTGGGA","WT2",5775,2002,7.41125541125541,"1","0","0","Projection Neurons","Neuron"
"AACAGACGTTCATTTG","WT2",2096,1227,12.8339694656489,"1","0","0","Projection Neurons","Neuron"
"AACAGAGAACTGTGGC","WT2",14961,3823,5.41407659915781,"1","0","0","Projection Neurons","Neuron"
"AACAGAGACAGAAAGA","WT2",5736,2053,4.42817294281729,"0","1","1","Projection Neurons","Neuron"
"AACAGAGGAACCACTT","WT2",8106,2812,3.13348137182334,"2","2","2","Non-Projection Neuron Cells","aIP"
"AACAGAGTAGAGAAAT","WT2",7988,2400,4.43164747120681,"1","0","0","Projection Neurons","Neuron"
"AACAGATAACCGTAGA","WT2",7611,2494,5.40007883326764,"1","0","0","Projection Neurons","Neuron"
"AACAGATACTTGGCGG","WT2",12616,3782,1.7993024730501,"3","3","3","Non-Projection Neuron Cells","RGP"
"AACAGATCAGACGACA","WT2",4816,1791,8.01495016611296,"1","0","0","Projection Neurons","Neuron"
"AACAGATCCATGCAGC","WT2",5005,1923,4.71528471528472,"2","2","2","Non-Projection Neuron Cells","aIP"
"AACAGATGAGGCTCCC","WT2",14173,3368,5.33408593805122,"1","0","0","Projection Neurons","Neuron"
"AACAGATGCGCTCCGA","WT2",5533,2068,5.15091270558467,"0","0","0","Projection Neurons","Neuron"
"AACAGATGGATTTCCC","WT2",3142,1420,9.16613621896881,"5","5","5","Non-Projection Neuron Cells","OBNB"
"AACAGATGGTCTTATG","WT2",11759,3034,3.88638489667489,"1","0","0","Projection Neurons","Neuron"
"AACAGCAACCGAGGTG","WT2",6040,2040,4.50331125827815,"0","1","1","Projection Neurons","Neuron"
"AACAGCAGCGGCACAG","WT2",10427,3694,1.86055433010454,"6","2","2","Non-Projection Neuron Cells","aIP"
"AACAGCAGCGTGGCCG","WT2",6486,2328,4.31699044094974,"1","0","0","Projection Neurons","Neuron"
"AACAGCATTCACACAT","WT2",7133,2612,3.23846908734053,"2","2","2","Non-Projection Neuron Cells","aIP"
"AACAGCCAGGGGTGAT","WT2",3729,1561,5.98015553767766,"1","0","0","Projection Neurons","Neuron"
"AACAGCCCCATATAGA","WT2",11432,2992,4.69734079776067,"3","3","3","Non-Projection Neuron Cells","RGP"
"AACAGCCTCTAGGCAG","WT2",2743,1508,13.5253372220197,"1","0","0","Projection Neurons","Neuron"
"AACAGCCTGCGGAGAA","WT2",4046,1701,6.96984676223431,"2","3","3","Non-Projection Neuron Cells","RGP"
"AACAGCGAAGTGAGTA","WT2",11324,2957,5.93429883433416,"1","0","0","Projection Neurons","Neuron"
"AACAGCGACTTGGCAC","WT2",7063,2092,6.45618009344471,"1","0","0","Projection Neurons","Neuron"
"AACAGCTCGGTCGTGA","WT2",2455,1050,6.15071283095723,"5","5","5","Non-Projection Neuron Cells","OBNB"
"AACAGGAACGCCTATC","WT2",9233,3036,4.52723925051446,"1","0","0","Projection Neurons","Neuron"
"AACAGGAACGGTCCAG","WT2",7462,2934,1.56794425087108,"4","4","4","Non-Projection Neuron Cells","Oligo"
"AACAGGACAAAAGGGT","WT2",7002,2248,6.79805769780063,"1","0","0","Projection Neurons","Neuron"
"AACAGGACTAGGTTAC","WT2",1690,980,3.07692307692308,"0","1","1","Projection Neurons","Neuron"
"AACAGGACTGTCCTTA","WT2",13049,3676,3.50984749789256,"3","3","3","Non-Projection Neuron Cells","RGP"
"AACAGGATAGGCTCCC","WT2",9601,3434,0.906155608790751,"3","3","3","Non-Projection Neuron Cells","RGP"
"AACAGGATGGGGCAAA","WT2",7182,2194,6.51629072681704,"1","0","0","Projection Neurons","Neuron"
"AACAGGCAATCCGGGG","WT2",6582,2536,3.6918869644485,"2","2","2","Non-Projection Neuron Cells","aIP"
"AACAGGCACTCATGAT","WT2",12068,3614,4.97182631753397,"1","0","0","Projection Neurons","Neuron"
"AACAGGCCCACGCGGA","WT2",16227,3926,4.06113268010107,"1","0","0","Projection Neurons","Neuron"
"AACAGGCCGACTCCTG","WT2",13346,3451,4.63809381087966,"1","0","0","Projection Neurons","Neuron"
"AACAGGCGACGGTAGC","WT2",2536,1235,7.37381703470032,"5","5","5","Non-Projection Neuron Cells","OBNB"
"AACAGGCGCGGATTTC","WT2",12607,3579,4.94169905607996,"2","2","2","Non-Projection Neuron Cells","aIP"
"AACAGGCGTAGTTTCT","WT2",12745,3395,4.44880345233425,"1","0","0","Projection Neurons","Neuron"
"AACAGGCGTATATCAC","WT2",9174,2968,4.97056899934598,"0","6","6","Projection Neurons","Neuron"
"AACAGGGAACATGAAG","WT2",9598,3487,3.09439466555532,"3","3","3","Non-Projection Neuron Cells","RGP"
"AACAGGGAACTCACGC","WT2",1571,790,3.24633991088479,"0","1","1","Projection Neurons","Neuron"
"AACAGGGAATCAGATC","WT2",1821,874,6.47995606809445,"1","0","0","Projection Neurons","Neuron"
"AACAGGGACTAGGAGT","WT2",10202,2816,5.92040776318369,"1","0","0","Projection Neurons","Neuron"
"AACAGGGATAATCTCT","WT2",5144,2354,0.933125972006221,"0","0","0","Projection Neurons","Neuron"
"AACAGGGCATGCAATC","WT2",15633,3728,5.37964562144182,"1","0","0","Projection Neurons","Neuron"
"AACAGGGGAAGGTGTC","WT2",3252,1815,11.7158671586716,"1","0","0","Projection Neurons","Neuron"
"AACAGGGTGAGCCGGA","WT2",3644,1687,8.397365532382,"1","0","0","Projection Neurons","Neuron"
"AACAGGGTGTGATGAC","WT2",4373,2193,12.1198262062657,"1","0","0","Projection Neurons","Neuron"
"AACAGGTAACAGGGAT","WT2",10564,3118,4.34494509655434,"0","6","6","Projection Neurons","Neuron"
"AACAGGTGAAGTACAA","WT2",18015,4082,5.19567027477102,"1","0","0","Projection Neurons","Neuron"
"AACAGGTTACACGCTT","WT2",2416,1391,3.02152317880795,"2","2","2","Non-Projection Neuron Cells","aIP"
"AACAGGTTGCCCGGCG","WT2",19519,5438,5.1590757723244,"6","3","3","Non-Projection Neuron Cells","RGP"
"AACAGTACTTCATGAG","WT2",7932,2529,5.88754412506304,"1","0","0","Projection Neurons","Neuron"
"AACAGTAGACTAGCAA","WT2",5699,2783,1.78978768204948,"6","2","2","Non-Projection Neuron Cells","aIP"
"AACAGTATTATCCCCT","WT2",19986,4921,4.00780546382468,"1","0","0","Projection Neurons","Neuron"
"AACAGTATTGGGCGTA","WT2",2071,1377,0.917431192660551,"1","0","0","Projection Neurons","Neuron"
"AACAGTATTTTTGTAT","WT2",12430,3560,4.07884151246983,"1","0","0","Projection Neurons","Neuron"
"AACAGTCGGGATTAGG","WT2",2152,1192,7.62081784386617,"0","0","0","Projection Neurons","Neuron"
"AACAGTCGTAAGCGTC","WT2",4554,1705,6.93895476504172,"0","1","1","Projection Neurons","Neuron"
"AACAGTCTTCAATGGA","WT2",4462,1924,4.50470640968176,"0","0","0","Projection Neurons","Neuron"
"AACAGTGGCGCAGGGC","WT2",10940,3120,2.83363802559415,"3","3","3","Non-Projection Neuron Cells","RGP"
"AACAGTTCTTATTTTA","WT2",9610,2558,4.57856399583767,"1","0","0","Projection Neurons","Neuron"
"AACAGTTGCTTCAGAA","WT2",8377,2690,4.71529187059807,"1","0","0","Projection Neurons","Neuron"
"AACATAACAGACTCTT","WT2",3014,1559,3.08560053085601,"4","4","4","Non-Projection Neuron Cells","Oligo"
"AACATAATTACGGCCA","WT2",7213,3061,4.006654651324,"1","0","0","Projection Neurons","Neuron"
"AACATACTTGACCTAA","WT2",2913,1418,4.90902849296258,"0","1","1","Projection Neurons","Neuron"
"AACATACTTGGGGTCC","WT2",5928,2175,5.48245614035088,"0","1","1","Projection Neurons","Neuron"
"AACATAGAGTACGCTA","WT2",9541,3364,2.64123257520176,"2","2","2","Non-Projection Neuron Cells","aIP"
"AACATAGTTAGAGTAA","WT2",7696,2457,4.98960498960499,"0","0","0","Projection Neurons","Neuron"
"AACATAGTTATGGTTC","WT2",12253,3183,5.87611197257814,"1","0","0","Projection Neurons","Neuron"
"AACATATGAACCATGT","WT2",4542,1850,6.25275209158961,"1","0","0","Projection Neurons","Neuron"
"AACATATTATCACGTT","WT2",4205,1626,6.11177170035672,"0","1","1","Projection Neurons","Neuron"
"AACATATTGGTTGTAT","WT2",8897,2777,4.94548724289086,"1","0","0","Projection Neurons","Neuron"
"AACATATTTGAACGAA","WT2",3406,1413,10.8338226658837,"1","0","0","Projection Neurons","Neuron"
"AACATCAGTTTTTGCC","WT2",5067,1853,8.95993684626012,"1","0","0","Projection Neurons","Neuron"
"AACATCATAGATTGGT","WT2",1866,1011,5.14469453376206,"0","1","1","Projection Neurons","Neuron"
"AACATCCAAGTGAGCG","WT2",9538,3449,2.18075068148459,"2","2","2","Non-Projection Neuron Cells","aIP"
"AACATCCGGATCAATT","WT2",7190,3225,2.58692628650904,"6","2","2","Non-Projection Neuron Cells","aIP"
"AACATCGAAGTTCTGC","WT2",9358,2821,3.78285958538149,"1","0","0","Projection Neurons","Neuron"
"AACATCGCTGCTCTAT","WT2",3865,1581,10.2975420439845,"0","1","1","Projection Neurons","Neuron"
"AACATCTAAAATGCAT","WT2",7456,2372,4.56008583690987,"0","6","6","Projection Neurons","Neuron"
"AACATCTAGCATCAAA","WT2",3115,1445,8.89245585874799,"1","0","0","Projection Neurons","Neuron"
"AACATGAATCTCCTTC","WT2",5613,1939,5.18439337252806,"0","1","1","Projection Neurons","Neuron"
"AACATGACCGTCCAAC","WT2",9874,2881,5.37775977314158,"3","3","3","Non-Projection Neuron Cells","RGP"
"AACATGAGACCGAGAC","WT2",7470,3014,0.655957161981258,"2","2","2","Non-Projection Neuron Cells","aIP"
"AACATGAGCAACCCTT","WT2",9473,2961,5.79541855800697,"1","0","0","Projection Neurons","Neuron"
"AACATGAGGTCGTCAA","WT2",2485,1288,3.62173038229376,"1","0","0","Projection Neurons","Neuron"
"AACATGATTATTTACT","WT2",4157,1650,4.76305027664181,"5","5","5","Non-Projection Neuron Cells","OBNB"
"AACATGCAGCCATATC","WT2",11475,3198,2.28322440087146,"3","3","3","Non-Projection Neuron Cells","RGP"
"AACATGCAGGTCATCC","WT2",7457,2211,5.76639399222207,"4","4","4","Non-Projection Neuron Cells","Oligo"
"AACATGCCAAGGTACG","WT2",18872,4123,4.04832556167868,"1","0","0","Projection Neurons","Neuron"
"AACATGCGTAATAAGA","WT2",5600,1967,6.85714285714286,"1","0","0","Projection Neurons","Neuron"
"AACATGCTCAAATCTT","WT2",4963,1922,5.50070521861777,"0","1","1","Projection Neurons","Neuron"
"AACATGGCGCCCAAGA","WT2",6686,2408,6.16212982351182,"1","0","0","Projection Neurons","Neuron"
"AACATGTATACTCTGA","WT2",15717,4112,4.16746198383916,"3","3","3","Non-Projection Neuron Cells","RGP"
"AACATGTCATAGGAGC","WT2",6325,2359,7.06719367588933,"2","2","2","Non-Projection Neuron Cells","aIP"
"AACATGTCGGATTGTC","WT2",1657,1018,14.7857573928787,"1","0","0","Projection Neurons","Neuron"
"AACATGTCTCGGTCCC","WT2",7482,2556,6.37530072173216,"2","2","2","Non-Projection Neuron Cells","aIP"
"AACATGTGCGCCTGAA","WT2",23533,4875,4.11762206263545,"0","6","6","Projection Neurons","Neuron"
"AACATTAAATCACCTG","WT2",9879,2716,8.31055774876,"1","0","0","Projection Neurons","Neuron"
"AACATTAACGTTCAAG","WT2",5093,2016,6.28313371293933,"0","1","1","Projection Neurons","Neuron"
"AACATTATATCGGGGC","WT2",5198,2354,4.80954213158907,"4","3","3","Non-Projection Neuron Cells","RGP"
"AACATTCAACTCACAT","WT2",11616,3178,6.80096418732782,"1","0","0","Projection Neurons","Neuron"
"AACATTCAGTGCGCGA","WT2",5908,2020,4.95937711577522,"1","0","0","Projection Neurons","Neuron"
"AACATTCCAATCGTTC","WT2",5057,1984,3.36167688352778,"2","2","2","Non-Projection Neuron Cells","aIP"
"AACATTCTCTCTCGGT","WT2",8351,2744,4.25098790564004,"3","3","3","Non-Projection Neuron Cells","RGP"
"AACATTGAGCCCCTCG","WT2",6718,2138,6.62399523667758,"1","0","0","Projection Neurons","Neuron"
"AACATTGGAAGCCGCG","WT2",4203,1533,7.11396621460861,"4","4","4","Non-Projection Neuron Cells","Oligo"
"AACATTTCGCCGGGTA","WT2",6829,2019,5.49128715770977,"1","0","0","Projection Neurons","Neuron"
"AACCAAAAACGCTTCT","WT2",2540,1558,9.7244094488189,"1","0","0","Projection Neurons","Neuron"
"AACCAAACAGTGTAAT","WT2",4286,1715,6.08959402706486,"0","1","1","Projection Neurons","Neuron"
"AACCAAACTGACGCTG","WT2",1792,815,13.5602678571429,"0","1","1","Projection Neurons","Neuron"
"AACCAAACTTGTGATG","WT2",8789,2907,3.92536124701331,"1","0","0","Projection Neurons","Neuron"
"AACCAACCAGAGGTAG","WT2",10839,3095,3.76418488790479,"1","0","0","Projection Neurons","Neuron"
"AACCAACGCCGTATGA","WT2",4572,1747,4.22134733158355,"0","0","0","Projection Neurons","Neuron"
"AACCAACGTGTCCCGA","WT2",5756,2449,2.06740792216817,"2","2","2","Non-Projection Neuron Cells","aIP"
"AACCAACTAGCGGATC","WT2",17975,3859,5.00139082058414,"2","3","3","Non-Projection Neuron Cells","RGP"
"AACCAACTGGGATAAT","WT2",4302,1850,3.53324035332404,"0","1","1","Projection Neurons","Neuron"
"AACCAAGGTTACCACT","WT2",12429,3743,4.18376377826052,"1","0","0","Projection Neurons","Neuron"
"AACCAAGTGGAGATTA","WT2",1697,1128,4.59634649381261,"1","6","6","Projection Neurons","Neuron"
"AACCAATAACCTGGAC","WT2",6438,2174,7.85958372165269,"1","0","0","Projection Neurons","Neuron"
"AAAAAAAAAAGCTTTT","KO4",9348,2721,7.69148480958494,"2","2","2","Non-Projection Neuron Cells","aIP"
"AAAAAAAAACTATAGC","KO4",16806,3648,4.51624419850054,"1","0","0","Projection Neurons","Neuron"
"AAAAAAAATAGTGAGT","KO4",3967,1422,9.32694731535165,"5","5","5","Non-Projection Neuron Cells","OBNB"
"AAAAAAAATGAACGAG","KO4",16843,4152,5.37908923588434,"1","0","0","Projection Neurons","Neuron"
"AAAAAAACTCCCGTGT","KO4",6167,2509,5.86995297551484,"0","1","1","Projection Neurons","Neuron"
"AAAAAAACTTGGCTTC","KO4",14236,2944,6.53273391402079,"3","3","3","Non-Projection Neuron Cells","RGP"
"AAAAAAAGACGGCAGC","KO4",3661,1620,8.93198579623054,"4","4","4","Non-Projection Neuron Cells","Oligo"
"AAAAAAATATCCCCCC","KO4",4453,1631,10.4873119245453,"1","0","0","Projection Neurons","Neuron"
"AAAAAACGCATCTGGA","KO4",10149,2603,3.95112818996946,"3","3","3","Non-Projection Neuron Cells","RGP"
"AAAAAACGTTTTCAAT","KO4",5786,1998,7.84652609747667,"2","2","2","Non-Projection Neuron Cells","aIP"
"AAAAAACTTAGCGCAC","KO4",9822,2714,7.4628385257585,"0","6","6","Projection Neurons","Neuron"
"AAAAAAGAATTTAGAA","KO4",9515,2757,7.63005780346821,"0","1","1","Projection Neurons","Neuron"
"AAAAAAGCCGCTATGC","KO4",2535,1613,1.06508875739645,"1","0","0","Projection Neurons","Neuron"
"AAAAAAGCGTACAGCA","KO4",6757,2320,5.46100340387746,"1","0","0","Projection Neurons","Neuron"
"AAAAAAGGCACCGGCT","KO4",15926,3978,5.34346351877433,"0","0","0","Projection Neurons","Neuron"
"AAAAAAGTCAATCAGT","KO4",1809,974,5.14096185737977,"0","1","1","Projection Neurons","Neuron"
"AAAAAAGTCAGTCCTC","KO4",6186,1911,5.99741351438733,"3","3","3","Non-Projection Neuron Cells","RGP"
"AAAAAATATCGAACAT","KO4",3012,1305,11.1221779548473,"0","1","1","Projection Neurons","Neuron"
"AAAAAATGTAGCGTGA","KO4",9091,2928,3.5419645803542,"2","2","2","Non-Projection Neuron Cells","aIP"
"AAAAAATTTTGGCAAG","KO4",19087,3714,4.33803112065804,"3","3","3","Non-Projection Neuron Cells","RGP"
"AAAAACAATGTGTCCC","KO4",3836,1470,9.12408759124088,"5","5","5","Non-Projection Neuron Cells","OBNB"
"AAAAACACCCAATACT","KO4",10271,2527,6.67899912374647,"0","0","0","Projection Neurons","Neuron"
"AAAAACACTTTATCAT","KO4",2905,1136,14.0447504302926,"0","1","1","Projection Neurons","Neuron"
"AAAAACCGCGGCAGAC","KO4",2395,981,9.47807933194155,"4","4","4","Non-Projection Neuron Cells","Oligo"
"AAAAACCTAGATATGC","KO4",7447,2439,6.84839532697731,"0","0","0","Projection Neurons","Neuron"
"AAAAACCTCGCGCACT","KO4",5411,1940,5.00831639253373,"0","0","0","Projection Neurons","Neuron"
"AAAAACGACCAAAGAG","KO4",13729,2924,7.32755481098405,"0","0","0","Projection Neurons","Neuron"
"AAAAACGCACTGCTAA","KO4",4676,1613,13.1522668947819,"1","0","0","Projection Neurons","Neuron"
"AAAAACTATCGGAATC","KO4",9889,2704,5.46061280210335,"0","1","1","Projection Neurons","Neuron"
"AAAAACTTAGCATGAT","KO4",9316,3202,4.73379132674968,"4","4","4","Non-Projection Neuron Cells","Oligo"
"AAAAAGACAATCTTGC","KO4",2384,976,10.7802013422819,"0","1","1","Projection Neurons","Neuron"
"AAAAAGATAGGCGCTG","KO4",15033,3751,6.5921639060733,"0","0","0","Projection Neurons","Neuron"
"AAAAAGCAAAGCATAA","KO4",6026,1959,7.86591437105874,"0","1","1","Projection Neurons","Neuron"
"AAAAAGCCGTGCCCGG","KO4",2964,1095,13.5964912280702,"0","0","0","Projection Neurons","Neuron"
"AAAAAGCTCAGCTCGC","KO4",4047,1665,8.05534964170991,"2","2","2","Non-Projection Neuron Cells","aIP"
"AAAAAGGAATGACAAT","KO4",20360,4260,4.29273084479371,"1","0","0","Projection Neurons","Neuron"
"AAAAAGGAGGAAAAAG","KO4",13118,3558,4.96264674493063,"4","4","4","Non-Projection Neuron Cells","Oligo"
"AAAAAGGGCGAGCCAT","KO4",12476,3257,6.09971144597627,"1","0","0","Projection Neurons","Neuron"
"AAAAAGGGTTTACCCC","KO4",8733,2670,3.82457345700218,"2","2","2","Non-Projection Neuron Cells","aIP"
"AAAAAGTAGTGCGATG","KO4",13038,2989,5.49930971007823,"1","0","0","Projection Neurons","Neuron"
"AAAAAGTATAGAGTCC","KO4",12039,3275,6.1716089376194,"0","0","0","Projection Neurons","Neuron"
"AAAAAGTATAGTCGGA","KO4",2836,1340,1.79830747531735,"0","1","1","Projection Neurons","Neuron"
"AAAAAGTCGCGGGGGG","KO4",5966,2181,6.83875293328864,"3","3","3","Non-Projection Neuron Cells","RGP"
"AAAAAGTTATACCAAT","KO4",7415,2684,4.47741065407957,"4","4","4","Non-Projection Neuron Cells","Oligo"
"AAAAAGTTTACTGATA","KO4",7374,2320,6.26525630593979,"0","1","1","Projection Neurons","Neuron"
"AAAAAGTTTCATCCAA","KO4",4153,1893,1.13171201541055,"2","2","2","Non-Projection Neuron Cells","aIP"
"AAAAATAACAAATTCC","KO4",12046,3350,6.14311804748464,"2","2","2","Non-Projection Neuron Cells","aIP"
"AAAAATAATCCAAAGC","KO4",8963,2403,8.79169920785451,"1","0","0","Projection Neurons","Neuron"
"AAAAATCAAGCTTTTT","KO4",5924,1742,6.80283592167454,"0","1","1","Projection Neurons","Neuron"
"AAAAATCATCGCATAC","KO4",8718,2476,3.72791924753384,"3","3","3","Non-Projection Neuron Cells","RGP"
"AAAAATCATCGTATGC","KO4",3619,2177,0.580270793036751,"6","2","2","Non-Projection Neuron Cells","aIP"
"AAAAATCATGCGGAAT","KO4",20317,4165,5.78333415366442,"1","0","0","Projection Neurons","Neuron"
"AAAAATCCGGAACCAC","KO4",1824,1281,0.603070175438596,"6","2","2","Non-Projection Neuron Cells","aIP"
"AAAAATCGACTGTCGC","KO4",9519,3125,12.0180691249081,"1","0","0","Projection Neurons","Neuron"
"AAAAATCGCTGCTCGA","KO4",3082,1376,7.59247242050616,"0","1","1","Projection Neurons","Neuron"
"AAAAATCTCAGGGGCC","KO4",3706,1412,10.4964921748516,"0","0","0","Projection Neurons","Neuron"
"AAAAATCTCTAAAGCA","KO4",10323,2995,7.19752010074591,"0","0","0","Projection Neurons","Neuron"
"AAAAATCTGCTTGCAC","KO4",8084,2556,5.17070757050965,"0","0","0","Projection Neurons","Neuron"
"AAAAATCTTGTCGGGG","KO4",6742,2452,9.84870958172649,"1","0","0","Projection Neurons","Neuron"
"AAAAATCTTTATACGC","KO4",5589,1794,11.4868491680086,"0","1","1","Projection Neurons","Neuron"
"AAAAATGAATTTCCCT","KO4",3533,1445,10.9255590150014,"0","0","0","Projection Neurons","Neuron"
"AAAAATGATGGCGAAT","KO4",8736,2792,4.02930402930403,"2","2","2","Non-Projection Neuron Cells","aIP"
"AAAAATGCACACAGCG","KO4",9491,2473,12.0640606890739,"4","4","4","Non-Projection Neuron Cells","Oligo"
"AAAAATGGGTTATCTG","KO4",12832,3633,8.84507481296758,"4","4","4","Non-Projection Neuron Cells","Oligo"
"AAAAATGGTCCTATCG","KO4",6834,2103,8.25285338015803,"4","4","4","Non-Projection Neuron Cells","Oligo"
"AAAAATGTGGTTTGGG","KO4",4207,1689,5.18183979082482,"0","1","1","Projection Neurons","Neuron"
"AAAAATTAGGTATACC","KO4",9131,2431,7.633336983901,"0","1","1","Projection Neurons","Neuron"
"AAAAATTCGCCGCTAC","KO4",5823,2271,9.66855572728834,"0","1","1","Projection Neurons","Neuron"
"AAAAATTCGCGATAAT","KO4",2751,1602,0.945110868774991,"0","0","0","Projection Neurons","Neuron"
"AAAAATTGTAATCAGG","KO4",3247,1305,13.7357560825377,"1","0","0","Projection Neurons","Neuron"
"AAAAATTTCCTAGCTG","KO4",6158,1913,5.99220526144852,"3","3","3","Non-Projection Neuron Cells","RGP"
"AAAAATTTCGCCATCC","KO4",5777,2065,8.7588713865328,"0","1","1","Projection Neurons","Neuron"
"AAAACAACCCGCGGTC","KO4",3550,1341,11.0140845070423,"5","5","5","Non-Projection Neuron Cells","OBNB"
"AAAACAACCTTATTCT","KO4",7885,2282,10.1585288522511,"0","0","0","Projection Neurons","Neuron"
"AAAACAACGCGGCCCT","KO4",9544,2804,7.63830678960603,"5","5","5","Non-Projection Neuron Cells","OBNB"
"AAAACAACGGGACGGA","KO4",5073,1683,5.57855312438399,"0","1","1","Projection Neurons","Neuron"
"AAAACAATTGGAACAG","KO4",3336,1463,5.9652278177458,"4","4","4","Non-Projection Neuron Cells","Oligo"
"AAAACAATTGTTGGTT","KO4",10108,2759,6.61851998417095,"0","1","1","Projection Neurons","Neuron"
"AAAACACCCGAATCAC","KO4",3886,1692,12.1718991250643,"0","1","1","Projection Neurons","Neuron"
"AAAACACGCTTCCAGT","KO4",7160,2536,7.62569832402235,"0","0","0","Projection Neurons","Neuron"
"AAAACACGTGATATCG","KO4",9186,2891,5.08382320923144,"0","1","1","Projection Neurons","Neuron"
"AAAACACTTATTAGTC","KO4",3063,1585,0.652954619653934,"0","1","1","Projection Neurons","Neuron"
"AAAACAGGATTACCCT","KO4",2568,1139,6.61993769470405,"2","2","2","Non-Projection Neuron Cells","aIP"
"AAAACAGGTAATGCCT","KO4",4251,1789,3.08162785227005,"2","2","2","Non-Projection Neuron Cells","aIP"
"AAAACATAAATCTTCC","KO4",3917,1634,12.2287464896605,"1","0","0","Projection Neurons","Neuron"
"AAAACATCTAGCCCGA","KO4",9887,3787,4.90543137453221,"6","2","2","Non-Projection Neuron Cells","aIP"
"AAAACATGGTAACTGA","KO4",6972,2249,9.16523235800344,"0","1","1","Projection Neurons","Neuron"
"AAAACATGTGTTCTAC","KO4",6733,2175,7.61918906876578,"5","5","5","Non-Projection Neuron Cells","OBNB"
"AAAACATTTCTCCACG","KO4",2070,995,8.01932367149758,"0","1","1","Projection Neurons","Neuron"
"AAAACCAACGGATAAT","KO4",5185,1778,4.39729990356798,"3","3","3","Non-Projection Neuron Cells","RGP"
"AAAACCAATACACTCA","KO4",4662,1572,9.54525954525955,"4","4","4","Non-Projection Neuron Cells","Oligo"
"AAAACCAGCGAGTAGG","KO4",3117,1325,9.6567212062881,"0","1","1","Projection Neurons","Neuron"
"AAAACCATATCATCTC","KO4",11950,3460,5.08786610878661,"2","2","2","Non-Projection Neuron Cells","aIP"
"AAAACCCCTAGTTTCG","KO4",2205,1140,8.20861678004535,"1","0","0","Projection Neurons","Neuron"
"AAAACCCGGCATGCAG","KO4",10210,2624,5.27913809990206,"0","1","1","Projection Neurons","Neuron"
"AAAACCGAGACCACAG","KO4",7954,2714,6.38672366105104,"4","4","4","Non-Projection Neuron Cells","Oligo"
"AAAACCGAGTGCTGGC","KO4",5357,1916,7.93354489453052,"4","4","4","Non-Projection Neuron Cells","Oligo"
"AAAACCGGCAGACGGC","KO4",5972,1826,7.26724715338245,"0","6","6","Projection Neurons","Neuron"
"AAAACCGGGAGAAAAC","KO4",20552,3912,7.08933437135072,"3","3","3","Non-Projection Neuron Cells","RGP"
"AAAACCGGTCTGCGGG","KO4",12263,3133,6.41767919758624,"4","4","4","Non-Projection Neuron Cells","Oligo"
"AAAACCGTATTCGGGT","KO4",5664,2071,8.40395480225989,"0","1","1","Projection Neurons","Neuron"
"AAAACCGTTGTCTCGC","KO4",5558,1869,7.75458798128823,"5","5","5","Non-Projection Neuron Cells","OBNB"
"AAAACCTGACACCATG","KO4",2105,1220,4.27553444180523,"5","5","5","Non-Projection Neuron Cells","OBNB"
"AAAACCTGTAATAGGT","KO4",4082,1708,2.08231259186673,"2","2","2","Non-Projection Neuron Cells","aIP"
"AAAACGAATTCGCTGA","KO4",9359,2637,6.1865583929907,"2","2","2","Non-Projection Neuron Cells","aIP"
"AAAACGACCTTTTTTT","KO4",8852,2220,6.63126976954361,"0","1","1","Projection Neurons","Neuron"
"AAAACGACTATGCTAT","KO4",7772,2649,9.83015954709212,"0","1","1","Projection Neurons","Neuron"
"AAAACGACTTAGCTGT","KO4",5421,1810,5.8845231507102,"0","1","1","Projection Neurons","Neuron"
"AAAACGATAAGCAAAC","KO4",17463,3688,5.3312718318731,"3","3","3","Non-Projection Neuron Cells","RGP"
"AAAACGATTATCATCC","KO4",10410,3435,2.17098943323727,"2","2","2","Non-Projection Neuron Cells","aIP"
"AAAACGCAGCCTTCGG","KO4",10113,3046,5.94284584198556,"2","2","2","Non-Projection Neuron Cells","aIP"
"AAAACGCAGGACCATT","KO4",4677,1803,6.77784904853539,"5","5","5","Non-Projection Neuron Cells","OBNB"
"AAAACGCATACTCTCA","KO4",12426,3352,7.70964107516498,"4","3","3","Non-Projection Neuron Cells","RGP"
"AAAACGCTACAATACC","KO4",10182,3365,4.89098408956983,"2","2","2","Non-Projection Neuron Cells","aIP"
"AAAACGCTCGTGTTGC","KO4",9394,2547,7.74962742175857,"3","3","3","Non-Projection Neuron Cells","RGP"
"AAAACGGAGGGCAATC","KO4",5098,2152,6.414280109847,"0","1","1","Projection Neurons","Neuron"
"AAAACGGCTGACGTTG","KO4",3296,1795,0.0910194174757282,"4","4","4","Non-Projection Neuron Cells","Oligo"
"AAAACGGGACACTATT","KO4",7150,2510,5.45454545454545,"0","1","1","Projection Neurons","Neuron"
"AAAACGGGGCTGCCCC","KO4",8428,2238,5.60037968675842,"0","0","0","Projection Neurons","Neuron"
"AAAACGGTCTGTTGAG","KO4",7269,2565,8.04787453569955,"0","0","0","Projection Neurons","Neuron"
"AAAACGTACTTGCAAG","KO4",3513,1426,11.0162254483348,"0","1","1","Projection Neurons","Neuron"
"AAAACGTATATTCAAG","KO4",6068,2147,7.43243243243243,"0","1","1","Projection Neurons","Neuron"
"AAAACGTCTAGCAAGC","KO4",8246,3047,2.08585981081737,"3","3","3","Non-Projection Neuron Cells","RGP"
"AAAACGTTGCGTTCCG","KO4",3025,1457,3.43801652892562,"2","2","2","Non-Projection Neuron Cells","aIP"
"AAAACGTTTTCGTATG","KO4",10359,2819,5.22251182546578,"0","1","1","Projection Neurons","Neuron"
"AAAACTAAAACACAAC","KO4",3085,1275,12.5769854132901,"0","1","1","Projection Neurons","Neuron"
"AAAACTAGCTAGAGGT","KO4",6123,2442,6.32043116119549,"0","1","1","Projection Neurons","Neuron"
"AAAACTCCCTTCTAGA","KO4",2934,1172,11.1111111111111,"0","1","1","Projection Neurons","Neuron"
"AAAACTCGTCGACAGC","KO4",6540,2245,4.74006116207951,"2","2","2","Non-Projection Neuron Cells","aIP"
"AAAACTCTAAGCGAGT","KO4",5509,2200,2.77727355236885,"1","0","0","Projection Neurons","Neuron"
"AAAACTCTCTCTTACC","KO4",10314,2858,5.75916230366492,"2","2","2","Non-Projection Neuron Cells","aIP"
"AAAACTCTGAAGCCTA","KO4",16636,3841,5.39192113488819,"2","2","2","Non-Projection Neuron Cells","aIP"
"AAAACTCTGGGGGGAC","KO4",8710,2750,5.98163030998852,"0","1","1","Projection Neurons","Neuron"
"AAAACTGCAAGCGTGC","KO4",11579,2893,5.19043095258658,"1","0","0","Projection Neurons","Neuron"
"AAAACTGGCCCACAAA","KO4",5494,2432,0.564251911175828,"2","2","2","Non-Projection Neuron Cells","aIP"
"AAAACTTAGTTGCGCT","KO4",3349,1374,9.61481039116154,"0","1","1","Projection Neurons","Neuron"
"AAAACTTCGTGGAGGT","KO4",1938,937,14.8090815273478,"0","0","0","Projection Neurons","Neuron"
"AAAACTTTTTTCGCAA","KO4",5235,2019,8.57688634192932,"0","1","1","Projection Neurons","Neuron"
"AAAAGAAACGTTATCT","KO4",18051,3888,3.61752811478588,"3","3","3","Non-Projection Neuron Cells","RGP"
"AAAAGAACACTATCAT","KO4",7823,2404,6.04627380800205,"3","3","3","Non-Projection Neuron Cells","RGP"
"AAAAGAACTAATAGAC","KO4",6425,2346,8.20233463035019,"1","0","0","Projection Neurons","Neuron"
"AAAAGACATTTCTCTC","KO4",5387,1764,6.71988119547058,"5","5","5","Non-Projection Neuron Cells","OBNB"
"AAAAGACCCAATTTAT","KO4",3162,1278,9.13978494623656,"0","1","1","Projection Neurons","Neuron"
"AAAAGACTAGCCTTGC","KO4",4150,1612,7.92771084337349,"4","4","4","Non-Projection Neuron Cells","Oligo"
"AAAAGAGCGGGAGATA","KO4",5910,2742,4.68697123519459,"2","2","2","Non-Projection Neuron Cells","aIP"
"AAAAGAGGTTTACATG","KO4",12544,3095,5.66007653061224,"4","4","4","Non-Projection Neuron Cells","Oligo"
"AAAAGAGTATGCTAGA","KO4",4808,1890,6.71797004991681,"2","2","2","Non-Projection Neuron Cells","aIP"
"AAAAGAGTGTTGTCGC","KO4",5489,2053,6.04846055747859,"2","2","2","Non-Projection Neuron Cells","aIP"
"AAAAGATAATCTATTC","KO4",6650,1959,9.60902255639098,"1","0","0","Projection Neurons","Neuron"
"AAAAGATTAAGCTGTC","KO4",8868,3291,4.6233649075327,"0","0","0","Projection Neurons","Neuron"
"AAAAGATTCCATAATC","KO4",5597,2093,3.26960871895658,"3","3","3","Non-Projection Neuron Cells","RGP"
"AAAAGCACGGGACTGA","KO4",11718,2995,6.95511179382147,"1","0","0","Projection Neurons","Neuron"
"AAAAGCAGAATGGTTA","KO4",10503,2752,7.45501285347044,"0","6","6","Projection Neurons","Neuron"
"AAAAGCAGCTACTCCC","KO4",4243,1724,5.32641998585906,"0","1","1","Projection Neurons","Neuron"
"AAAAGCATCTTCACTC","KO4",6206,2309,6.75153077666774,"2","2","2","Non-Projection Neuron Cells","aIP"
"AAAAGCATTACGCGGG","KO4",4179,1332,6.79588418281886,"4","4","4","Non-Projection Neuron Cells","Oligo"
"AAAAGCCACAACGCTG","KO4",6014,2214,7.33288992351181,"0","1","1","Projection Neurons","Neuron"
"AAAAGCCACTCAGGGC","KO4",7421,2238,5.72699097156717,"0","0","0","Projection Neurons","Neuron"
"AAAAGCCAGATGTTTT","KO4",7781,2333,6.15602107698239,"1","0","0","Projection Neurons","Neuron"
"AAAAGCCAGTTAGGAT","KO4",13678,3449,6.57259833308963,"1","0","0","Projection Neurons","Neuron"
"AAAAGCGACCTGCTCC","KO4",4728,2016,9.70812182741117,"0","1","1","Projection Neurons","Neuron"
"AAAAGCGCGTACGTAT","KO4",3752,1617,2.39872068230277,"0","1","1","Projection Neurons","Neuron"
"AAAAGCGGCCCCCTGG","KO4",8803,2557,6.58866295581052,"1","0","0","Projection Neurons","Neuron"
"AAAAGCGTGCTAGTTG","KO4",11381,2980,6.96775327299886,"1","0","0","Projection Neurons","Neuron"
"AAAAGCTCAAAAACGC","KO4",6989,2228,5.63743024753184,"0","1","1","Projection Neurons","Neuron"
"AAAAGGACTGGATGAA","KO4",2205,1042,14.875283446712,"0","1","1","Projection Neurons","Neuron"
"AAAAGGATAAGCTTCC","KO4",8341,2334,6.98956959597171,"0","6","6","Projection Neurons","Neuron"
"AAAAGGATACTCGCTG","KO4",4719,1613,6.92943420216147,"5","5","5","Non-Projection Neuron Cells","OBNB"
"AAAAGGATAGCACGCA","KO4",8465,2627,6.16656822209096,"0","1","1","Projection Neurons","Neuron"
"AAAAGGATTGGCGTGG","KO4",3436,1456,8.70197904540163,"0","1","1","Projection Neurons","Neuron"
"AAAAGGATTGTGCTAG","KO4",2523,1098,9.19540229885057,"5","5","5","Non-Projection Neuron Cells","OBNB"
"AAAAGGCCCCGAGGCA","KO4",8795,2534,4.96873223422399,"0","1","1","Projection Neurons","Neuron"
"AAAAGGCCTGCTTTTA","KO4",12604,3548,3.03078387813393,"3","3","3","Non-Projection Neuron Cells","RGP"
"AAAAGGCTCACCCCGT","KO4",2411,1222,8.75155537121526,"0","1","1","Projection Neurons","Neuron"
"AAAAGGGATGTGGGTT","KO4",3264,1736,3.70710784313725,"0","1","1","Projection Neurons","Neuron"
"AAAAGGGGTAGACCTA","KO4",10471,2795,5.65371024734982,"0","6","6","Projection Neurons","Neuron"
"AAAAGGGTATTATCTC","KO4",15278,3937,4.75193088100537,"1","0","0","Projection Neurons","Neuron"
"AAAAGGTCGAGGCCCT","KO4",6633,2335,6.37720488466757,"0","1","1","Projection Neurons","Neuron"
"AAAAGGTGCAATTCAG","KO4",4584,1783,8.57329842931937,"0","1","1","Projection Neurons","Neuron"
"AAAAGGTGCTACTTGC","KO4",15000,3305,6.66,"1","0","0","Projection Neurons","Neuron"
"AAAAGTAAAAAATTGA","KO4",2760,1517,2.93478260869565,"2","2","2","Non-Projection Neuron Cells","aIP"
"AAAAGTAAATGAGTCT","KO4",5182,1783,6.92782709378618,"0","1","1","Projection Neurons","Neuron"
"AAAAGTAGTTTACGGC","KO4",6256,2316,4.923273657289,"4","4","4","Non-Projection Neuron Cells","Oligo"
"AAAAGTATAATGGAAT","KO4",2864,1140,10.2653631284916,"5","5","5","Non-Projection Neuron Cells","OBNB"
"AAAAGTATATGGCGGC","KO4",6686,2222,4.60664074184864,"2","2","2","Non-Projection Neuron Cells","aIP"
"AAAAGTATCGGGCTGC","KO4",7010,2277,7.23252496433666,"2","2","2","Non-Projection Neuron Cells","aIP"
"AAAAGTCCTGGCAATG","KO4",4501,1797,13.1081981781826,"0","1","1","Projection Neurons","Neuron"
"AAAAGTGCTGCCTGAT","KO4",7773,3104,6.74128393155796,"6","2","2","Non-Projection Neuron Cells","aIP"
"AAAAGTTCTCGTTATC","KO4",6350,2077,8.58267716535433,"5","5","5","Non-Projection Neuron Cells","OBNB"
"AAAATAAACAAATAGA","KO4",4729,1753,8.81793190949461,"0","1","1","Projection Neurons","Neuron"
"AAAATAACTCCGTACA","KO4",3041,1212,6.64255179217363,"4","4","4","Non-Projection Neuron Cells","Oligo"
"AAAATAACTGTTGATC","KO4",7077,2677,3.12279214356366,"2","2","2","Non-Projection Neuron Cells","aIP"
"AAAATACAAATTCGGA","KO4",13514,3214,7.01494746189137,"1","0","0","Projection Neurons","Neuron"
"AAAATACCTACACTCG","KO4",3444,1405,13.1823461091754,"2","3","3","Non-Projection Neuron Cells","RGP"
"AAAATACTGTACTAAC","KO4",3226,1292,6.26162430254185,"5","5","5","Non-Projection Neuron Cells","OBNB"
"AAAATACTTCCCGTAG","KO4",15329,3744,6.27568660708461,"0","1","1","Projection Neurons","Neuron"
"AAAATAGAATACTTGG","KO4",9412,2964,7.42668933276668,"0","0","0","Projection Neurons","Neuron"
"AAAATAGCGGCAGCTT","KO4",6611,2341,8.5312358190894,"1","0","0","Projection Neurons","Neuron"
"AAAATAGCTGAGGCAC","KO4",5237,1715,7.1033034179874,"0","1","1","Projection Neurons","Neuron"
"AAAATAGGTAAGTAAT","KO4",4725,1644,5.46031746031746,"0","1","1","Projection Neurons","Neuron"
"AAAATATAACGACTGT","KO4",2442,1277,5.07780507780508,"4","4","4","Non-Projection Neuron Cells","Oligo"
"AAAATATCAAGATTAG","KO4",3922,1134,12.7740948495665,"0","0","0","Projection Neurons","Neuron"
"AAAATATTCACCATCG","KO4",8324,2480,8.08505526189332,"4","4","4","Non-Projection Neuron Cells","Oligo"
"AAAATATTCGGTGGGT","KO4",4469,1795,5.12418885656746,"2","2","2","Non-Projection Neuron Cells","aIP"
"AAAATATTGCGTAAGT","KO4",15472,3453,6.2693898655636,"1","0","0","Projection Neurons","Neuron"
"AAAATCAAAAATTTGA","KO4",8336,2443,6.4299424184261,"2","3","3","Non-Projection Neuron Cells","RGP"
"AAAATCAATGCAAGAG","KO4",5512,2139,5.27939042089985,"0","1","1","Projection Neurons","Neuron"
"AAAATCACAGTCAACC","KO4",18723,3977,5.43716284783422,"3","3","3","Non-Projection Neuron Cells","RGP"
"AAAATCCACACTAGTT","KO4",5507,2204,11.2220809878337,"6","2","2","Non-Projection Neuron Cells","aIP"
"AAAATCCACGCACATC","KO4",5666,1725,10.430638898694,"4","4","4","Non-Projection Neuron Cells","Oligo"
"AAAATCCCTGCCGGTT","KO4",7056,2344,6.95861678004535,"2","2","2","Non-Projection Neuron Cells","aIP"
"AAAATCCGGCTCGAAA","KO4",2738,1045,11.3951789627465,"0","1","1","Projection Neurons","Neuron"
"AAAATCCGGTTGGGTG","KO4",8309,2941,4.04380791912384,"4","3","3","Non-Projection Neuron Cells","RGP"
"AAAATCCTGTTCATGC","KO4",8342,2601,7.3483577079837,"0","1","1","Projection Neurons","Neuron"
"AAAATCGAATTGTTTC","KO4",4054,1684,6.14208189442526,"0","1","1","Projection Neurons","Neuron"
"AAAATCGACAGGATAT","KO4",7224,2028,7.43355481727575,"4","4","4","Non-Projection Neuron Cells","Oligo"
"AAAATCGCACTGTCTT","KO4",6519,2174,9.7100782328578,"1","0","0","Projection Neurons","Neuron"
"AAAATCGCTGCAGCCA","KO4",2197,956,11.6522530723714,"0","1","1","Projection Neurons","Neuron"
"AAAATCGTTTGCATCC","KO4",4270,1356,11.6627634660422,"3","3","3","Non-Projection Neuron Cells","RGP"
"AAAATCTAGGCACCAT","KO4",9937,2913,8.946362081111,"2","2","2","Non-Projection Neuron Cells","aIP"
"AAAATCTGCCACAAGG","KO4",7041,2473,6.36273256639682,"0","1","1","Projection Neurons","Neuron"
"AAAATCTGCGCTTGGG","KO4",3018,1556,0.828363154406892,"0","1","1","Projection Neurons","Neuron"
"AAAATCTGCTGACGTC","KO4",7386,2371,8.82751150825887,"2","2","2","Non-Projection Neuron Cells","aIP"
"AAAATCTTAGATATTC","KO4",8953,2686,5.83044789456048,"0","1","1","Projection Neurons","Neuron"
"AAAATCTTAGTCAATA","KO4",11227,3518,5.10376770285918,"2","2","2","Non-Projection Neuron Cells","aIP"
"AAAATGACGCTATTTA","KO4",7162,2274,8.81038815973192,"0","1","1","Projection Neurons","Neuron"
"AAAATGAGAGCTCAAG","KO4",1885,1049,2.3342175066313,"3","3","3","Non-Projection Neuron Cells","RGP"
"AAAATGAGCAAATTAC","KO4",10061,3056,4.9995030315078,"0","0","0","Projection Neurons","Neuron"
"AAAATGATGCCCCCTG","KO4",6814,2095,11.3296154975051,"1","0","0","Projection Neurons","Neuron"
"AAAATGCCAAGCAATT","KO4",14058,3622,4.63792858159055,"0","0","0","Projection Neurons","Neuron"
"AAAATGCTGTCGGATT","KO4",11603,3062,7.2395070240455,"1","0","0","Projection Neurons","Neuron"
"AAAATGCTTGGTGTGC","KO4",3707,1381,6.74399784192069,"5","5","5","Non-Projection Neuron Cells","OBNB"
"AAAATGGATCGTCAAG","KO4",11311,3195,6.64839536734153,"5","5","5","Non-Projection Neuron Cells","OBNB"
"AAAATGGCTTTTCCCA","KO4",3461,1437,5.72088991620919,"0","1","1","Projection Neurons","Neuron"
"AAAATGGGATATGCTT","KO4",5228,2073,5.98699311400153,"2","2","2","Non-Projection Neuron Cells","aIP"
"AAAATGGGCTTCGTAA","KO4",14707,3520,4.58285170327055,"1","3","3","Non-Projection Neuron Cells","RGP"
"AAAATGGTCACACATA","KO4",3841,1588,7.28976828950794,"3","3","3","Non-Projection Neuron Cells","RGP"
"AAAATGGTTGCCGTAG","KO4",7923,2840,1.89322226429383,"2","2","2","Non-Projection Neuron Cells","aIP"
"AAAATGGTTGGGTATA","KO4",4336,2114,3.52859778597786,"4","4","4","Non-Projection Neuron Cells","Oligo"
"AAAATGTCTACCACAC","KO4",5246,1818,5.8902020587114,"3","3","3","Non-Projection Neuron Cells","RGP"
"AAAATGTGGCGTTTTT","KO4",7944,2521,4.95971802618328,"0","1","1","Projection Neurons","Neuron"
"AAAATTAAATCCTTTC","KO4",4035,1747,5.79925650557621,"4","4","4","Non-Projection Neuron Cells","Oligo"
"AAAATTAACTAATTCG","KO4",10354,3860,6.73169789453351,"6","2","2","Non-Projection Neuron Cells","aIP"
"AAAATTAGGAACGGTT","KO4",1792,894,7.36607142857143,"0","1","1","Projection Neurons","Neuron"
"AAAATTATCGTGCTTG","KO4",2345,1271,7.63326226012793,"2","2","2","Non-Projection Neuron Cells","aIP"
"AAAATTCATCGTAGGC","KO4",5609,1940,6.57871278302728,"0","1","1","Projection Neurons","Neuron"
"AAAATTCCACGACTCA","KO4",3769,1535,4.82886707349429,"0","6","6","Projection Neurons","Neuron"
"AAAATTCCACTAAGAG","KO4",5295,2139,1.35977337110482,"3","3","3","Non-Projection Neuron Cells","RGP"
"AAAATTCCCCCCGCTC","KO4",3019,1290,4.73666777078503,"2","2","2","Non-Projection Neuron Cells","aIP"
"AAAATTCCCGGTGAAG","KO4",11527,2862,6.76672161013273,"1","0","0","Projection Neurons","Neuron"
"AAAATTCCGAAGACTT","KO4",10263,3012,2.95235311312482,"2","2","2","Non-Projection Neuron Cells","aIP"
"AAAATTCCTTGAGGAT","KO4",6801,2124,4.27878253198059,"3","3","3","Non-Projection Neuron Cells","RGP"
"AAAATTCCTTGGCTAC","KO4",5749,2214,4.76604626891633,"2","2","2","Non-Projection Neuron Cells","aIP"
"AAAATTGAGATGCGTC","KO4",3547,1640,2.6219340287567,"0","1","1","Projection Neurons","Neuron"
"AAAATTGCACACTCGA","KO4",7443,2224,7.51041246809082,"1","0","0","Projection Neurons","Neuron"
"AAAATTGGACCTCTTA","KO4",4681,1897,5.55436872463149,"3","3","3","Non-Projection Neuron Cells","RGP"
"AAAATTGTCGCTCTTC","KO4",4507,1810,12.0923008653206,"4","4","4","Non-Projection Neuron Cells","Oligo"
"AAAATTTAAGCTACAC","KO4",3918,1516,9.87748851454824,"0","1","1","Projection Neurons","Neuron"
"AAAATTTATCAGTACA","KO4",3359,1571,9.22893718368562,"2","2","2","Non-Projection Neuron Cells","aIP"
"AAACAAACAGGAGTCT","KO4",6931,2364,8.02193045736546,"0","0","0","Projection Neurons","Neuron"
"AAACAAACCTCAGTTG","KO4",2211,932,13.3423790140208,"0","1","1","Projection Neurons","Neuron"
"AAACAAACTCGACTGT","KO4",21523,4042,5.52896900989639,"1","0","0","Projection Neurons","Neuron"
"AAACAAAGGACGAGCT","KO4",8418,2832,6.01092896174863,"4","4","4","Non-Projection Neuron Cells","Oligo"
"AAACAACACCACCTTG","KO4",5567,2263,7.29297646847494,"0","1","1","Projection Neurons","Neuron"
"AAACAACACGGGTTCT","KO4",3426,1457,10.507880910683,"0","1","1","Projection Neurons","Neuron"
"AAACAACATACCTTAG","KO4",5444,1955,7.29243203526819,"0","1","1","Projection Neurons","Neuron"
"AAACAACATCCGCCTT","KO4",4797,1660,5.98290598290598,"0","1","1","Projection Neurons","Neuron"
"AAACAACTACTTCTGG","KO4",7938,2436,7.88611740992693,"0","1","1","Projection Neurons","Neuron"
"AAACAAGAAACGAGGC","KO4",5339,2270,2.4349129050384,"2","2","2","Non-Projection Neuron Cells","aIP"
"AAACAAGACTAGGTCG","KO4",10103,2703,5.77056319904979,"3","3","3","Non-Projection Neuron Cells","RGP"
"AAACAAGAGAGTGCCC","KO4",6843,2381,4.73476545374836,"0","1","1","Projection Neurons","Neuron"
"AAACAAGCCTAAGGTG","KO4",8210,2447,5.91961023142509,"0","0","0","Projection Neurons","Neuron"
"AAACAAGTTTTGCGAC","KO4",8137,2481,8.56581049526853,"4","4","4","Non-Projection Neuron Cells","Oligo"
"AAACAATAACCCGAAC","KO4",7301,2197,5.41021777838652,"3","3","3","Non-Projection Neuron Cells","RGP"
"AAACAATAGGCTCATT","KO4",5810,2313,7.03958691910499,"2","2","2","Non-Projection Neuron Cells","aIP"
"AAACAATCAACTTTTC","KO4",4356,1627,4.59136822773186,"2","2","2","Non-Projection Neuron Cells","aIP"
"AAACAATCCCAAGTTA","KO4",2434,1160,6.94330320460148,"0","0","0","Projection Neurons","Neuron"
"AAACAATGGAGGCTAC","KO4",5261,2196,7.69815624406006,"4","4","4","Non-Projection Neuron Cells","Oligo"
"AAACACACAAGGGAGT","KO4",6288,1908,5.3117048346056,"3","3","3","Non-Projection Neuron Cells","RGP"
"AAACACAGATGGTCCT","KO4",3450,1412,9.53623188405797,"0","1","1","Projection Neurons","Neuron"
"AAACACATACCCCATG","KO4",8933,2738,8.70928019702228,"1","0","0","Projection Neurons","Neuron"
"AAACACATCGTAGGGA","KO4",3550,1379,11.4366197183099,"1","0","0","Projection Neurons","Neuron"
"AAACACATTCAGTGTA","KO4",1804,790,9.8669623059867,"0","0","0","Projection Neurons","Neuron"
"AAACACATTCGTCAAA","KO4",16763,4412,3.59124261766987,"3","3","3","Non-Projection Neuron Cells","RGP"
"AAACACCCACAGGCGC","KO4",4803,1569,9.88965230064543,"3","3","3","Non-Projection Neuron Cells","RGP"
"AAACACCCACCTAAAG","KO4",9943,2820,5.4711857588253,"2","2","2","Non-Projection Neuron Cells","aIP"
"AAACACCGGATCGTAT","KO4",2736,1103,14.1447368421053,"0","1","1","Projection Neurons","Neuron"
"AAACACCTCTGGTTGG","KO4",6543,2002,7.38193489225126,"3","3","3","Non-Projection Neuron Cells","RGP"
"AAACACCTGCCACTAT","KO4",7434,2314,6.69895076674738,"1","0","0","Projection Neurons","Neuron"
"AAACACGATACCGAGA","KO4",3644,1567,6.97036223929748,"4","4","4","Non-Projection Neuron Cells","Oligo"
"AAACACGGTCGAGGCA","KO4",2034,881,3.29400196656834,"0","1","1","Projection Neurons","Neuron"
"AAACACGGTTTATGTT","KO4",7545,2581,6.28230616302187,"0","1","1","Projection Neurons","Neuron"
"AAACACGTGAAATAAA","KO4",2394,1385,1.42021720969089,"0","1","1","Projection Neurons","Neuron"
"AAACACTGGCGGTAAG","KO4",7274,2169,6.9837778388782,"2","2","2","Non-Projection Neuron Cells","aIP"
"AAACACTGGCTCGATT","KO4",3167,1083,13.0723081780865,"0","0","0","Projection Neurons","Neuron"
"AAACACTGTCATATGG","KO4",3810,1565,9.39632545931759,"2","2","2","Non-Projection Neuron Cells","aIP"
"AAACAGACATTGGACT","KO4",2225,1100,2.02247191011236,"3","3","3","Non-Projection Neuron Cells","RGP"
"AAACAGACGATAATGC","KO4",6356,2118,11.1862806796728,"0","1","1","Projection Neurons","Neuron"
"AAACAGACTACATGTA","KO4",4425,1539,8.38418079096045,"0","1","1","Projection Neurons","Neuron"
"AAACAGAGAAGGTTGC","KO4",9161,2314,6.72415675144635,"0","1","1","Projection Neurons","Neuron"
"AAACAGATCGCATCTC","KO4",8925,2713,3.39495798319328,"2","2","2","Non-Projection Neuron Cells","aIP"
"AAACAGCAACTTCAAA","KO4",2668,1159,10.5697151424288,"0","1","1","Projection Neurons","Neuron"
"AAACAGCAATCCTATA","KO4",7226,2304,8.84306670357044,"0","1","1","Projection Neurons","Neuron"
"AAACAGCACACTACTG","KO4",6961,2249,8.86366901307284,"1","0","0","Projection Neurons","Neuron"
"AAACAGCATATGGGCA","KO4",18211,5400,4.27214321014771,"6","2","2","Non-Projection Neuron Cells","aIP"
"AAACAGCATCCTGTGG","KO4",6038,2069,8.28088771116264,"1","0","0","Projection Neurons","Neuron"
"AAACAGCCCAGCAGAT","KO4",2106,1095,8.4045584045584,"0","1","1","Projection Neurons","Neuron"
"AAACAGCCTGGTTTGC","KO4",3843,1320,12.4381993234452,"0","1","1","Projection Neurons","Neuron"
"AAACAGCGAGTTTGAA","KO4",14484,4179,4.12178956089478,"2","2","2","Non-Projection Neuron Cells","aIP"
"AAACAGCGCGCACGTG","KO4",5100,1827,6.62745098039216,"3","3","3","Non-Projection Neuron Cells","RGP"
"AAACAGCGCTGCATCT","KO4",2665,1212,11.7823639774859,"0","0","0","Projection Neurons","Neuron"
"AAACAGCGGACTTAGC","KO4",3357,1459,12.5409591897528,"0","0","0","Projection Neurons","Neuron"
"AAACAGCGGCATAGGT","KO4",2095,1133,1.67064439140811,"5","5","5","Non-Projection Neuron Cells","OBNB"
"AAACAGCTAGAAAGAG","KO4",2915,1366,13.4476843910806,"4","3","3","Non-Projection Neuron Cells","RGP"
"AAACAGGAACCCCGAT","KO4",3462,1442,6.23916811091854,"0","1","1","Projection Neurons","Neuron"
"AAACAGGAAGGTGTTC","KO4",5822,1802,6.83613878392305,"4","4","4","Non-Projection Neuron Cells","Oligo"
"AAACAGGCGTATCCGG","KO4",9432,2356,7.81382527565734,"4","3","3","Non-Projection Neuron Cells","RGP"
"AAACAGGGACGGGGAT","KO4",8639,3018,1.35432341706216,"0","6","6","Projection Neurons","Neuron"
"AAACAGGGTGTAGGAT","KO4",11405,3816,3.27926348092942,"2","2","2","Non-Projection Neuron Cells","aIP"
"AAACAGGTTATGGAGA","KO4",6866,1989,10.4136323914943,"2","2","2","Non-Projection Neuron Cells","aIP"
"AAACAGTGAATTGACC","KO4",3219,1529,4.06958682820752,"2","2","2","Non-Projection Neuron Cells","aIP"
"AAACAGTTAGCGCCGA","KO4",7696,2184,6.25,"1","0","0","Projection Neurons","Neuron"
"AAACATAAAGAACAGC","KO4",5476,2033,5.18626734842951,"2","2","2","Non-Projection Neuron Cells","aIP"
"AAACATACTTTGCTGT","KO4",1884,923,8.12101910828025,"2","2","2","Non-Projection Neuron Cells","aIP"
"AAACATATGGCAGCGA","KO4",8423,2218,6.51786774308441,"4","4","4","Non-Projection Neuron Cells","Oligo"
"AAACATCAAGAAATTG","KO4",4490,1696,1.51447661469933,"4","4","4","Non-Projection Neuron Cells","Oligo"
"AAACATCAATTACTCC","KO4",12585,3367,6.14223281684545,"0","0","0","Projection Neurons","Neuron"
"AAACATCGGGCTTAGC","KO4",3044,1566,1.28120893561104,"2","2","2","Non-Projection Neuron Cells","aIP"
"AAACATCTGTCGTTCA","KO4",6795,2518,4.4738778513613,"2","2","2","Non-Projection Neuron Cells","aIP"
"AAACATCTTAATGAAG","KO4",1990,1028,2.56281407035176,"2","2","2","Non-Projection Neuron Cells","aIP"
"AAACATCTTACTATGC","KO4",4749,1625,8.67551063381765,"1","0","0","Projection Neurons","Neuron"
"AAACATGAGGGCGAAG","KO4",2534,1210,3.78847671665351,"2","2","2","Non-Projection Neuron Cells","aIP"
"AAACATGGCGTTCACT","KO4",8003,2840,1.22454079720105,"2","2","2","Non-Projection Neuron Cells","aIP"
"AAACATGTAGCGTAAT","KO4",3003,1289,10.6560106560107,"0","1","1","Projection Neurons","Neuron"
"AAACATGTATAAGAAC","KO4",6201,2244,4.59603289791969,"2","2","2","Non-Projection Neuron Cells","aIP"
"AAACATGTCACCCCTT","KO4",3320,1662,4.09638554216868,"4","4","4","Non-Projection Neuron Cells","Oligo"
"AAACATGTGCTCACGG","KO4",3441,1363,12.2929380993897,"0","1","1","Projection Neurons","Neuron"
"AAACATGTTACGGGAG","KO4",5066,1490,10.4026845637584,"0","0","0","Projection Neurons","Neuron"
"AAACATTCTCGCGGCT","KO4",7712,3251,4.52541493775934,"2","2","2","Non-Projection Neuron Cells","aIP"
"AAACCAACGTTCTAAG","KO4",15497,3923,4.89772213976899,"0","0","0","Projection Neurons","Neuron"
"AAACCAATAGTGGCGA","KO4",4266,1617,12.0956399437412,"1","0","0","Projection Neurons","Neuron"
"AAACCAATGCGGCCGC","KO4",3459,1473,4.97253541485979,"2","2","2","Non-Projection Neuron Cells","aIP"
"AAACCACAGGCGCCGC","KO4",15063,3222,6.79147580163314,"1","0","0","Projection Neurons","Neuron"
"AAACCACATTAGGTTC","KO4",4689,1762,6.99509490296438,"4","4","4","Non-Projection Neuron Cells","Oligo"
"AAACCACCTATTCCAT","KO4",10767,2881,5.5632952540169,"3","3","3","Non-Projection Neuron Cells","RGP"
"AAACCACGCCTGCTAG","KO4",3347,1463,6.87182551538691,"0","1","1","Projection Neurons","Neuron"
"AAACCACTTAACATCT","KO4",4612,1950,4.07632263660017,"0","1","1","Projection Neurons","Neuron"
"AAACCAGGTATGCTTA","KO4",2236,1180,2.99642218246869,"2","2","2","Non-Projection Neuron Cells","aIP"
"AAACCAGTGACGAAGG","KO4",3830,1430,14.2819843342037,"2","2","2","Non-Projection Neuron Cells","aIP"
"AAACCATATTCGGGCA","KO4",19772,4156,4.66316002427676,"4","3","3","Non-Projection Neuron Cells","RGP"
"AAACCATCACGCACAT","KO4",6058,2051,9.16143941895015,"0","1","1","Projection Neurons","Neuron"
"AAACCATCCAGGGCGC","KO4",5926,1959,6.09179885251434,"4","4","4","Non-Projection Neuron Cells","Oligo"
"AAACCCAAGGTAGTCC","KO4",3217,1323,8.11314889648741,"0","1","1","Projection Neurons","Neuron"
"AAACCCAATCACCGCG","KO4",8215,2528,5.51430310407791,"5","5","5","Non-Projection Neuron Cells","OBNB"
"AAACCCACTAATATAG","KO4",3808,1580,9.92647058823529,"0","1","1","Projection Neurons","Neuron"
"AAACCCAGAGGTCTAG","KO4",17433,3840,6.36149830780703,"3","3","3","Non-Projection Neuron Cells","RGP"
"AAACCCAGATCATTTC","KO4",5608,1774,12.3751783166904,"0","0","0","Projection Neurons","Neuron"
"AAACCCATACCGTGCA","KO4",4922,1993,6.11540024380333,"0","1","1","Projection Neurons","Neuron"
"AAACCCATGCGTCATA","KO4",3780,1212,14.7354497354497,"3","3","3","Non-Projection Neuron Cells","RGP"
"AAACCCCACGAGCTGG","KO4",3151,1196,10.91716915265,"5","5","5","Non-Projection Neuron Cells","OBNB"
"AAACCCCGAGGCGCTC","KO4",9588,2863,8.70880267000417,"2","2","2","Non-Projection Neuron Cells","aIP"
"AAACCCCTATGCACAC","KO4",10318,3060,6.33843768172126,"4","3","3","Non-Projection Neuron Cells","RGP"
"AAACCCCTCCACGCGT","KO4",5544,2208,3.58946608946609,"2","2","2","Non-Projection Neuron Cells","aIP"
"AAACCCGGACTGAGGA","KO4",12428,3553,3.81396845831992,"3","3","3","Non-Projection Neuron Cells","RGP"
"AAACCCGGGACAATTA","KO4",9460,2606,4.82029598308668,"1","0","0","Projection Neurons","Neuron"
"AAACCCGTCCATCATT","KO4",3772,1484,7.66171792152704,"2","2","2","Non-Projection Neuron Cells","aIP"
"AAACCCTCTAAAGTGG","KO4",2296,1082,10.3222996515679,"1","0","0","Projection Neurons","Neuron"
"AAACCCTGGAGTGCTG","KO4",6509,2072,8.7110155169765,"0","0","0","Projection Neurons","Neuron"
"AAACCCTTATACGCAG","KO4",3443,1226,11.385419692129,"1","0","0","Projection Neurons","Neuron"
"AAACCGAACATCACTC","KO4",7485,2193,9.29859719438878,"1","0","0","Projection Neurons","Neuron"
"AAACCGAGCAGTGAGA","KO4",6385,1986,6.95379796397807,"2","2","2","Non-Projection Neuron Cells","aIP"
"AAACCGATACCGCGCA","KO4",4040,1465,6.78217821782178,"0","1","1","Projection Neurons","Neuron"
"AAACCGATACTTTAAT","KO4",4541,1696,5.61550319312927,"0","1","1","Projection Neurons","Neuron"
"AAACCGATAGATGAGT","KO4",5303,1733,6.73203846879125,"3","3","3","Non-Projection Neuron Cells","RGP"
"AAACCGATTTTCTCAG","KO4",6444,2013,7.01427684667908,"2","2","2","Non-Projection Neuron Cells","aIP"
"AAACCGGCCCCTTCAT","KO4",7820,2235,6.20204603580563,"3","3","3","Non-Projection Neuron Cells","RGP"
"AAACCGGCCGTCTCAA","KO4",2199,1170,13.2332878581173,"0","1","1","Projection Neurons","Neuron"
"AAACCGTACATTATAT","KO4",1975,989,13.7215189873418,"2","2","2","Non-Projection Neuron Cells","aIP"
"AAACCGTACTAAAAAG","KO4",2872,1307,9.81894150417827,"0","1","1","Projection Neurons","Neuron"
"AAACCGTCGTCTATCC","KO4",1883,807,14.0201805629315,"4","4","4","Non-Projection Neuron Cells","Oligo"
"AAACCGTGCCCTCGAT","KO4",3966,1650,10.0353000504286,"1","0","0","Projection Neurons","Neuron"
"AAACCGTTAGTAGGGC","KO4",8834,2696,4.00724473624632,"2","2","2","Non-Projection Neuron Cells","aIP"
"AAACCGTTGGCAGTAT","KO4",3353,1448,8.49985087980913,"0","1","1","Projection Neurons","Neuron"
"AAACCTACTGCAATCG","KO4",4146,1482,7.95947901591896,"5","5","5","Non-Projection Neuron Cells","OBNB"
"AAACCTATCGAACGTC","KO4",2808,1087,8.51139601139601,"3","3","3","Non-Projection Neuron Cells","RGP"
"AAACCTCGTGGCAGAG","KO4",4892,2167,10.6909239574816,"6","2","2","Non-Projection Neuron Cells","aIP"
"AAACCTGAGTGAATAG","KO4",12731,3200,7.70560050270992,"0","3","3","Non-Projection Neuron Cells","RGP"
"AAACCTGCAGTTAGGG","KO4",3388,1517,7.34946871310508,"0","1","1","Projection Neurons","Neuron"
"AAACCTGCCAGCGCAG","KO4",12070,2868,6.32145816072908,"1","0","0","Projection Neurons","Neuron"
"AAACCTGCCGTGTCTG","KO4",5145,1938,6.62779397473275,"0","1","1","Projection Neurons","Neuron"
"AAACCTTATACTAAGA","KO4",6240,1874,13.0608974358974,"2","2","2","Non-Projection Neuron Cells","aIP"
"AAACCTTCGGATCCTT","KO4",4055,1668,8.50801479654747,"0","1","1","Projection Neurons","Neuron"
"AAACCTTTCACTCCTC","KO4",11080,2887,4.67509025270758,"3","3","3","Non-Projection Neuron Cells","RGP"
"AAACGAAATACCGCAG","KO4",13935,4574,5.827054180122,"6","2","2","Non-Projection Neuron Cells","aIP"
"AAACGAAATTACGCTG","KO4",6701,2174,6.70049246381137,"1","0","0","Projection Neurons","Neuron"
"AAACGAACCCATCTAT","KO4",4059,1834,5.88814979058881,"4","4","4","Non-Projection Neuron Cells","Oligo"
"AAACGAACTTACATAT","KO4",4331,1605,8.49688293696606,"0","1","1","Projection Neurons","Neuron"
"AAACGAAGCCAGAGCC","KO4",12399,3065,6.66182756673925,"0","6","6","Projection Neurons","Neuron"
"AAACGAAGGGGTGATT","KO4",5037,1772,7.74270399047052,"1","0","0","Projection Neurons","Neuron"
"AAACGAAGTGAGGCGA","KO4",3572,1356,9.26651735722285,"5","5","5","Non-Projection Neuron Cells","OBNB"
"AAACGAATGAGCCATC","KO4",26343,5229,5.56124966784345,"4","4","4","Non-Projection Neuron Cells","Oligo"
"AAACGACAGCACGAGA","KO4",5426,1948,8.14596387762624,"0","1","1","Projection Neurons","Neuron"
"AAACGACCCGTCTAAA","KO4",3457,1591,5.55394851026902,"2","2","2","Non-Projection Neuron Cells","aIP"
"AAACGACGTCACATGC","KO4",14404,3332,7.27575673424049,"3","3","3","Non-Projection Neuron Cells","RGP"
"AAACGAGACAAGGCTG","KO4",5720,2143,6.9055944055944,"0","0","0","Projection Neurons","Neuron"
"AAACGAGCCTAGAGTC","KO4",6335,2333,7.29281767955801,"0","0","0","Projection Neurons","Neuron"
"AAACGAGTGCGGTCGT","KO4",3109,1428,12.0295915085236,"4","4","4","Non-Projection Neuron Cells","Oligo"
"AAACGAGTGGTATTTA","KO4",7249,2649,5.47661746447786,"2","2","2","Non-Projection Neuron Cells","aIP"
"AAACGAGTTCAGCTCT","KO4",1820,879,7.8021978021978,"0","1","1","Projection Neurons","Neuron"
"AAACGATAGACACTTA","KO4",9059,2338,8.15763329285793,"4","4","4","Non-Projection Neuron Cells","Oligo"
"AAACGATCCCGTTTCG","KO4",13938,3193,6.07691203902999,"0","0","0","Projection Neurons","Neuron"
"AAACGATCGGCACTTC","KO4",4725,1772,5.03703703703704,"2","2","2","Non-Projection Neuron Cells","aIP"
"AAACGATGATTATGAC","KO4",8353,3060,5.41122949838381,"1","0","0","Projection Neurons","Neuron"
"AAACGATGCGGGTGTT","KO4",3352,1249,5.13126491646778,"0","1","1","Projection Neurons","Neuron"
"AAACGATGGTGTAAGA","KO4",3667,1476,7.55385874011454,"0","1","1","Projection Neurons","Neuron"
"AAACGCAAAGCTTTCT","KO4",2871,1251,4.07523510971787,"2","2","2","Non-Projection Neuron Cells","aIP"
"AAACGCAAAGTCACCG","KO4",4070,1703,9.06633906633907,"4","3","3","Non-Projection Neuron Cells","RGP"
"AAACGCAACCGTGATT","KO4",5088,2130,1.19889937106918,"5","5","5","Non-Projection Neuron Cells","OBNB"
"AAACGCAACTTCCGCA","KO4",4898,1961,8.350347080441,"0","1","1","Projection Neurons","Neuron"
"AAACGCACACCAACTG","KO4",2781,1318,11.0751528227256,"0","1","1","Projection Neurons","Neuron"
"AAACGCACCGCATTCC","KO4",3932,1523,6.66327568667345,"3","3","3","Non-Projection Neuron Cells","RGP"
"AAACGCAGCTACTCCT","KO4",9542,2628,7.84950744078809,"1","0","0","Projection Neurons","Neuron"
"AAACGCAGTCATGAGT","KO4",2651,1094,7.31799321010939,"5","5","5","Non-Projection Neuron Cells","OBNB"
"AAACGCATAAACCACT","KO4",6027,1993,6.00630496100879,"3","3","3","Non-Projection Neuron Cells","RGP"
"AAACGCATGCGCCGTG","KO4",6311,2223,3.78703850419902,"2","2","2","Non-Projection Neuron Cells","aIP"
"AAACGCGACTATGAAG","KO4",3405,1443,6.96035242290749,"4","3","3","Non-Projection Neuron Cells","RGP"
"AAACGCGGAGTTTGGA","KO4",3061,1347,13.8516824567135,"0","0","0","Projection Neurons","Neuron"
"AAACGCGGTATATGTG","KO4",12966,3494,3.31636587999383,"4","4","4","Non-Projection Neuron Cells","Oligo"
"AAACGCGTTACATGCT","KO4",2330,1046,10.1287553648069,"4","4","4","Non-Projection Neuron Cells","Oligo"
"AAACGCTACCTGGGGT","KO4",12352,3182,4.10459844559585,"3","3","3","Non-Projection Neuron Cells","RGP"
"AAACGCTACTTATCGC","KO4",10174,3060,3.99056418321211,"1","0","0","Projection Neurons","Neuron"
"AAACGCTAGGGACCAC","KO4",3703,1363,12.4493653794221,"4","4","4","Non-Projection Neuron Cells","Oligo"
"AAACGCTCTTGTACTC","KO4",15383,4183,3.28284469869336,"0","6","6","Projection Neurons","Neuron"
"AAACGCTTATGAACGC","KO4",4989,1981,9.07997594708358,"0","0","0","Projection Neurons","Neuron"
"AAACGCTTGCATAAGA","KO4",4550,1644,8.26373626373626,"0","1","1","Projection Neurons","Neuron"
"AAACGCTTGGCAGGCT","KO4",2659,1392,5.2275291462956,"2","2","2","Non-Projection Neuron Cells","aIP"
"AAACGGAACTTAGAGA","KO4",3377,1307,13.4734971868522,"1","0","0","Projection Neurons","Neuron"
"AAACGGACTTGAGCGC","KO4",6129,1828,9.46320770109316,"0","1","1","Projection Neurons","Neuron"
"AAACGGATTCTTCCGA","KO4",3336,1472,3.50719424460432,"2","2","2","Non-Projection Neuron Cells","aIP"
"AAACGGATTTGGTGGC","KO4",3062,1490,3.20052253429131,"4","4","4","Non-Projection Neuron Cells","Oligo"
"AAACGGCACGTATCAA","KO4",4051,1863,5.55418415206122,"4","4","4","Non-Projection Neuron Cells","Oligo"
"AAACGGCAGGAACCGG","KO4",10290,2792,6.77356656948494,"1","0","0","Projection Neurons","Neuron"
"AAACGGCTAAGGAGGC","KO4",5511,1759,7.27635637815279,"0","1","1","Projection Neurons","Neuron"
"AAACGGCTAGGTGGGA","KO4",4546,1556,8.86493620765508,"3","3","3","Non-Projection Neuron Cells","RGP"
"AAACGGCTGCACGCTG","KO4",15160,3072,6.22031662269129,"2","3","3","Non-Projection Neuron Cells","RGP"
"AAACGGGAGTTGTCTC","KO4",4662,1714,9.35220935220935,"4","4","4","Non-Projection Neuron Cells","Oligo"
"AAACGGTACCCCGGGA","KO4",6760,2126,8.47633136094675,"1","0","0","Projection Neurons","Neuron"
"AAACGGTACTCCTTTC","KO4",8599,2459,7.67531108268403,"0","6","6","Projection Neurons","Neuron"
"AAACGGTATACGCAGG","KO4",6209,2511,9.90497664680303,"2","2","2","Non-Projection Neuron Cells","aIP"
"AAACGGTATCACAGGT","KO4",7059,2159,6.48817112905511,"0","1","1","Projection Neurons","Neuron"
"AAACGGTTAGCTCAAC","KO4",10817,2753,5.02912082832578,"0","0","0","Projection Neurons","Neuron"
"AAACGTAAGGAGCCGA","KO4",5314,1787,6.36055701919458,"0","1","1","Projection Neurons","Neuron"
"AAACGTAGCGGCCGCG","KO4",6567,2021,8.42089234049033,"5","5","5","Non-Projection Neuron Cells","OBNB"
"AAACGTCAACGATCCT","KO4",11731,3328,5.36186173386753,"2","2","2","Non-Projection Neuron Cells","aIP"
"AAACGTCACCGTCCCC","KO4",7086,2613,4.89697996048546,"2","2","2","Non-Projection Neuron Cells","aIP"
"AAACGTCACTGCCCGC","KO4",4430,1596,8.75846501128668,"0","1","1","Projection Neurons","Neuron"
"AAACGTCTGCTGTGCC","KO4",2442,1343,1.88370188370188,"0","1","1","Projection Neurons","Neuron"
"AAACGTCTTAGCTGGA","KO4",2652,1100,12.10407239819,"2","2","2","Non-Projection Neuron Cells","aIP"
"AAACGTGCTGCCCTTT","KO4",6856,2168,6.81155192532089,"0","1","1","Projection Neurons","Neuron"
"AAACGTGGATCCGACA","KO4",4247,1945,3.43772074405463,"2","2","2","Non-Projection Neuron Cells","aIP"
"AAACGTGGGGGGTTTC","KO4",16080,3885,7.08955223880597,"0","6","6","Projection Neurons","Neuron"
"AAACGTGTCGGAGGTA","KO4",4184,1431,10.65965583174,"5","5","5","Non-Projection Neuron Cells","OBNB"
"AAACGTTCGCTATTTG","KO4",3613,1590,11.9568225851093,"4","4","4","Non-Projection Neuron Cells","Oligo"
"AAACGTTTTTCTCGGG","KO4",5800,2330,3.81034482758621,"2","2","2","Non-Projection Neuron Cells","aIP"
"AAACTAAAATTTACCG","KO4",2884,1535,1.62968099861304,"0","0","0","Projection Neurons","Neuron"
"AAACTAACCATTGGCC","KO4",12229,3239,4.95543380489002,"3","3","3","Non-Projection Neuron Cells","RGP"
"AAACTAACGCTCGACT","KO4",2056,1213,9.97081712062257,"2","2","2","Non-Projection Neuron Cells","aIP"
"AAACTAAGTTATGCAT","KO4",12150,2919,5.16872427983539,"3","3","3","Non-Projection Neuron Cells","RGP"
"AAACTACCGACAACCC","KO4",10885,2704,5.85209003215434,"0","6","6","Projection Neurons","Neuron"
"AAACTACGGCTCGAGC","KO4",2251,1183,8.04087072412261,"0","1","1","Projection Neurons","Neuron"
"AAACTACGTGTCTACC","KO4",4875,1715,13.5589743589744,"0","1","1","Projection Neurons","Neuron"
"AAACTACTAGGTGGAT","KO4",9597,2823,6.42909242471606,"0","1","1","Projection Neurons","Neuron"
"AAACTAGCCTCGGGAA","KO4",2645,1122,7.44801512287335,"2","2","2","Non-Projection Neuron Cells","aIP"
"AAACTAGCTGCGTTGC","KO4",10167,2811,7.44565751942559,"0","1","1","Projection Neurons","Neuron"
"AAACTAGGTGAGCGAA","KO4",19591,4278,6.05380021438416,"4","3","3","Non-Projection Neuron Cells","RGP"
"AAACTATAAATGAGGT","KO4",6463,2153,6.37474856877611,"0","1","1","Projection Neurons","Neuron"
"AAACTATCTCAGCCTA","KO4",4620,1772,7.20779220779221,"4","4","4","Non-Projection Neuron Cells","Oligo"
"AAACTATTACCTGTTC","KO4",10547,2694,4.06750734806106,"4","4","4","Non-Projection Neuron Cells","Oligo"
"AAACTATTCCTCACAT","KO4",3467,1506,8.71070089414479,"5","5","5","Non-Projection Neuron Cells","OBNB"
"AAACTATTTATTACCG","KO4",2480,1433,4.95967741935484,"2","2","2","Non-Projection Neuron Cells","aIP"
"AAACTCAAGTTATAGC","KO4",3542,1363,10.5590062111801,"1","0","0","Projection Neurons","Neuron"
"AAACTCACGAGATCGG","KO4",2075,911,9.54216867469879,"5","5","5","Non-Projection Neuron Cells","OBNB"
"AAACTCAGCAGAGCTG","KO4",5090,2084,6.28683693516699,"0","6","6","Projection Neurons","Neuron"
"AAACTCAGCTTGATCT","KO4",1995,1022,5.91478696741855,"0","1","1","Projection Neurons","Neuron"
"AAACTCAGTGGGTACT","KO4",4554,1644,9.24462011418533,"0","0","0","Projection Neurons","Neuron"
"AAACTCATCTTACACA","KO4",17167,4029,4.25234461466768,"0","0","0","Projection Neurons","Neuron"
"AAACTCCAACGGATTA","KO4",7628,2503,6.39748295752491,"3","3","3","Non-Projection Neuron Cells","RGP"
"AAACTCCATGATTAGC","KO4",12493,3201,5.55511086208277,"3","3","3","Non-Projection Neuron Cells","RGP"
"AAACTCCATTCAGTCA","KO4",8220,2294,5.65693430656934,"0","0","0","Projection Neurons","Neuron"
"AAACTCCCACCCAGAG","KO4",4361,1669,9.37858289383169,"0","0","0","Projection Neurons","Neuron"
"AAACTCCCCTAGAATG","KO4",5065,1699,14.1757156959526,"1","0","0","Projection Neurons","Neuron"
"AAACTCCGAGCTTGCG","KO4",5091,1801,7.58200746415242,"0","1","1","Projection Neurons","Neuron"
"AAACTCCTCTATGGAG","KO4",14109,3106,3.50131121978879,"3","3","3","Non-Projection Neuron Cells","RGP"
"AAACTCGGAATCGTTG","KO4",31217,4917,5.26315789473684,"1","0","0","Projection Neurons","Neuron"
"AAACTCGTCCTGGACG","KO4",5849,2224,5.48811762694478,"0","0","0","Projection Neurons","Neuron"
"AAACTCTTAGGACTTA","KO4",3277,1425,11.3213304851999,"0","1","1","Projection Neurons","Neuron"
"AAACTCTTCTAGTCGA","KO4",2817,1231,9.01668441604544,"5","5","5","Non-Projection Neuron Cells","OBNB"
"AAACTCTTGACTGATA","KO4",3994,1429,11.1166750125188,"1","0","0","Projection Neurons","Neuron"
"AAACTGACGAACGTAG","KO4",8985,2571,5.9654980523094,"2","2","2","Non-Projection Neuron Cells","aIP"
"AAACTGACGGCCAGGA","KO4",4502,1764,7.06352732119058,"0","1","1","Projection Neurons","Neuron"
"AAACTGACGTTTCCAT","KO4",7350,2625,6.63945578231293,"4","4","4","Non-Projection Neuron Cells","Oligo"
"AAACTGAGGCCTCAGA","KO4",3098,1450,9.90961910910265,"0","0","0","Projection Neurons","Neuron"
"AAACTGATCTCTCCAC","KO4",2154,1196,2.50696378830084,"2","2","2","Non-Projection Neuron Cells","aIP"
"AAACTGATGATGCATA","KO4",3211,1503,6.19744627841794,"0","0","0","Projection Neurons","Neuron"
"AAACTGATGTGTACAG","KO4",10199,2635,7.65761349151878,"1","0","0","Projection Neurons","Neuron"
"AAACTGCCGATGACAG","KO4",4521,1490,11.5461181154612,"1","0","0","Projection Neurons","Neuron"
"AAACTGCTGGCCATAG","KO4",8369,2292,7.56362767355718,"0","0","0","Projection Neurons","Neuron"
"AAACTGGGGCCACAAA","KO4",17102,4266,4.9818734650918,"4","4","4","Non-Projection Neuron Cells","Oligo"
"AAACTGGTACGGTTTT","KO4",4354,2030,1.8833256775379,"2","2","2","Non-Projection Neuron Cells","aIP"
"AAACTGGTATGAAGTT","KO4",2622,1240,8.65751334858886,"5","5","5","Non-Projection Neuron Cells","OBNB"
"AAACTGGTCTTGGGAG","KO4",13176,3413,5.21402550091075,"0","0","0","Projection Neurons","Neuron"
"AAACTGGTTCTTCTCG","KO4",19149,3785,5.34231552561491,"3","3","3","Non-Projection Neuron Cells","RGP"
"AAACTGTAGAGACTTA","KO4",8445,2521,5.39964476021314,"2","2","2","Non-Projection Neuron Cells","aIP"
"AAACTGTCTAACGGAG","KO4",3844,1483,7.80437044745057,"0","1","1","Projection Neurons","Neuron"
"AAACTGTCTGCATTCG","KO4",2723,981,5.43518178479618,"0","0","0","Projection Neurons","Neuron"
"AAACTGTGATCTTCTG","KO4",2844,1175,6.57524613220816,"0","1","1","Projection Neurons","Neuron"
"AAACTGTGGCATCGTC","KO4",8043,2360,7.39773716275022,"1","0","0","Projection Neurons","Neuron"
"AAACTGTTATAGCGGG","KO4",4020,1446,10.8706467661692,"1","0","0","Projection Neurons","Neuron"
"AAACTTAGATCCGATA","KO4",4238,1948,5.42708824917414,"4","4","4","Non-Projection Neuron Cells","Oligo"
"AAACTTAGGCCAAAGC","KO4",7751,2393,8.78596310153529,"2","2","2","Non-Projection Neuron Cells","aIP"
"AAACTTATCTACTGGA","KO4",7348,2362,7.14480130647795,"0","1","1","Projection Neurons","Neuron"
"AAACTTATGTCTCAAA","KO4",11682,2796,6.37733264851909,"3","3","3","Non-Projection Neuron Cells","RGP"
"AAACTTATTGTTCGTC","KO4",5465,1900,10.0274473924977,"5","5","5","Non-Projection Neuron Cells","OBNB"
"AAACTTCATTCGAGAC","KO4",4327,1857,4.64525075109776,"2","2","2","Non-Projection Neuron Cells","aIP"
"AAACTTCGTTCACGCT","KO4",13261,3097,5.54256843375311,"4","4","4","Non-Projection Neuron Cells","Oligo"
"AAACTTGCGTCGAATA","KO4",8019,2317,9.42760942760943,"1","0","0","Projection Neurons","Neuron"
"AAACTTTCGAGCGATG","KO4",17936,4125,5.2464317573595,"2","2","2","Non-Projection Neuron Cells","aIP"
"AAACTTTCTTTGGGGG","KO4",7642,2746,5.39125883276629,"2","2","2","Non-Projection Neuron Cells","aIP"
"AAACTTTTCATTGCAA","KO4",4005,1871,4.59425717852684,"4","4","4","Non-Projection Neuron Cells","Oligo"
"AAAGAAAAAACATGGG","KO4",9044,2772,8.64661654135338,"4","4","4","Non-Projection Neuron Cells","Oligo"
"AAAGAAAAGTGAAGGT","KO4",6010,2272,2.9783693843594,"2","2","2","Non-Projection Neuron Cells","aIP"
"AAAGAAACGTCCTTGG","KO4",8079,2337,5.78041836860998,"0","1","1","Projection Neurons","Neuron"
"AAAGAAAGGAGACACT","KO4",4496,1615,8.07384341637011,"2","2","2","Non-Projection Neuron Cells","aIP"
"AAAGAAATGCGTGTTG","KO4",12766,3239,6.2588124706251,"4","4","4","Non-Projection Neuron Cells","Oligo"
"AAAGAACCAGCAGACT","KO4",12152,3313,5.76859776168532,"0","0","0","Projection Neurons","Neuron"
"AAAGAACGACAGATTT","KO4",1835,962,14.8228882833787,"0","1","1","Projection Neurons","Neuron"
"AAAGAACGTTGGGCGA","KO4",8492,3002,2.34338200659444,"0","0","0","Projection Neurons","Neuron"
"AAAGAAGGTAAGCCAT","KO4",16425,4078,4.02435312024353,"2","2","2","Non-Projection Neuron Cells","aIP"
"AAAGAAGGTACATTGC","KO4",7592,2354,9.94467860906217,"1","0","0","Projection Neurons","Neuron"
"AAAGAAGTCATGGTCC","KO4",9936,2521,6.39090177133656,"2","2","2","Non-Projection Neuron Cells","aIP"
"AAAGAAGTTCGTACGC","KO4",4185,1720,4.82676224611708,"0","0","0","Projection Neurons","Neuron"
"AAAGAATATACGGTTC","KO4",6358,2469,9.09090909090909,"2","2","2","Non-Projection Neuron Cells","aIP"
"AAAGAATTGATACGGA","KO4",22773,4394,4.70732885434506,"0","6","6","Projection Neurons","Neuron"
"AAAGAATTGGGTGCTT","KO4",2031,1019,3.397341211226,"3","3","3","Non-Projection Neuron Cells","RGP"
"AAAGACACTGAACTGT","KO4",4036,1590,5.97125867195243,"3","3","3","Non-Projection Neuron Cells","RGP"
"AAAGACATTAGTACAG","KO4",7182,2196,7.11500974658869,"0","0","0","Projection Neurons","Neuron"
"AAAGACCTCGAAGGGA","KO4",2847,1465,6.88443976115209,"4","4","4","Non-Projection Neuron Cells","Oligo"
"AAAGACCTTCAACAGT","KO4",3461,1190,13.3776365212366,"0","1","1","Projection Neurons","Neuron"
"AAAGACGAAGTTCTCG","KO4",4097,1457,9.03099829143276,"4","4","4","Non-Projection Neuron Cells","Oligo"
"AAAGACGCTAGGAATC","KO4",4557,1675,10.8404652183454,"0","1","1","Projection Neurons","Neuron"
"AAAGACGCTCATCAGA","KO4",2924,1376,9.78112175102599,"0","1","1","Projection Neurons","Neuron"
"AAAGACGTCTCTCGCT","KO4",1897,1090,2.79388508170796,"0","1","1","Projection Neurons","Neuron"
"AAAGACGTGGCCATTT","KO4",3902,1462,5.20246027678114,"3","3","3","Non-Projection Neuron Cells","RGP"
"AAAGACTAGAATGTCT","KO4",11402,2948,4.1834765830556,"3","3","3","Non-Projection Neuron Cells","RGP"
"AAAGACTCCGCGGAAT","KO4",3643,1507,3.98023606917376,"4","4","4","Non-Projection Neuron Cells","Oligo"
"AAAGACTGCCAAGAGC","KO4",5977,2153,11.1259829345826,"0","1","1","Projection Neurons","Neuron"
"AAAGACTGGCGGAACC","KO4",7100,2852,6.05633802816901,"2","2","2","Non-Projection Neuron Cells","aIP"
"AAAGACTTTGCACACC","KO4",5009,1895,6.58814134557796,"5","5","5","Non-Projection Neuron Cells","OBNB"
"AAAGAGACAACAAAGA","KO4",6215,2091,9.07481898632341,"5","5","5","Non-Projection Neuron Cells","OBNB"
"AAAGAGACGAAAAGGT","KO4",4781,1937,7.73896674335913,"0","1","1","Projection Neurons","Neuron"
"AAAGAGAGAATGCTGG","KO4",3097,1377,6.49015175976752,"2","2","2","Non-Projection Neuron Cells","aIP"
"AAAGAGATAATCCGAA","KO4",3329,1423,3.45449083808952,"5","5","5","Non-Projection Neuron Cells","OBNB"
"AAAGAGCAGGCAGTTG","KO4",9918,2652,8.09639040129058,"2","2","2","Non-Projection Neuron Cells","aIP"
"AAAGAGCTCTACTTGG","KO4",7548,2210,9.31372549019608,"4","4","4","Non-Projection Neuron Cells","Oligo"
"AAAGAGGACCTGGGAT","KO4",7300,2384,8.54794520547945,"0","0","0","Projection Neurons","Neuron"
"AAAGAGGACGAGTTGC","KO4",5046,1997,4.10225921521998,"3","3","3","Non-Projection Neuron Cells","RGP"
"AAAGAGGACTAGGTTT","KO4",10593,3132,6.01340507882564,"0","0","0","Projection Neurons","Neuron"
"AAAGAGTCCGTGACTT","KO4",16922,4866,5.01713745420163,"6","2","2","Non-Projection Neuron Cells","aIP"
"AAAGAGTGCCTCGCTA","KO4",8927,2838,3.52862103730256,"3","3","3","Non-Projection Neuron Cells","RGP"
"AAAGATATCCGAATAT","KO4",4058,1452,8.2552981764416,"1","0","0","Projection Neurons","Neuron"
"AAAGATATGTGAGACC","KO4",11601,2830,4.45651236962331,"2","2","2","Non-Projection Neuron Cells","aIP"
"AAAGATCAACGATACT","KO4",2692,1296,5.0148588410104,"2","2","2","Non-Projection Neuron Cells","aIP"
"AAAGATCAGGGACTGG","KO4",11750,3041,8.74893617021277,"0","0","0","Projection Neurons","Neuron"
"AAAGATCCGGCCCATC","KO4",2981,1268,14.3911439114391,"0","1","1","Projection Neurons","Neuron"
"AAAGATCCTTCCTCTT","KO4",3127,1401,5.88423409018228,"0","1","1","Projection Neurons","Neuron"
"AAAGATCGTATTTGTG","KO4",6814,2309,6.41326680363957,"0","6","6","Projection Neurons","Neuron"
"AAAGATCTGTAGTCAA","KO4",11960,3295,5.5685618729097,"0","1","1","Projection Neurons","Neuron"
"AAAGATGAGTAACTCA","KO4",4981,2103,7.2073880746838,"4","4","4","Non-Projection Neuron Cells","Oligo"
"AAAGATGCCGTGTCCG","KO4",9844,3344,5.64811052417716,"2","2","2","Non-Projection Neuron Cells","aIP"
"AAAGATGGAAGACCCC","KO4",6761,2219,8.4602869398018,"2","2","2","Non-Projection Neuron Cells","aIP"
"AAAGATGGCAAAGTTA","KO4",10925,3070,3.58810068649886,"3","3","3","Non-Projection Neuron Cells","RGP"
"AAAGATTCAAACGTTG","KO4",4902,1651,7.20114239086087,"0","1","1","Projection Neurons","Neuron"
"AAAGATTCACTGAAAC","KO4",9353,2420,8.57478883780605,"5","5","5","Non-Projection Neuron Cells","OBNB"
"AAAGATTCGTCCCCGC","KO4",18434,3461,5.61462514918086,"3","3","3","Non-Projection Neuron Cells","RGP"
"AAAGATTGCGACCGCA","KO4",9723,2879,6.38691761801913,"1","0","0","Projection Neurons","Neuron"
"AAAGATTGGGGATTTA","KO4",3849,1607,4.54663548973759,"4","4","4","Non-Projection Neuron Cells","Oligo"
"AAAGCAAGATGAAATT","KO4",5998,1998,9.73657885961987,"2","2","2","Non-Projection Neuron Cells","aIP"
"AAAGCAATATCGATTA","KO4",4956,1632,11.138014527845,"0","1","1","Projection Neurons","Neuron"
"AAAGCAATTACAACTG","KO4",5411,1675,9.92422842358159,"2","2","2","Non-Projection Neuron Cells","aIP"
"AAAGCAATTACACTTG","KO4",6934,2072,7.83097779059706,"0","6","6","Projection Neurons","Neuron"
"AAAGCACACGGAAGGT","KO4",2435,1115,8.25462012320328,"5","5","5","Non-Projection Neuron Cells","OBNB"
"AAAGCACCAGCTAAGA","KO4",5496,1949,8.64264919941776,"0","1","1","Projection Neurons","Neuron"
"AAAGCACCTAAACATC","KO4",2392,1027,8.61204013377926,"5","5","5","Non-Projection Neuron Cells","OBNB"
"AAAGCACGTGGCGATC","KO4",10652,2985,6.6466391288021,"2","2","2","Non-Projection Neuron Cells","aIP"
"AAAGCAGAAAAAGCAC","KO4",6960,2324,9.16666666666667,"0","1","1","Projection Neurons","Neuron"
"AAAGCAGGTCCGATAC","KO4",5504,1829,4.06976744186047,"3","3","3","Non-Projection Neuron Cells","RGP"
"AAAGCAGTACAGATTA","KO4",3262,1467,6.37645616186389,"5","5","5","Non-Projection Neuron Cells","OBNB"
"AAAGCATGAGACACAC","KO4",2114,1152,1.75023651844844,"2","2","2","Non-Projection Neuron Cells","aIP"
"AAAGCATTGGACATAA","KO4",5693,2219,4.70753556999824,"4","4","4","Non-Projection Neuron Cells","Oligo"
"AAAGCCACCCCTTTTA","KO4",10731,3607,6.17836175566117,"6","2","2","Non-Projection Neuron Cells","aIP"
"AAAGCCACTCGCAACC","KO4",6895,2195,7.19361856417694,"1","0","0","Projection Neurons","Neuron"
"AAAGCCATACGCCATC","KO4",9911,2896,6.00343053173242,"2","2","2","Non-Projection Neuron Cells","aIP"
"AAAGCCATCGGCCTGG","KO4",5746,1778,7.03097807170205,"1","0","0","Projection Neurons","Neuron"
"AAAGCCCCCTTCAATC","KO4",6403,2191,5.82539434640012,"3","3","3","Non-Projection Neuron Cells","RGP"
"AAAGCCCCGATTCTTG","KO4",8858,2557,6.93158726574848,"2","2","2","Non-Projection Neuron Cells","aIP"
"AAAGCCCCGTCAGAAC","KO4",14663,3991,5.9264816204051,"2","2","2","Non-Projection Neuron Cells","aIP"
"AAAGCCCGCTCCGGGT","KO4",7453,2104,5.71581913323494,"0","1","1","Projection Neurons","Neuron"
"AAAGCCCGTTCTGTAA","KO4",12687,2866,6.14014345392922,"3","3","3","Non-Projection Neuron Cells","RGP"
"AAAGCCGTATCACTAA","KO4",5318,1925,7.80368559608876,"0","1","1","Projection Neurons","Neuron"
"AAAGCCGTGTAACAGC","KO4",6947,2202,6.08895926299122,"2","2","2","Non-Projection Neuron Cells","aIP"
"AAAGCCTCAATCAAGA","KO4",12602,3004,5.68163783526424,"0","6","6","Projection Neurons","Neuron"
"AAAGCCTTTAATTTAA","KO4",7974,2756,5.69350388763481,"0","1","1","Projection Neurons","Neuron"
"AAAGCCTTTTCTCATG","KO4",4888,1676,9.75859247135843,"5","5","5","Non-Projection Neuron Cells","OBNB"
"AAAGCGACATAAATCG","KO4",5258,1790,9.12894636744009,"0","1","1","Projection Neurons","Neuron"
"AAAGCGAGCAGATCCC","KO4",4000,1509,8.325,"0","1","1","Projection Neurons","Neuron"
"AAAGCGAGGATTACGG","KO4",5643,1826,4.58975722133617,"3","3","3","Non-Projection Neuron Cells","RGP"
"AAAGCGAGTCTTCTCC","KO4",9418,2439,4.34274792949671,"3","3","3","Non-Projection Neuron Cells","RGP"
"AAAGCGCATCCTAGCG","KO4",3619,1606,3.42636087316938,"4","4","4","Non-Projection Neuron Cells","Oligo"
"AAAGCGCCATTCAGCA","KO4",3419,1576,4.97221409768938,"2","2","2","Non-Projection Neuron Cells","aIP"
"AAAGCGCCCGTTTCAA","KO4",5326,1997,7.11603454750282,"1","0","0","Projection Neurons","Neuron"
"AAAGCGCCTTAGAGAC","KO4",18227,3847,5.28885718988314,"3","3","3","Non-Projection Neuron Cells","RGP"
"AAAGCGCCTTCGAAAG","KO4",8871,2595,5.05016345395108,"3","3","3","Non-Projection Neuron Cells","RGP"
"AAAGCGGGTAGCGCCA","KO4",2656,1038,10.8057228915663,"5","5","5","Non-Projection Neuron Cells","OBNB"
"AAAGCGGTGTCAGTAA","KO4",2698,1180,9.67383246849518,"5","5","5","Non-Projection Neuron Cells","OBNB"
"AAAGCGTCAGGGTTGT","KO4",5231,1934,6.36589562225196,"0","1","1","Projection Neurons","Neuron"
"AAAGCGTCCTACTGGG","KO4",5710,2050,9.75481611208406,"0","1","1","Projection Neurons","Neuron"
"AAAGCGTCTTTTTGGA","KO4",4711,1826,7.38696667374231,"2","2","2","Non-Projection Neuron Cells","aIP"
"AAAGCGTTAGCGAACG","KO4",6826,2463,2.7395253442719,"2","2","2","Non-Projection Neuron Cells","aIP"
"AAAGCTACAGAGTTGT","KO4",3522,1500,3.00965360590574,"2","2","2","Non-Projection Neuron Cells","aIP"
"AAAGCTACCTAAGCTC","KO4",4076,1965,2.23258096172718,"2","2","2","Non-Projection Neuron Cells","aIP"
"AAAGCTACTCAGAAGC","KO4",3184,1322,6.0929648241206,"4","4","4","Non-Projection Neuron Cells","Oligo"
"AAAGCTAGACCACGTG","KO4",9763,2518,6.61681860083991,"3","3","3","Non-Projection Neuron Cells","RGP"
"AAAGCTCCATTCAGGG","KO4",12825,3592,5.60623781676413,"2","2","2","Non-Projection Neuron Cells","aIP"
"AAAGCTCGGACAAAAA","KO4",3849,1516,7.76825149389452,"0","1","1","Projection Neurons","Neuron"
"AAAGCTCGGGAGTGCT","KO4",16909,4118,4.59518599562363,"2","2","2","Non-Projection Neuron Cells","aIP"
"AAAGCTCGTCATACGG","KO4",12664,2916,4.29564118761845,"3","3","3","Non-Projection Neuron Cells","RGP"
"AAAGCTCTCGATACGA","KO4",3094,1292,14.9967679379444,"0","0","0","Projection Neurons","Neuron"
"AAAGCTGGCAGTAAGC","KO4",2357,1053,7.12770470937633,"2","2","2","Non-Projection Neuron Cells","aIP"
"AAAGCTGGGCAACGCA","KO4",4472,1651,9.57066189624329,"1","0","0","Projection Neurons","Neuron"
"AAAGCTGTTCGGTGAC","KO4",13999,3237,4.41460104293164,"3","3","3","Non-Projection Neuron Cells","RGP"
"AAAGCTTACCCCGTCT","KO4",15726,3937,5.80567213531731,"2","2","2","Non-Projection Neuron Cells","aIP"
"AAAGCTTCATAGCCTG","KO4",10657,2674,7.33789997184949,"4","4","4","Non-Projection Neuron Cells","Oligo"
"AAAGCTTCCAATCTGA","KO4",2969,1240,11.1822162344224,"5","5","5","Non-Projection Neuron Cells","OBNB"
"AAAGCTTGTGCTAGGA","KO4",4307,1956,7.01184118876248,"0","1","1","Projection Neurons","Neuron"
"AAAGCTTTTATTGCGT","KO4",10711,3016,3.84651293063206,"2","2","2","Non-Projection Neuron Cells","aIP"
"AAAGGAACAGAAAACT","KO4",3755,1359,12.9693741677763,"1","0","0","Projection Neurons","Neuron"
"AAAGGAACTAGCTATC","KO4",2208,1012,6.83876811594203,"3","3","3","Non-Projection Neuron Cells","RGP"
"AAAGGAACTGAACATA","KO4",2985,1502,10.251256281407,"1","0","0","Projection Neurons","Neuron"
"AAAGGAAGCTAACCCT","KO4",3218,1528,4.72343070229956,"2","2","2","Non-Projection Neuron Cells","aIP"
"AAAGGACAATCATTGA","KO4",8117,2683,3.25243316496242,"0","1","1","Projection Neurons","Neuron"
"AAAGGACCCGATCTCG","KO4",2294,1109,13.7750653879686,"0","1","1","Projection Neurons","Neuron"
"AAAGGACCTGTGTTGT","KO4",2578,1153,7.68037238169123,"3","3","3","Non-Projection Neuron Cells","RGP"
"AAAGGACGTCGCAGTA","KO4",5689,2038,6.5565125681139,"4","4","4","Non-Projection Neuron Cells","Oligo"
"AAAGGACTTGCGACAT","KO4",1981,959,8.02624936900555,"0","1","1","Projection Neurons","Neuron"
"AAAGGACTTGCTGCGC","KO4",5209,1787,6.64234977922826,"5","5","5","Non-Projection Neuron Cells","OBNB"
"AAAGGAGGTCCGTTGC","KO4",7910,2270,6.00505689001264,"4","4","4","Non-Projection Neuron Cells","Oligo"
"AAAGGATATTCAACGT","KO4",13555,3055,4.08705274806344,"3","3","3","Non-Projection Neuron Cells","RGP"
"AAAGGATTATGCCTTG","KO4",10415,2687,5.00240038406145,"3","3","3","Non-Projection Neuron Cells","RGP"
"AAAGGCCATCCCGGCC","KO4",9148,2407,7.32400524704853,"2","3","3","Non-Projection Neuron Cells","RGP"
"AAAGGCCGATGTTACG","KO4",5084,2034,4.52399685287175,"2","2","2","Non-Projection Neuron Cells","aIP"
"AAAGGCCTAACCTACC","KO4",3224,1473,4.43548387096774,"0","1","1","Projection Neurons","Neuron"
"AAAGGCCTTAGGTCAA","KO4",13524,3526,4.79148181011535,"1","0","0","Projection Neurons","Neuron"
"AAAGGCGAATAGGAAC","KO4",6796,2113,6.79811653914067,"0","0","0","Projection Neurons","Neuron"
"AAAGGCGATGTGCGTG","KO4",4756,1824,4.35239697224559,"2","2","2","Non-Projection Neuron Cells","aIP"
"AAAGGCGCGACATAAC","KO4",4775,1658,6.42931937172775,"0","1","1","Projection Neurons","Neuron"
"AAAGGCGTGTTTCAAT","KO4",3947,1684,7.34735241955916,"0","1","1","Projection Neurons","Neuron"
"AAAGGCGTTGTATAGT","KO4",1841,932,6.95274307441608,"0","1","1","Projection Neurons","Neuron"
"AAAGGCTAGCGGCCCG","KO4",11916,2671,4.61564283316549,"3","3","3","Non-Projection Neuron Cells","RGP"
"AAAGGCTGAGGAGTTC","KO4",3698,1635,4.62412114656571,"2","2","2","Non-Projection Neuron Cells","aIP"
"AAAGGCTGGGCTTGAT","KO4",9201,2435,7.10792305184219,"1","0","0","Projection Neurons","Neuron"
"AAAGGCTGGGGACCTA","KO4",8047,2765,4.6974027587921,"2","2","2","Non-Projection Neuron Cells","aIP"
"AAAGGCTTACCCCCTC","KO4",16082,3752,5.07399577167019,"1","0","0","Projection Neurons","Neuron"
"AAAGGCTTGTCCATCC","KO4",2130,980,5.11737089201878,"0","1","1","Projection Neurons","Neuron"
"AAAGGGAGCTCTATTG","KO4",3545,1437,11.4245416078984,"0","1","1","Projection Neurons","Neuron"
"AAAGGGAGGATACTTT","KO4",5662,2129,1.88979159307665,"2","2","2","Non-Projection Neuron Cells","aIP"
"AAAGGGAGGGCCTGCC","KO4",10217,2813,6.17598120779094,"0","0","0","Projection Neurons","Neuron"
"AAAGGGCACCCTCCTG","KO4",3631,1604,4.57174332139906,"1","0","0","Projection Neurons","Neuron"
"AAAGGGCACCTTGGCA","KO4",4647,1506,7.76845276522488,"0","3","3","Non-Projection Neuron Cells","RGP"
"AAAGGGCAGTAGTGAG","KO4",11833,3069,6.96357643877292,"0","0","0","Projection Neurons","Neuron"
"AAAGGGCGCCTAATAC","KO4",4773,1836,6.34820867379007,"0","1","1","Projection Neurons","Neuron"
"AAAGGGCTGCTTATCG","KO4",3838,1497,7.39968733715477,"0","1","1","Projection Neurons","Neuron"
"AAAGGGGAGAAGTGGG","KO4",4142,1577,10.0676001931434,"1","0","0","Projection Neurons","Neuron"
"AAAGGGGTGGGTCGAG","KO4",7781,2780,3.8555455596967,"2","2","2","Non-Projection Neuron Cells","aIP"
"AAAGGGTCATTGTAAT","KO4",10046,2704,4.44953215210034,"0","1","1","Projection Neurons","Neuron"
"AAAGGGTGATGCTGAC","KO4",4538,1832,7.99911855442926,"4","3","3","Non-Projection Neuron Cells","RGP"
"AAAGGGTGGCGGTTGG","KO4",16140,3274,8.6183395291202,"1","0","0","Projection Neurons","Neuron"
"AAAGGGTGGTTAGGAG","KO4",4341,1794,5.68993319511633,"4","4","4","Non-Projection Neuron Cells","Oligo"
"AAAGGTACTCACCCTG","KO4",20322,3537,6.85464029130991,"4","4","4","Non-Projection Neuron Cells","Oligo"
"AAAGGTACTGTGACCG","KO4",11275,3204,5.45454545454545,"2","2","2","Non-Projection Neuron Cells","aIP"
"AAAGGTAGGATGTTGA","KO4",2148,1199,4.98137802607076,"5","5","5","Non-Projection Neuron Cells","OBNB"
"AAAGGTCCGCGAAAGG","KO4",4866,1907,12.6181668721743,"0","1","1","Projection Neurons","Neuron"
"AAAGGTCGTGTCAGAT","KO4",5879,1920,6.73583942847423,"0","1","1","Projection Neurons","Neuron"
"AAAGGTGATTGGCCGC","KO4",2466,1063,3.36577453365775,"0","1","1","Projection Neurons","Neuron"
"AAAGGTGTGAGTATTC","KO4",7788,2677,4.37853107344633,"1","0","0","Projection Neurons","Neuron"
"AAAGGTGTTTAGCGTC","KO4",11150,3025,6.02690582959641,"0","0","0","Projection Neurons","Neuron"
"AAAGGTTGTATAGTCG","KO4",5976,2297,4.13319946452477,"4","4","4","Non-Projection Neuron Cells","Oligo"
"AAAGGTTTACTGGAGT","KO4",6164,2025,6.60285528877352,"4","4","4","Non-Projection Neuron Cells","Oligo"
"AAAGGTTTCTTAAACC","KO4",8657,2475,5.87963497747488,"2","3","3","Non-Projection Neuron Cells","RGP"
"AAAGGTTTGAGAGAAA","KO4",14002,3403,7.06327667476075,"0","6","6","Projection Neurons","Neuron"
"AAAGGTTTGGCTGTGG","KO4",8444,2442,6.93983893889152,"0","0","0","Projection Neurons","Neuron"
"AAAGTAAACGCCCGAA","KO4",3731,1427,8.6035915304208,"0","1","1","Projection Neurons","Neuron"
"AAAGTAAATACGCCAT","KO4",3869,1545,9.74411992762988,"0","1","1","Projection Neurons","Neuron"
"AAAGTAACTCAAGTCT","KO4",9569,2758,3.95025603511339,"3","3","3","Non-Projection Neuron Cells","RGP"
"AAAGTAAGGTAGTATG","KO4",4884,1854,7.63718263718264,"0","1","1","Projection Neurons","Neuron"
"AAAGTAATTAGAGTCT","KO4",6375,1742,8.65882352941176,"4","4","4","Non-Projection Neuron Cells","Oligo"
"AAAGTAATTCGGGTTC","KO4",5343,1775,12.128017967434,"5","5","5","Non-Projection Neuron Cells","OBNB"
"AAAGTAATTGTTCTCC","KO4",3574,1305,5.42809177392277,"5","5","5","Non-Projection Neuron Cells","OBNB"
"AAAGTACGAAAGATGA","KO4",2709,1355,6.45994832041344,"0","1","1","Projection Neurons","Neuron"
"AAAGTAGAGGAGATAG","KO4",2365,1117,14.4186046511628,"0","1","1","Projection Neurons","Neuron"
"AAAGTAGGTCAGAGTA","KO4",6257,1957,6.93623142080869,"0","1","1","Projection Neurons","Neuron"
"AAAGTAGTTACGGCTA","KO4",9562,2959,7.12194101652374,"3","3","3","Non-Projection Neuron Cells","RGP"
"AAAGTATTCACATCTC","KO4",7836,2701,9.60949464012251,"0","0","0","Projection Neurons","Neuron"
"AAAGTATTTAAACGGG","KO4",4975,1972,5.24623115577889,"1","0","0","Projection Neurons","Neuron"
"AAAGTCAATATACAAG","KO4",5608,2066,4.61840228245364,"2","2","2","Non-Projection Neuron Cells","aIP"
"AAAGTCATTACGCCCG","KO4",5639,1990,7.46586274162085,"0","1","1","Projection Neurons","Neuron"
"AAAGTCCACGGGCATC","KO4",2839,1293,10.3557590700951,"5","5","5","Non-Projection Neuron Cells","OBNB"
"AAAGTCCCCGACCGGC","KO4",7349,2638,7.48401143012655,"2","2","2","Non-Projection Neuron Cells","aIP"
"AAAGTCGAAATACAGT","KO4",7103,2205,4.35027453188794,"3","3","3","Non-Projection Neuron Cells","RGP"
"AAAGTCGAGTCAGACC","KO4",8295,2589,3.12236286919831,"2","2","2","Non-Projection Neuron Cells","aIP"
"AAAGTCGCCGCTACGG","KO4",1928,984,13.0705394190871,"0","1","1","Projection Neurons","Neuron"
"AAAGTCGCGAGCATTG","KO4",17669,4016,3.44105495500594,"2","2","2","Non-Projection Neuron Cells","aIP"
"AAAGTCGGAGACTTGA","KO4",12970,3396,5.25828835774865,"0","0","0","Projection Neurons","Neuron"
"AAAGTCGTGGTTCCAT","KO4",5394,1939,5.0055617352614,"2","2","2","Non-Projection Neuron Cells","aIP"
"AAAGTCTCGGAGCAGT","KO4",2066,1056,1.54888673765731,"2","2","2","Non-Projection Neuron Cells","aIP"
"AAAGTCTCTTTCACGT","KO4",9570,2455,7.29362591431557,"3","3","3","Non-Projection Neuron Cells","RGP"
"AAAGTCTGTTCCGAAT","KO4",5742,2096,4.31905259491466,"0","0","0","Projection Neurons","Neuron"
"AAAGTCTTCCAATTAA","KO4",4082,1742,3.79715825575698,"2","2","2","Non-Projection Neuron Cells","aIP"
"AAAGTGAAAAACTGGT","KO4",5736,2079,7.49651324965132,"0","1","1","Projection Neurons","Neuron"
"AAAGTGAAAAGACTTG","KO4",3469,1251,8.53271836264053,"4","4","4","Non-Projection Neuron Cells","Oligo"
"AAAGTGAAACCCTCTG","KO4",2933,1191,7.12580975110808,"4","4","4","Non-Projection Neuron Cells","Oligo"
"AAAGTGAACCTGCCTC","KO4",2021,933,11.8258287976249,"4","4","4","Non-Projection Neuron Cells","Oligo"
"AAAGTGATGCGGGGGA","KO4",7482,2004,9.40924886394012,"1","0","0","Projection Neurons","Neuron"
"AAAGTGCACACCGAAT","KO4",5487,1870,4.82959722981593,"0","1","1","Projection Neurons","Neuron"
"AAAGTGCAGACGTAAG","KO4",5962,2208,8.85608856088561,"2","2","2","Non-Projection Neuron Cells","aIP"
"AAAGTGCAGCGGACAC","KO4",3484,1604,11.0505166475316,"0","1","1","Projection Neurons","Neuron"
"AAAGTGCAGGAAAAAT","KO4",4382,1664,6.75490643541762,"0","1","1","Projection Neurons","Neuron"
"AAAGTGCGCTGCCGAA","KO4",2907,1426,4.4031647746818,"0","1","1","Projection Neurons","Neuron"
"AAAGTGCTGAAAATAC","KO4",7729,2272,7.10311812653642,"1","0","0","Projection Neurons","Neuron"
"AAAGTGGATAGCGTGG","KO4",3117,1349,9.14340712223292,"0","1","1","Projection Neurons","Neuron"
"AAAGTGGCCATTTCAT","KO4",12639,3284,4.32787404066777,"4","3","3","Non-Projection Neuron Cells","RGP"
"AAAGTGGCCTCTCAGG","KO4",2478,1045,8.63599677158999,"5","5","5","Non-Projection Neuron Cells","OBNB"
"AAAGTGGTAGTCTAAC","KO4",4421,1718,10.1786926034834,"0","1","1","Projection Neurons","Neuron"
"AAAGTGTAGACGATCA","KO4",7146,2612,3.45647914917436,"2","2","2","Non-Projection Neuron Cells","aIP"
"AAAGTGTCCTTTGGAC","KO4",16088,3417,5.34559920437593,"1","0","0","Projection Neurons","Neuron"
"AAAGTGTCGACCCTAA","KO4",6476,1960,9.65101914762199,"4","4","4","Non-Projection Neuron Cells","Oligo"
"AAAGTGTCTTTGGGTT","KO4",5214,1840,7.74836977368623,"0","1","1","Projection Neurons","Neuron"
"AAAGTGTGCATGTCAT","KO4",12049,3396,2.8052120507926,"2","2","2","Non-Projection Neuron Cells","aIP"
"AAAGTGTGTACTCGGC","KO4",13266,3140,7.43253429820594,"0","6","6","Projection Neurons","Neuron"
"AAAGTGTTGAGTATAT","KO4",9883,2465,6.24304361023981,"1","0","0","Projection Neurons","Neuron"
"AAAGTTCCCCTGTCCT","KO4",3570,1398,6.66666666666667,"0","1","1","Projection Neurons","Neuron"
"AAAGTTCGCCCAACGA","KO4",14194,3061,11.2089615330421,"1","0","0","Projection Neurons","Neuron"
"AAAGTTCTGGTGAGGT","KO4",4202,1505,5.11661113755355,"4","3","3","Non-Projection Neuron Cells","RGP"
"AAAGTTGATGCACGGA","KO4",5572,1825,7.03517587939699,"3","3","3","Non-Projection Neuron Cells","RGP"
"AAAGTTGGCAAGCTAC","KO4",5322,1882,6.12551672303645,"0","1","1","Projection Neurons","Neuron"
"AAAGTTGGCTTTTCAA","KO4",3672,1667,5.99128540305011,"2","2","2","Non-Projection Neuron Cells","aIP"
"AAAGTTGTAGTCGCCG","KO4",6384,1894,10.8709273182957,"1","0","0","Projection Neurons","Neuron"
"AAAGTTTAGATAACTT","KO4",5100,1831,2.82352941176471,"2","3","3","Non-Projection Neuron Cells","RGP"
"AAAGTTTCGTCCGTTA","KO4",13715,3354,6.89755741888443,"0","0","0","Projection Neurons","Neuron"
"AAAGTTTCTAGCTTAA","KO4",3512,1470,9.85193621867882,"0","1","1","Projection Neurons","Neuron"
"AAAGTTTGGCCTATTA","KO4",3196,1282,11.3266583229036,"0","1","1","Projection Neurons","Neuron"
"AAAGTTTTCATAATAG","KO4",2852,1273,9.39691444600281,"0","1","1","Projection Neurons","Neuron"
"AAAGTTTTGGCGAACC","KO4",10486,2966,4.19607095174518,"2","2","2","Non-Projection Neuron Cells","aIP"
"AAAGTTTTTATGTCAA","KO4",4061,1902,6.82098005417385,"0","0","0","Projection Neurons","Neuron"
"AAAGTTTTTATTGAGG","KO4",13164,3314,6.94317836523853,"0","0","0","Projection Neurons","Neuron"
"AAATAAAACAGGTACT","KO4",4880,1866,5.49180327868852,"2","2","2","Non-Projection Neuron Cells","aIP"
"AAATAAATAGCTAAAA","KO4",28470,5866,3.27362135581314,"3","3","3","Non-Projection Neuron Cells","RGP"
"AAATAACAAATAGCGA","KO4",4577,1800,6.68560192265676,"2","2","2","Non-Projection Neuron Cells","aIP"
"AAATAACCATCTTCGG","KO4",9944,3253,3.16773934030571,"2","2","2","Non-Projection Neuron Cells","aIP"
"AAATAACGGCACAGCG","KO4",3719,1637,8.09357354127454,"0","1","1","Projection Neurons","Neuron"
"AAATAATCTTCGCTCC","KO4",6874,2309,7.08466686063427,"3","3","3","Non-Projection Neuron Cells","RGP"
"AAATACCACCTTACAC","KO4",10508,3028,6.42367719832509,"4","4","4","Non-Projection Neuron Cells","Oligo"
"AAATACCCCAGTAAAC","KO4",3036,1247,11.6930171277997,"0","1","1","Projection Neurons","Neuron"
"AAATACCCCTCCGTTT","KO4",11500,3221,5.0695652173913,"1","0","0","Projection Neurons","Neuron"
"AAATACCCCTCGCGAT","KO4",4563,1535,9.62086346701731,"4","4","4","Non-Projection Neuron Cells","Oligo"
"AAATACCGGGGTTCAC","KO4",9260,2656,7.79697624190065,"1","0","0","Projection Neurons","Neuron"
"AAATACCGTAACTTGA","KO4",8366,2429,6.22758785560602,"2","2","2","Non-Projection Neuron Cells","aIP"
"AAATACCTCAAAAATG","KO4",4696,1699,7.64480408858603,"0","1","1","Projection Neurons","Neuron"
"AAATACCTGAATGTCG","KO4",5678,2097,8.25995068686157,"2","2","2","Non-Projection Neuron Cells","aIP"
"AAATACCTTATTCCTT","KO4",6495,2399,1.98614318706697,"2","2","2","Non-Projection Neuron Cells","aIP"
"AAATACGCCGTCTGGC","KO4",16204,4024,5.33201678597877,"2","2","2","Non-Projection Neuron Cells","aIP"
"AAATACGCTCATTGTG","KO4",3493,1445,7.47208703120527,"3","3","3","Non-Projection Neuron Cells","RGP"
"AAATACGGATACTTAA","KO4",3269,1439,1.77424288773325,"0","1","1","Projection Neurons","Neuron"
"AAATACGGGGTATGAA","KO4",3797,1462,8.58572557282065,"0","1","1","Projection Neurons","Neuron"
"AAATACGTTTCTCTTC","KO4",7130,2207,7.054698457223,"4","4","4","Non-Projection Neuron Cells","Oligo"
"AAATAGAAAGCACATG","KO4",4614,1722,9.08105765062852,"3","3","3","Non-Projection Neuron Cells","RGP"
"AAATAGAAAGTCTAGC","KO4",4806,2015,8.01081980857262,"4","4","4","Non-Projection Neuron Cells","Oligo"
"AAATAGAGATAGAAAA","KO4",7351,2375,6.08080533260781,"4","4","4","Non-Projection Neuron Cells","Oligo"
"AAATAGCAGACGATTG","KO4",3456,1534,9.05671296296296,"2","2","2","Non-Projection Neuron Cells","aIP"
"AAATAGCATGGCTGAA","KO4",5497,2230,6.47625977806076,"2","2","2","Non-Projection Neuron Cells","aIP"
"AAATAGCCACATTGAG","KO4",6946,2339,5.54275842211345,"3","3","3","Non-Projection Neuron Cells","RGP"
"AAATAGCCATGATTTC","KO4",7034,2184,6.78134773955075,"2","2","2","Non-Projection Neuron Cells","aIP"
"AAATAGCCCCTGCGGA","KO4",4346,1386,6.09756097560976,"4","4","4","Non-Projection Neuron Cells","Oligo"
"AAATAGCGCACATGGA","KO4",3825,1542,9.7516339869281,"0","1","1","Projection Neurons","Neuron"
"AAATAGCGCCGATCCA","KO4",5678,1629,13.0151461782318,"0","0","0","Projection Neurons","Neuron"
"AAATAGCGGATCAGCC","KO4",7632,2657,4.4811320754717,"4","4","4","Non-Projection Neuron Cells","Oligo"
"AAATAGGATTAAAAAA","KO4",3385,1627,8.0354505169867,"2","2","2","Non-Projection Neuron Cells","aIP"
"AAATAGGCAGTAACGC","KO4",9311,2549,8.75308774567716,"3","3","3","Non-Projection Neuron Cells","RGP"
"AAATAGGCAGTGTAAA","KO4",2822,1522,7.19347980155918,"4","4","4","Non-Projection Neuron Cells","Oligo"
"AAATAGGCATATAGAA","KO4",12044,4198,5.52972434407174,"3","3","3","Non-Projection Neuron Cells","RGP"
"AAATAGGCTGGGCAGC","KO4",3662,1508,7.80993992353905,"0","1","1","Projection Neurons","Neuron"
"AAATAGGTACGGAAAC","KO4",9082,2509,6.22109667474125,"0","0","0","Projection Neurons","Neuron"
"AAATAGTAGAGTTAGG","KO4",3904,1720,7.19774590163934,"2","2","2","Non-Projection Neuron Cells","aIP"
"AAATAGTCATGCGAAG","KO4",5077,2379,1.31967697459129,"6","2","2","Non-Projection Neuron Cells","aIP"
"AAATAGTCGGACCCTG","KO4",8334,2343,6.635469162467,"0","0","0","Projection Neurons","Neuron"
"AAATAGTTACCGAAGA","KO4",7067,2527,8.3345125229942,"0","1","1","Projection Neurons","Neuron"
"AAATAGTTGGAGTTCT","KO4",21265,3871,5.09757818010816,"1","0","0","Projection Neurons","Neuron"
"AAATATAACGGTATAC","KO4",6728,2279,5.45481569560048,"0","1","1","Projection Neurons","Neuron"
"AAATATATGTCTGTTT","KO4",2847,1459,3.02072356866877,"2","2","2","Non-Projection Neuron Cells","aIP"
"AAATATCACCTATTTT","KO4",3500,1621,3.42857142857143,"2","2","2","Non-Projection Neuron Cells","aIP"
"AAATATCCACAGACTG","KO4",7279,2330,6.04478637175436,"2","2","2","Non-Projection Neuron Cells","aIP"
"AAATATCCCCGTTCTT","KO4",7842,2676,4.14435093088498,"2","2","2","Non-Projection Neuron Cells","aIP"
"AAATATCGCACCCAGG","KO4",4736,1779,7.74915540540541,"0","1","1","Projection Neurons","Neuron"
"AAATATCGGAAGACAA","KO4",9717,2802,7.10095708552022,"1","0","0","Projection Neurons","Neuron"
"AAATATCTATTACCCC","KO4",11129,2580,7.4939347650283,"1","0","0","Projection Neurons","Neuron"
"AAATATCTCCTGGGGA","KO4",3313,1443,7.00271657108361,"0","1","1","Projection Neurons","Neuron"
"AAATATGAAATGAAGA","KO4",2530,1071,14.7430830039526,"5","5","5","Non-Projection Neuron Cells","OBNB"
"AAATATGAACAACCGC","KO4",9710,2665,7.50772399588054,"1","0","0","Projection Neurons","Neuron"
"AAATATGCTCCCGACA","KO4",8317,2276,9.33028736323193,"0","6","6","Projection Neurons","Neuron"
"AAATATGGTGTATAAA","KO4",7117,2476,4.04664886890544,"2","2","2","Non-Projection Neuron Cells","aIP"
"AAATATTAGTGGTAGA","KO4",13627,4223,2.23086519409995,"2","2","2","Non-Projection Neuron Cells","aIP"
"AAATATTTCGTACCCG","KO4",3474,1553,5.78583765112263,"4","3","3","Non-Projection Neuron Cells","RGP"
"AAATCAACACATCAAG","KO4",7394,2154,9.00730321882608,"4","4","4","Non-Projection Neuron Cells","Oligo"
"AAATCAACCAGTGGTA","KO4",4565,1585,14.3921139101862,"3","3","3","Non-Projection Neuron Cells","RGP"
"AAATCAAGGGTTGGTA","KO4",4165,1615,11.9567827130852,"0","1","1","Projection Neurons","Neuron"
"AAATCAATAACCGGGA","KO4",7704,2670,4.45223260643821,"2","2","2","Non-Projection Neuron Cells","aIP"
"AAATCAATTGGAGGCC","KO4",3301,1175,10.2696152681006,"5","5","5","Non-Projection Neuron Cells","OBNB"
"AAATCACAAACGAACA","KO4",3494,1393,8.58614768174013,"2","2","2","Non-Projection Neuron Cells","aIP"
"AAATCACACAGTGCCT","KO4",6013,2429,8.71445202062199,"4","4","4","Non-Projection Neuron Cells","Oligo"
"AAATCACACTCGAACA","KO4",3482,1541,11.6312464101091,"2","2","2","Non-Projection Neuron Cells","aIP"
"AAATCACCGCTGCTAG","KO4",17433,3716,6.04026845637584,"1","0","0","Projection Neurons","Neuron"
"AAATCACGGAACGGTT","KO4",13771,3541,4.96695955268317,"1","0","0","Projection Neurons","Neuron"
"AAATCACGGCAATACC","KO4",14826,4040,3.02846351004991,"2","2","2","Non-Projection Neuron Cells","aIP"
"AAATCACTAGTCCCTG","KO4",1890,974,3.80952380952381,"2","2","2","Non-Projection Neuron Cells","aIP"
"AAATCAGGAGTGCGTC","KO4",11985,2959,5.64872757613684,"1","0","0","Projection Neurons","Neuron"
"AAATCAGTTTTCATCA","KO4",11598,2938,5.41472667701328,"0","0","0","Projection Neurons","Neuron"
"AAATCATAGGGTATCT","KO4",2688,1410,1.07886904761905,"0","1","1","Projection Neurons","Neuron"
"AAATCATCCTAGGGGC","KO4",7189,2410,4.60425650299068,"2","2","2","Non-Projection Neuron Cells","aIP"
"AAATCATTACGGCTGA","KO4",1918,939,12.5130344108446,"0","0","0","Projection Neurons","Neuron"
"AAATCCAACGAGCGTT","KO4",4012,1646,5.10967098703888,"2","2","2","Non-Projection Neuron Cells","aIP"
"AAATCCACCGGTGAAA","KO4",15490,3846,6.24273724983861,"2","2","2","Non-Projection Neuron Cells","aIP"
"AAATCCAGAGGCGAAC","KO4",3691,1618,4.82254131671634,"2","2","2","Non-Projection Neuron Cells","aIP"
"AAATCCATAGTCACTG","KO4",7665,2318,7.56686236138291,"0","1","1","Projection Neurons","Neuron"
"AAATCCCGTAATACTA","KO4",15587,3599,5.21588503239879,"0","0","0","Projection Neurons","Neuron"
"AAATCCGATTTAACCT","KO4",6634,2194,4.14531202894181,"0","1","1","Projection Neurons","Neuron"
"AAATCCGCCTTGCTCC","KO4",4709,1997,3.90741133998726,"0","1","1","Projection Neurons","Neuron"
"AAATCCGCGCGATATC","KO4",4657,1795,7.19347219239854,"4","4","4","Non-Projection Neuron Cells","Oligo"
"AAATCCGGGCGGACGG","KO4",8315,2692,7.07155742633794,"3","3","3","Non-Projection Neuron Cells","RGP"
"AAATCCTATCAACCAA","KO4",5348,1620,7.03066566940913,"1","0","0","Projection Neurons","Neuron"
"AAATCCTCAAGGTGAC","KO4",12908,3339,4.66377440347072,"1","0","0","Projection Neurons","Neuron"
"AAATCGACCTACGTTC","KO4",11601,2924,6.80975777950177,"1","0","0","Projection Neurons","Neuron"
"AAATCGACGCGCCTAT","KO4",9264,3084,3.74568221070812,"0","0","0","Projection Neurons","Neuron"
"AAATCGATGACCAGTG","KO4",5317,2087,6.35696821515892,"4","4","4","Non-Projection Neuron Cells","Oligo"
"AAATCGCATCCCTGGA","KO4",6839,2360,9.1533849978067,"1","0","0","Projection Neurons","Neuron"
"AAATCGCTGGTCGAAT","KO4",7185,2293,4.1892832289492,"3","3","3","Non-Projection Neuron Cells","RGP"
"AAATCGGAGGGGGCTC","KO4",6002,1965,9.99666777740753,"0","1","1","Projection Neurons","Neuron"
"AAATCGGAGTACGAAC","KO4",3784,1815,4.22832980972516,"4","4","4","Non-Projection Neuron Cells","Oligo"
"AAATCGGATTTTCAAT","KO4",4579,2252,1.59423454902817,"2","2","2","Non-Projection Neuron Cells","aIP"
"AAATCGGTGTCGCGTA","KO4",9733,2476,7.38723928901675,"0","0","0","Projection Neurons","Neuron"
"AAATCGTCTACTTTTT","KO4",6374,2111,8.92689049262629,"1","0","0","Projection Neurons","Neuron"
"AAATCGTGAAGCTGCC","KO4",9208,2459,6.7115551694179,"4","4","4","Non-Projection Neuron Cells","Oligo"
"AAATCGTGCGGTTACG","KO4",3760,1373,11.781914893617,"1","0","0","Projection Neurons","Neuron"
"AAATCGTTTGAACTTA","KO4",3334,1530,2.90941811637672,"0","1","1","Projection Neurons","Neuron"
"AAATCTACACTGCCCC","KO4",11165,2838,7.03985669502911,"1","0","0","Projection Neurons","Neuron"
"AAATCTACGGCGGCAC","KO4",3289,1313,10.5807236242019,"0","1","1","Projection Neurons","Neuron"
"AAATCTAGCCTAATGT","KO4",2889,1057,7.68431983385254,"3","3","3","Non-Projection Neuron Cells","RGP"
"AAATCTAGTAACCCGG","KO4",2858,1189,6.29811056682995,"0","1","1","Projection Neurons","Neuron"
"AAATCTATAAACGGGC","KO4",2197,1214,4.27856167501138,"0","1","1","Projection Neurons","Neuron"
"AAATCTATGGTCCGTC","KO4",6596,1868,14.4481503941783,"2","2","2","Non-Projection Neuron Cells","aIP"
"AAATCTATGTCAACAC","KO4",7102,2387,9.43396226415094,"0","0","0","Projection Neurons","Neuron"
"AAATCTCAGACGTTGG","KO4",18659,4136,5.8577630098076,"3","3","3","Non-Projection Neuron Cells","RGP"
"AAATCTCATGACGACC","KO4",10041,2582,4.30236032267702,"3","3","3","Non-Projection Neuron Cells","RGP"
"AAATCTCCAATATAAA","KO4",4216,1939,3.08349146110057,"5","5","5","Non-Projection Neuron Cells","OBNB"
"AAATCTCCACGGAGGA","KO4",4224,1782,7.52840909090909,"0","1","1","Projection Neurons","Neuron"
"AAATCTCGCTCTGTCT","KO4",5555,1839,8.15481548154816,"5","5","5","Non-Projection Neuron Cells","OBNB"
"AAATCTCGCTGCCACG","KO4",6016,1906,9.02593085106383,"4","4","4","Non-Projection Neuron Cells","Oligo"
"AAATCTGAACTATGTA","KO4",4551,1657,8.21797407163261,"5","5","5","Non-Projection Neuron Cells","OBNB"
"AAATCTGACCAATGCC","KO4",5302,2118,6.48811769143719,"2","2","2","Non-Projection Neuron Cells","aIP"
"AAATCTGCGGGTAGCA","KO4",7587,2333,7.86872281534203,"0","1","1","Projection Neurons","Neuron"
"AAATCTTAAACGCGTA","KO4",14136,3461,6.57894736842105,"1","0","0","Projection Neurons","Neuron"
"AAATCTTAAGGAGTCC","KO4",9962,2691,7.54868500301144,"0","0","0","Projection Neurons","Neuron"
"AAATCTTCGGCCCTCA","KO4",5805,2073,6.442721791559,"5","5","5","Non-Projection Neuron Cells","OBNB"
"AAATCTTCGTCTAATG","KO4",5012,1798,9.03830806065443,"0","0","0","Projection Neurons","Neuron"
"AAATCTTCTTTTAGTC","KO4",4836,1822,5.85194375516956,"4","3","3","Non-Projection Neuron Cells","RGP"
"AAATCTTGCAGCAGCG","KO4",5870,2025,7.12095400340716,"4","3","3","Non-Projection Neuron Cells","RGP"
"AAATCTTGCCCCCAAG","KO4",3110,1495,5.88424437299035,"2","2","2","Non-Projection Neuron Cells","aIP"
"AAATCTTTGGTTACAA","KO4",5538,1788,7.54785120982304,"0","1","1","Projection Neurons","Neuron"
"AAATGAACTTCTCGGG","KO4",14705,3684,6.05236314178851,"4","4","4","Non-Projection Neuron Cells","Oligo"
"AAATGAAGATCGGTTA","KO4",8251,2308,6.14470973215368,"3","3","3","Non-Projection Neuron Cells","RGP"
"AAATGAAGTTGTGGCC","KO4",2126,1103,7.7140169332079,"2","2","2","Non-Projection Neuron Cells","aIP"
"AAATGACGACATAAAG","KO4",14655,3782,3.91675196178779,"3","3","3","Non-Projection Neuron Cells","RGP"
"AAATGACGCGGATGTT","KO4",2177,1256,11.8511713367019,"5","0","0","Projection Neurons","Neuron"
"AAATGAGATCCGCTGG","KO4",6860,2200,9.43148688046647,"4","3","3","Non-Projection Neuron Cells","RGP"
"AAATGAGCATTCTCAG","KO4",5384,1953,4.27191679049034,"2","2","2","Non-Projection Neuron Cells","aIP"
"AAATGAGGGGAAGTAT","KO4",4672,1716,3.93835616438356,"2","2","2","Non-Projection Neuron Cells","aIP"
"AAATGATACGAGCTAC","KO4",14314,3381,10.6259605980159,"1","0","0","Projection Neurons","Neuron"
"AAATGATAGACTATTT","KO4",2661,1162,13.1153701615934,"0","0","0","Projection Neurons","Neuron"
"AAATGATCAGAGAGTT","KO4",6151,1989,7.99869939847179,"5","5","5","Non-Projection Neuron Cells","OBNB"
"AAATGATCAGTCACTC","KO4",5500,1829,9.34545454545455,"0","1","1","Projection Neurons","Neuron"
"AAATGATCCATAATAC","KO4",8115,2851,5.16327788046827,"0","1","1","Projection Neurons","Neuron"
"AAATGATGAATGACGT","KO4",2488,1025,11.6559485530547,"4","3","3","Non-Projection Neuron Cells","RGP"
"AAATGATTCTCTCATG","KO4",2204,1012,12.3865698729583,"5","5","5","Non-Projection Neuron Cells","OBNB"
"AAATGATTGTCGTTAA","KO4",2038,1010,7.99803729146222,"1","0","0","Projection Neurons","Neuron"
"AAATGATTTGATGGGC","KO4",9851,2597,5.31925692823064,"1","0","0","Projection Neurons","Neuron"
"AAATGCAAGATCCGGA","KO4",10408,3295,3.85280553420446,"0","6","6","Projection Neurons","Neuron"
"AAATGCAGACGGCCTC","KO4",5863,2085,6.6348285860481,"0","1","1","Projection Neurons","Neuron"
"AAATGCAGTGCGTACA","KO4",2577,1185,13.1548311990687,"0","1","1","Projection Neurons","Neuron"
"AAATGCATTCAGGCGT","KO4",11670,3137,7.41216795201371,"0","0","0","Projection Neurons","Neuron"
"AAATGCATTGGCAGTA","KO4",13419,3804,4.7171920411357,"3","3","3","Non-Projection Neuron Cells","RGP"
"AAATGCCATTAATAGG","KO4",15565,3503,5.21040796659171,"1","0","0","Projection Neurons","Neuron"
"AAATGCCCTAAATCCT","KO4",5057,1792,10.8957880166106,"0","1","1","Projection Neurons","Neuron"
"AAATGCCGTTTCTAAC","KO4",7655,2711,3.21358589157413,"2","2","2","Non-Projection Neuron Cells","aIP"
"AAATGCCTAGCTACCC","KO4",7220,2186,7.71468144044321,"0","1","1","Projection Neurons","Neuron"
"AAATGCCTGAGCCATG","KO4",9394,3174,3.65126676602086,"2","2","2","Non-Projection Neuron Cells","aIP"
"AAATGCCTTGGGATAG","KO4",7522,2815,4.66631215102366,"3","3","3","Non-Projection Neuron Cells","RGP"
"AAATGCGCCCAAGCAG","KO4",7751,3542,5.28964004644562,"1","0","0","Projection Neurons","Neuron"
"AAATGCGCTACGCAGG","KO4",3570,1488,8.40336134453782,"0","1","1","Projection Neurons","Neuron"
"AAATGCGCTTCTTATA","KO4",13172,3186,5.79259034315214,"0","0","0","Projection Neurons","Neuron"
"AAATGCGGCGGGAGAT","KO4",5245,1859,6.31077216396568,"0","1","1","Projection Neurons","Neuron"
"AAATGCGTCAAGTGCA","KO4",9443,2812,6.93635497193688,"0","1","1","Projection Neurons","Neuron"
"AAATGCGTCCGGCGGT","KO4",10159,3059,5.75844079141648,"2","2","2","Non-Projection Neuron Cells","aIP"
"AAATGCGTCGGGTCTG","KO4",2820,1150,3.33333333333333,"4","4","4","Non-Projection Neuron Cells","Oligo"
"AAATGCTAGCATCTTA","KO4",4831,2090,4.47112399089215,"2","2","2","Non-Projection Neuron Cells","aIP"
"AAATGCTAGGGGAATA","KO4",4450,1969,7.1685393258427,"2","2","2","Non-Projection Neuron Cells","aIP"
"AAATGCTATTACTGCG","KO4",2952,1357,4.74254742547426,"2","2","2","Non-Projection Neuron Cells","aIP"
"AAATGGACAGTTTGAT","KO4",4660,1647,7.48927038626609,"0","0","0","Projection Neurons","Neuron"
"AAATGGACGAAACCCT","KO4",10539,3013,6.12012524907486,"5","5","5","Non-Projection Neuron Cells","OBNB"
"AAATGGAGATCACCTA","KO4",3945,2035,0.811153358681876,"2","2","2","Non-Projection Neuron Cells","aIP"
"AAATGGATCCACCTTT","KO4",4992,1572,10.3966346153846,"4","4","4","Non-Projection Neuron Cells","Oligo"
"AAATGGATTATAGACA","KO4",8333,2414,5.92823712948518,"1","0","0","Projection Neurons","Neuron"
"AAATGGCAATGTAGTG","KO4",30945,5050,4.65018581354015,"1","0","0","Projection Neurons","Neuron"
"AAATGGCGACAGGGAG","KO4",9090,2702,5.07150715071507,"3","3","3","Non-Projection Neuron Cells","RGP"
"AAATGGGAGAAGCTTC","KO4",1929,989,8.44997407983411,"4","4","4","Non-Projection Neuron Cells","Oligo"
"AAATGGGATCATAAAG","KO4",5402,1986,10.0518326545724,"1","0","0","Projection Neurons","Neuron"
"AAATGGGCCGGAGGTG","KO4",4774,1582,6.84960201089233,"0","1","1","Projection Neurons","Neuron"
"AAATGGGTGGTTTAAA","KO4",6845,2285,4.28049671292915,"1","0","0","Projection Neurons","Neuron"
"AAATGGTCCACTTAGT","KO4",11976,3255,5.46927187708751,"0","1","1","Projection Neurons","Neuron"
"AAATGGTTTCGCGCGA","KO4",6191,2154,2.35826199321596,"0","0","0","Projection Neurons","Neuron"
"AAATGTAAGCCCATTA","KO4",2519,1197,4.88289003572846,"1","0","0","Projection Neurons","Neuron"
"AAATGTAGGTTACTCC","KO4",7006,2419,7.23665429631744,"0","6","6","Projection Neurons","Neuron"
"AAATGTATAACGACGA","KO4",7866,2849,3.92829900839054,"2","2","2","Non-Projection Neuron Cells","aIP"
"AAATGTATCACGGTCC","KO4",3238,1325,8.61642989499691,"0","1","1","Projection Neurons","Neuron"
"AAATGTATTCGGGAAT","KO4",15330,4310,4.9119373776908,"4","3","3","Non-Projection Neuron Cells","RGP"
"AAATGTGACATCGTGT","KO4",1813,949,6.89464975179261,"2","2","2","Non-Projection Neuron Cells","aIP"
"AAATGTGATACTTAGA","KO4",10804,3856,4.38726397630507,"2","2","2","Non-Projection Neuron Cells","aIP"
"AAATGTGCCCCTAAAG","KO4",6348,2038,7.56143667296786,"0","0","0","Projection Neurons","Neuron"
"AAATGTTACGAGCTGC","KO4",6567,2123,8.51225826100198,"2","2","2","Non-Projection Neuron Cells","aIP"
"AAATGTTCGTAGCCCT","KO4",11274,3131,5.20667021465318,"2","2","2","Non-Projection Neuron Cells","aIP"
"AAATGTTGAACGCTCT","KO4",3222,1453,10.4283054003724,"2","2","2","Non-Projection Neuron Cells","aIP"
"AAATTAACGCAGCTTA","KO4",10461,2907,6.40474142051429,"4","4","4","Non-Projection Neuron Cells","Oligo"
"AAATTAAGTTGGGCAT","KO4",9679,2766,7.22182043599545,"3","3","3","Non-Projection Neuron Cells","RGP"
"AAATTACCAAGACACG","KO4",3561,1367,10.5869137882617,"2","2","2","Non-Projection Neuron Cells","aIP"
"AAATTACCCTAGTAGC","KO4",9727,2955,4.98612110619924,"2","2","2","Non-Projection Neuron Cells","aIP"
"AAATTACGATGGTTGC","KO4",3403,1486,9.55039670878637,"0","1","1","Projection Neurons","Neuron"
"AAATTACTAACAGACA","KO4",5051,1791,8.81013660661255,"0","1","1","Projection Neurons","Neuron"
"AAATTACTCAGCCGCG","KO4",6615,2252,7.80045351473923,"4","4","4","Non-Projection Neuron Cells","Oligo"
"AAATTACTCTCCTGCT","KO4",1955,1088,6.18925831202046,"0","1","1","Projection Neurons","Neuron"
"AAATTACTGGCACAGT","KO4",4669,1424,10.1734846862283,"4","4","4","Non-Projection Neuron Cells","Oligo"
"AAATTACTGTATATTT","KO4",10099,2915,6.55510446578869,"3","3","3","Non-Projection Neuron Cells","RGP"
"AAATTAGAATTCGATT","KO4",5268,1792,7.06150341685649,"0","1","1","Projection Neurons","Neuron"
"AAATTAGACAATCCGT","KO4",2503,1090,14.5825009988014,"1","0","0","Projection Neurons","Neuron"
"AAATTAGCAATCACAG","KO4",3028,1300,11.3936591809775,"5","5","5","Non-Projection Neuron Cells","OBNB"
"AAATTAGCGTCTTTTC","KO4",14402,3286,3.94389668101653,"3","3","3","Non-Projection Neuron Cells","RGP"
"AAATTATATACTTCTG","KO4",8782,2940,6.86631746754726,"0","1","1","Projection Neurons","Neuron"
"AAATTATCGTAAGTTA","KO4",8264,2935,3.73910939012585,"2","2","2","Non-Projection Neuron Cells","aIP"
"AAATTATGCCCGGTTA","KO4",9754,2646,6.05905269632971,"0","0","0","Projection Neurons","Neuron"
"AAATTCAAAACGCCTC","KO4",5310,1941,7.30696798493409,"0","1","1","Projection Neurons","Neuron"
"AAATTCAGACCGCATA","KO4",6161,1914,6.05421197857491,"0","1","1","Projection Neurons","Neuron"
"AAATTCAGGTGCGAGT","KO4",13061,3392,3.73631421790062,"2","2","2","Non-Projection Neuron Cells","aIP"
"AAATTCATGGTGGAAC","KO4",3769,1613,6.60652693022022,"0","1","1","Projection Neurons","Neuron"
"AAATTCCGGTACACAC","KO4",23533,4435,3.13177240470828,"1","0","0","Projection Neurons","Neuron"
"AAATTCGAGATAGAGA","KO4",5826,2028,8.18743563336766,"0","1","1","Projection Neurons","Neuron"
"AAATTCGAGTCTGCCC","KO4",7656,2683,6.24346917450366,"0","1","1","Projection Neurons","Neuron"
"AAATTCGCTACGCGCG","KO4",1873,1008,3.41697810998398,"2","2","2","Non-Projection Neuron Cells","aIP"
"AAATTCGGCGGGCCCT","KO4",5126,1466,6.59383534920016,"4","3","3","Non-Projection Neuron Cells","RGP"
"AAATTCGGCTGAGGTC","KO4",5203,2101,3.4979819334999,"0","1","1","Projection Neurons","Neuron"
"AAATTCTCCCACTCCA","KO4",19146,3704,5.92813120233991,"1","0","0","Projection Neurons","Neuron"
"AAATTCTCTGGGTCTA","KO4",5018,1850,9.6054204862495,"1","0","0","Projection Neurons","Neuron"
"AAATTCTGAATCTATG","KO4",7908,2394,6.67678300455235,"1","0","0","Projection Neurons","Neuron"
"AAATTCTGTCACTATA","KO4",3201,1400,2.78038113089659,"2","2","2","Non-Projection Neuron Cells","aIP"
"AAATTCTTTGGCTGGC","KO4",14257,3437,4.82569965630918,"1","0","0","Projection Neurons","Neuron"
"AAATTGAATGTGGCTA","KO4",20979,3692,5.16230516230516,"1","0","0","Projection Neurons","Neuron"
"AAATTGATCACGTCCT","KO4",6968,2186,7.47703788748565,"0","0","0","Projection Neurons","Neuron"
"AAATTGATGGTGCTTA","KO4",8826,2416,11.8173578064809,"3","3","3","Non-Projection Neuron Cells","RGP"
"AAATTGCAGCGGCCCC","KO4",4455,1553,8.84399551066218,"0","1","1","Projection Neurons","Neuron"
"AAATTGCATTTGTTTG","KO4",7805,2256,5.66303651505445,"0","6","6","Projection Neurons","Neuron"
"AAATTGCGCTTAAGAT","KO4",11023,3017,4.75369681574889,"0","0","0","Projection Neurons","Neuron"
"AAATTGCTGCAATTAG","KO4",3512,1426,6.89066059225513,"0","1","1","Projection Neurons","Neuron"
"AAATTGCTGCTCTTGA","KO4",3946,1756,4.23213380638621,"0","1","1","Projection Neurons","Neuron"
"AAATTGGACGGGGAGG","KO4",3892,1586,8.94141829393628,"0","1","1","Projection Neurons","Neuron"
"AAATTGGTATGTGAGT","KO4",6481,2133,7.99259373553464,"0","1","1","Projection Neurons","Neuron"
"AAATTGGTGCAGAACT","KO4",2820,1371,5.85106382978723,"2","2","2","Non-Projection Neuron Cells","aIP"
"AAATTGTATGCCGCCA","KO4",8316,2327,7.33525733525734,"1","0","0","Projection Neurons","Neuron"
"AAATTTAACTGCTCGT","KO4",8019,2164,6.80882903105125,"0","6","6","Projection Neurons","Neuron"
"AAATTTATGAAGCGCC","KO4",6173,2705,4.63307953993196,"6","2","2","Non-Projection Neuron Cells","aIP"
"AAATTTATTCACTACC","KO4",9286,2690,7.50592289468016,"1","0","0","Projection Neurons","Neuron"
"AACAAAAGAAGACAAT","KO4",17862,4150,4.9602508117792,"1","0","0","Projection Neurons","Neuron"
"AACAAAAGATGAGAGG","KO4",5906,2215,2.62444971215713,"2","2","2","Non-Projection Neuron Cells","aIP"
"AACAAACATATTCAGA","KO4",5718,1910,13.6236446309899,"2","2","2","Non-Projection Neuron Cells","aIP"
"AACAAACGAGGGGGTG","KO4",7881,2517,3.56553736835427,"0","0","0","Projection Neurons","Neuron"
"AACAAACTCGATGAAA","KO4",5106,2053,4.73952213082648,"2","2","2","Non-Projection Neuron Cells","aIP"
"AACAAACTGCACTGAA","KO4",6740,2483,1.4540059347181,"2","2","2","Non-Projection Neuron Cells","aIP"
"AACAAACTGCTGGACA","KO4",4150,1382,14.0963855421687,"0","0","0","Projection Neurons","Neuron"
"AACAAACTGTGGTTTA","KO4",8079,2259,9.14717167966332,"1","0","0","Projection Neurons","Neuron"
"AACAAAGAAATTACGA","KO4",6595,2072,9.73464746019712,"1","0","0","Projection Neurons","Neuron"
"AACAAAGATTAATAGA","KO4",3655,1566,8.39945280437757,"0","1","1","Projection Neurons","Neuron"
"AACAAAGATTTACATA","KO4",7701,2464,6.60953122971043,"5","5","5","Non-Projection Neuron Cells","OBNB"
"AACAAAGCAGGAGGCG","KO4",6881,2757,8.45807295451243,"2","2","2","Non-Projection Neuron Cells","aIP"
"AACAAAGGCGAGCTCC","KO4",4642,1865,9.54330030159414,"4","4","4","Non-Projection Neuron Cells","Oligo"
"AACAAAGGGCATCACG","KO4",16145,3198,5.34530814493651,"1","0","0","Projection Neurons","Neuron"
"AACAAATAAGCCCAGC","KO4",8291,2691,5.83765528886745,"2","2","2","Non-Projection Neuron Cells","aIP"
"AACAAATACCGTTTGT","KO4",10367,2836,7.86148355358349,"0","1","1","Projection Neurons","Neuron"
"AACAAATGATAATAAA","KO4",10728,2667,7.49440715883669,"1","0","0","Projection Neurons","Neuron"
"AACAAATTTCACACAC","KO4",14039,3379,5.75539568345324,"0","0","0","Projection Neurons","Neuron"
"AACAAATTTGTCTTTT","KO4",4626,1657,8.51707738867272,"4","4","4","Non-Projection Neuron Cells","Oligo"
"AACAAATTTTAGAGGT","KO4",17966,4199,6.01135478125348,"2","2","2","Non-Projection Neuron Cells","aIP"
"AACAACAACCTATAGA","KO4",6198,2032,6.98612455630849,"1","0","0","Projection Neurons","Neuron"
"AACAACAAGTTTAACA","KO4",8500,2864,1.37647058823529,"0","0","0","Projection Neurons","Neuron"
"AACAACACAATAGACT","KO4",2910,1147,7.38831615120275,"5","5","5","Non-Projection Neuron Cells","OBNB"
"AACAACACCCATCGGA","KO4",6738,2287,7.43544078361532,"0","1","1","Projection Neurons","Neuron"
"AACAACAGACCGAATT","KO4",8918,2929,6.63825969948419,"0","0","0","Projection Neurons","Neuron"
"AACAACAGCCCATAGT","KO4",6518,2045,7.0727216937711,"0","1","1","Projection Neurons","Neuron"
"AACAACCACTGTATCC","KO4",6463,2061,12.0996441281139,"2","2","2","Non-Projection Neuron Cells","aIP"
"AACAACCAGACCGTAC","KO4",3130,1334,10.3194888178914,"0","1","1","Projection Neurons","Neuron"
"AACAACCAGGATCCGT","KO4",5090,2078,6.75834970530452,"2","2","2","Non-Projection Neuron Cells","aIP"
"AACAACCGCCCTCCAA","KO4",7196,1932,8.4491384102279,"0","1","1","Projection Neurons","Neuron"
"AACAACCGGAGAGTCT","KO4",14680,3368,5.02724795640327,"0","1","1","Projection Neurons","Neuron"
"AACAACCTTATACACC","KO4",6801,2442,6.39611821790913,"2","2","2","Non-Projection Neuron Cells","aIP"
"AACAACGCTTGGTGTC","KO4",3626,1492,12.4379481522339,"0","1","1","Projection Neurons","Neuron"
"AACAACGGGACTTCAG","KO4",2311,1249,6.5772392903505,"2","2","2","Non-Projection Neuron Cells","aIP"
"AACAACGGTCCAACTA","KO4",1934,1105,2.68872802481903,"0","1","1","Projection Neurons","Neuron"
"AACAACGTATTGGCAC","KO4",2351,1462,10.3360272224585,"1","0","0","Projection Neurons","Neuron"
"AACAACTCTGTAATGG","KO4",5524,1721,6.71614771904417,"4","4","4","Non-Projection Neuron Cells","Oligo"
"AACAACTGGGGAATCG","KO4",4640,1642,4.7198275862069,"0","1","1","Projection Neurons","Neuron"
"AACAACTGTTGAGCAC","KO4",3714,1467,12.0355411954766,"0","0","0","Projection Neurons","Neuron"
"AACAAGAATTACAGAT","KO4",4111,1532,9.97324252006811,"0","1","1","Projection Neurons","Neuron"
"AACAAGACCTTGAATG","KO4",8485,2121,13.3294048320566,"1","0","0","Projection Neurons","Neuron"
"AACAAGACTAAGTTTC","KO4",3048,1147,2.65748031496063,"4","3","3","Non-Projection Neuron Cells","RGP"
"AACAAGACTAATAGCA","KO4",3831,1665,10.9631949882537,"2","2","2","Non-Projection Neuron Cells","aIP"
"AACAAGATCTCAATGG","KO4",5302,1753,5.65824217276499,"1","0","0","Projection Neurons","Neuron"
"AACAAGCAAGAAGCAC","KO4",3776,1459,5.42902542372881,"4","4","4","Non-Projection Neuron Cells","Oligo"
"AACAAGCAGAGTGATC","KO4",6022,1899,6.7751577548987,"0","1","1","Projection Neurons","Neuron"
"AACAAGCAGCGCTTTA","KO4",6015,1957,6.48379052369077,"0","1","1","Projection Neurons","Neuron"
"AACAAGCCCCCCCGGG","KO4",8270,2220,10.2902055622733,"0","0","0","Projection Neurons","Neuron"
"AACAAGCGGGGCACCG","KO4",10611,2566,5.11733107152955,"3","3","3","Non-Projection Neuron Cells","RGP"
"AACAAGGCCCTTAACC","KO4",3203,1407,8.05494848579457,"4","4","4","Non-Projection Neuron Cells","Oligo"
"AACAAGGCTTGGAACA","KO4",5083,1962,1.98701554200275,"3","3","3","Non-Projection Neuron Cells","RGP"
"AACAAGGTATTGTGAA","KO4",5663,1799,10.6127494260992,"4","4","4","Non-Projection Neuron Cells","Oligo"
"AACAAGGTGGAAGCGG","KO4",8143,2432,4.38413361169102,"3","3","3","Non-Projection Neuron Cells","RGP"
"AACAAGGTTTTGCGTG","KO4",7094,2071,4.60952917958839,"0","1","1","Projection Neurons","Neuron"
"AACAAGTCCGCTCGAA","KO4",7623,2325,6.74275219729765,"0","0","0","Projection Neurons","Neuron"
"AACAAGTGACGTCGTA","KO4",3925,1667,3.6687898089172,"2","2","2","Non-Projection Neuron Cells","aIP"
"AACAAGTTGTGGCTAC","KO4",11814,2861,6.56001354325377,"1","0","0","Projection Neurons","Neuron"
"AACAAGTTGTTCCAAC","KO4",5852,1873,7.75803144224197,"5","5","5","Non-Projection Neuron Cells","OBNB"
"AACAATAACTTTAGCT","KO4",9642,2844,8.01700891931135,"1","0","0","Projection Neurons","Neuron"
"AACAATAAGGACTTGA","KO4",5368,1613,6.74366616989568,"4","4","4","Non-Projection Neuron Cells","Oligo"
"AACAATACCCCTGATA","KO4",1990,818,8.04020100502512,"5","5","5","Non-Projection Neuron Cells","OBNB"
"AACAATATCTCTTCAA","KO4",12512,2991,3.75639386189258,"4","4","4","Non-Projection Neuron Cells","Oligo"
"AACAATCACGCGCATG","KO4",6279,2954,5.92451027233636,"6","2","2","Non-Projection Neuron Cells","aIP"
"AACAATCCGTTGCGTC","KO4",6531,2285,5.92558566835094,"2","2","2","Non-Projection Neuron Cells","aIP"
"AACAATCGGTGGCAAG","KO4",6914,2749,3.12409603702632,"2","2","2","Non-Projection Neuron Cells","aIP"
"AACAATCTAATCAACG","KO4",3081,1287,11.8792599805258,"0","1","1","Projection Neurons","Neuron"
"AACAATCTAGCCCGCT","KO4",10310,2978,3.76333656644035,"3","3","3","Non-Projection Neuron Cells","RGP"
"AACAATGAAGCAACCT","KO4",2889,1058,12.184146763586,"4","4","4","Non-Projection Neuron Cells","Oligo"
"AACAATGACAGGCGCC","KO4",8924,2487,7.69834155087405,"2","2","2","Non-Projection Neuron Cells","aIP"
"AACAATGACGGAGCGC","KO4",4780,1786,10.2301255230126,"0","0","0","Projection Neurons","Neuron"
"AACAATGCCGGTTGAC","KO4",6592,2214,6.20449029126214,"2","2","2","Non-Projection Neuron Cells","aIP"
"AACAATGCGCCAGTAC","KO4",3526,1440,9.30232558139535,"4","4","4","Non-Projection Neuron Cells","Oligo"
"AACAATGGGTAGGCTT","KO4",2551,1169,14.8569188553508,"0","0","0","Projection Neurons","Neuron"
"AACAATGGTCGCTAGC","KO4",5430,1743,7.67955801104972,"0","1","1","Projection Neurons","Neuron"
"AACAATGTAAGCGTGG","KO4",4640,1821,6.76724137931034,"0","1","1","Projection Neurons","Neuron"
"AACAATTATCTAGGTC","KO4",1916,1070,1.77453027139875,"2","2","2","Non-Projection Neuron Cells","aIP"
"AACAATTATGGACGGA","KO4",7577,2286,8.32783423518543,"4","3","3","Non-Projection Neuron Cells","RGP"
"AACAATTCCACGTGCG","KO4",5616,1880,8.26210826210826,"0","0","0","Projection Neurons","Neuron"
"AACAATTCGTCCACAG","KO4",4042,1548,6.48193963384463,"0","1","1","Projection Neurons","Neuron"
"AACAATTGAGATGTAT","KO4",7996,2536,5.32766383191596,"1","0","0","Projection Neurons","Neuron"
"AACAATTGCAATATTT","KO4",8951,2452,8.20020109484974,"0","0","0","Projection Neurons","Neuron"
"AACAATTTACCACCCT","KO4",5930,1872,7.75716694772344,"1","0","0","Projection Neurons","Neuron"
"AACAATTTTGCTGCGT","KO4",6664,2158,6.04741896758703,"4","4","4","Non-Projection Neuron Cells","Oligo"
"AACACAACTAATCAAA","KO4",10331,3163,2.33278482237925,"2","2","2","Non-Projection Neuron Cells","aIP"
"AACACAAGACTGAGAA","KO4",8924,2494,10.2308381891528,"2","2","2","Non-Projection Neuron Cells","aIP"
"AACACACACGACAAGC","KO4",4428,1465,4.7877145438121,"0","1","1","Projection Neurons","Neuron"
"AACACACATTCCTCCA","KO4",2031,1055,10.3397341211226,"5","5","5","Non-Projection Neuron Cells","OBNB"
"AACACACGCGATCAAC","KO4",7491,2609,8.79722333466827,"2","2","2","Non-Projection Neuron Cells","aIP"
"AACACAGACGACGCAC","KO4",12657,3440,1.58015327486766,"2","2","2","Non-Projection Neuron Cells","aIP"
"AACACAGACTGTAAGA","KO4",4347,1595,6.55624568668047,"0","1","1","Projection Neurons","Neuron"
"AACACATCCACGAGTC","KO4",2273,1233,8.57897052353718,"4","4","4","Non-Projection Neuron Cells","Oligo"
"AACACCACAGAGCCTC","KO4",6224,1853,8.41902313624679,"0","6","6","Projection Neurons","Neuron"
"AACACCAGTGCGCAGC","KO4",8410,2447,5.02972651605232,"1","0","0","Projection Neurons","Neuron"
"AACACCATAGGGGGTT","KO4",3104,1378,12.3067010309278,"0","1","1","Projection Neurons","Neuron"
"AACACCCATGTTCAAA","KO4",6765,2056,5.67627494456763,"0","0","0","Projection Neurons","Neuron"
"AACACCCCAGTAGGAG","KO4",7918,2408,6.54205607476635,"0","0","0","Projection Neurons","Neuron"
"AACACCCCCGGAAGCT","KO4",11720,3127,4.83788395904437,"5","5","5","Non-Projection Neuron Cells","OBNB"
"AACACCCCGTCATTCG","KO4",2051,979,4.72940029254022,"5","5","5","Non-Projection Neuron Cells","OBNB"
"AACACCCCTCCACCGA","KO4",4910,2043,7.25050916496945,"0","0","0","Projection Neurons","Neuron"
"AACACCGGCCTTATCA","KO4",6044,2025,7.87557908669755,"0","1","1","Projection Neurons","Neuron"
"AACACCGTGGGCGTAG","KO4",8627,3134,4.10339631389823,"4","4","4","Non-Projection Neuron Cells","Oligo"
"AACACCGTTCAGTCTC","KO4",8597,2769,4.72257764336396,"0","1","1","Projection Neurons","Neuron"
"AACACCTCCTGACGTC","KO4",6764,1752,9.87581312832643,"1","0","0","Projection Neurons","Neuron"
"AACACGAAGGGTAGGG","KO4",3116,1572,7.47753530166881,"2","2","2","Non-Projection Neuron Cells","aIP"
"AACACGAGCGACCCGT","KO4",8846,2686,7.16708116662898,"0","1","1","Projection Neurons","Neuron"
"AACACGAGCGATGGGG","KO4",3757,1527,11.1791322863987,"0","1","1","Projection Neurons","Neuron"
"AACACGAGGTGGATAT","KO4",8887,2533,7.28029706312591,"1","0","0","Projection Neurons","Neuron"
"AACACGATCCGACCCA","KO4",5065,1910,4.00789733464956,"2","2","2","Non-Projection Neuron Cells","aIP"
"AACACGATTCCCCGGA","KO4",5327,2143,3.90463675614793,"0","0","0","Projection Neurons","Neuron"
"AACACGATTTGGCGCG","KO4",15270,3200,4.36804191224623,"3","3","3","Non-Projection Neuron Cells","RGP"
"AACACGCAATCCTCAT","KO4",6085,2139,3.63188167625308,"2","2","2","Non-Projection Neuron Cells","aIP"
"AACACGCATCGAACTG","KO4",3943,1875,2.58686279482627,"2","2","2","Non-Projection Neuron Cells","aIP"
"AACACGCCTAACTTAC","KO4",3527,1220,10.1219166430394,"5","5","5","Non-Projection Neuron Cells","OBNB"
"AACACGCCTGTTATGG","KO4",4543,1657,7.15386308606648,"0","1","1","Projection Neurons","Neuron"
"AACACGCGCCCGCTGG","KO4",5078,1787,6.55769988184325,"0","0","0","Projection Neurons","Neuron"
"AACACGCGTACCCGCG","KO4",3525,1365,10.1276595744681,"0","1","1","Projection Neurons","Neuron"
"AACACGCGTTCACGAC","KO4",13657,4703,6.00424690634839,"6","2","2","Non-Projection Neuron Cells","aIP"
"AACACGCTCCGATCGA","KO4",2206,897,14.0979147778785,"0","0","0","Projection Neurons","Neuron"
"AACACGCTTCTCATGG","KO4",4204,1487,5.94671741198858,"4","3","3","Non-Projection Neuron Cells","RGP"
"AACACGGAAGTTTACT","KO4",3538,1371,6.55737704918033,"0","1","1","Projection Neurons","Neuron"
"AACACGGCGCGCTACA","KO4",3730,1491,7.74798927613941,"0","1","1","Projection Neurons","Neuron"
"AACACGGGCAGGACCT","KO4",6928,2212,6.72632794457275,"0","0","0","Projection Neurons","Neuron"
"AACACGGTGCTTTATT","KO4",10405,2812,4.96876501681884,"1","0","0","Projection Neurons","Neuron"
"AACACGTAACCGTACT","KO4",8781,2624,7.47067532171734,"1","0","0","Projection Neurons","Neuron"
"AACACGTATGGAAGGA","KO4",2166,1082,7.20221606648199,"4","4","4","Non-Projection Neuron Cells","Oligo"
"AACACGTTGACACATA","KO4",5877,2106,7.02739492938574,"0","1","1","Projection Neurons","Neuron"
"AACACGTTGATACCGT","KO4",5950,2050,8.38655462184874,"0","1","1","Projection Neurons","Neuron"
"AACACTAATTGCAGCC","KO4",3089,1167,8.83781158951117,"1","0","0","Projection Neurons","Neuron"
"AACACTAGCAGTACCT","KO4",8438,2429,7.82175871059493,"2","2","2","Non-Projection Neuron Cells","aIP"
"AACACTAGGTAAGTGC","KO4",4956,2152,7.26392251815981,"4","3","3","Non-Projection Neuron Cells","RGP"
"AACACTCATTTGTGAC","KO4",17993,3695,6.27466236869894,"0","6","6","Projection Neurons","Neuron"
"AACACTCCTCTGCGCT","KO4",6762,2568,5.04288671990535,"4","4","4","Non-Projection Neuron Cells","Oligo"
"AACACTCGCGTTCGCC","KO4",3908,1480,3.81269191402252,"3","3","3","Non-Projection Neuron Cells","RGP"
"AACACTCGTGAGGTGC","KO4",2482,1089,8.82352941176471,"0","1","1","Projection Neurons","Neuron"
"AACACTCTACAACTTA","KO4",14500,3700,4.89655172413793,"1","0","0","Projection Neurons","Neuron"
"AACACTGCGAACTTGA","KO4",4049,1649,7.16226228698444,"0","1","1","Projection Neurons","Neuron"
"AACACTGGCACGTGAA","KO4",3435,1642,5.93886462882096,"2","2","2","Non-Projection Neuron Cells","aIP"
"AACACTGTGAGTTTCT","KO4",4009,1571,8.40608630581192,"1","0","0","Projection Neurons","Neuron"
"AACACTGTTGTCAGTA","KO4",7066,2114,6.89215963770167,"3","3","3","Non-Projection Neuron Cells","RGP"
"AACACTTGCTAGCAAT","KO4",13932,3439,3.30892908412288,"2","2","2","Non-Projection Neuron Cells","aIP"
"AACACTTGGGACCCAT","KO4",4748,1836,4.06486941870261,"2","2","2","Non-Projection Neuron Cells","aIP"
"AACACTTTCTATCTGC","KO4",8083,2285,5.46826673264877,"3","3","3","Non-Projection Neuron Cells","RGP"
"AACAGAAAACCGACTC","KO4",8076,2490,7.0455671124319,"2","2","2","Non-Projection Neuron Cells","aIP"
"AACAGAAACCTCGGCG","KO4",3572,1500,4.05935050391937,"0","1","1","Projection Neurons","Neuron"
"AACAGAACACTGGAGT","KO4",3253,1253,10.9437442360898,"0","1","1","Projection Neurons","Neuron"
"AACAGAACATTCGCGG","KO4",10322,2966,4.71807789188142,"2","2","2","Non-Projection Neuron Cells","aIP"
"AACAGAACCCACGAAA","KO4",9546,2628,6.72532998114393,"0","0","0","Projection Neurons","Neuron"
"AACAGAACGTCAGCCC","KO4",6486,2325,6.83009559050262,"4","4","4","Non-Projection Neuron Cells","Oligo"
"AACAGAAGGTGTGCGT","KO4",7687,2511,6.84272147781969,"0","1","1","Projection Neurons","Neuron"
"AACAGAATACAACCTA","KO4",7561,1952,6.33514085438434,"4","4","4","Non-Projection Neuron Cells","Oligo"
"AACAGAATCATGCTAA","KO4",3403,1469,2.32148104613576,"2","2","2","Non-Projection Neuron Cells","aIP"
"AACAGAATGCTTATCC","KO4",3899,1551,4.74480636060528,"2","2","2","Non-Projection Neuron Cells","aIP"
"AACAGACACTTCGGTT","KO4",2950,1168,7.15254237288136,"4","4","4","Non-Projection Neuron Cells","Oligo"
"AACAGACCACGCGCAA","KO4",4444,1700,7.53825382538254,"3","3","3","Non-Projection Neuron Cells","RGP"
"AACAGACCCGCCCCCC","KO4",6921,2153,7.44112122525647,"0","1","1","Projection Neurons","Neuron"
"AACAGAGGTGCGCTGC","KO4",3097,1581,2.74459154020019,"2","2","2","Non-Projection Neuron Cells","aIP"
"AACAGAGTCAACTGGG","KO4",6306,2360,4.51950523311132,"2","2","2","Non-Projection Neuron Cells","aIP"
"AACAGAGTCGGTAATA","KO4",10209,2699,6.01430110686649,"2","2","2","Non-Projection Neuron Cells","aIP"
"AACAGATCCCCACATT","KO4",4828,1772,6.27589063794532,"0","1","1","Projection Neurons","Neuron"
"AACAGATCCCGAATAC","KO4",3182,1434,4.36832181018228,"2","2","2","Non-Projection Neuron Cells","aIP"
"AACAGATCGATGGTAG","KO4",9353,3778,3.19683524002994,"6","2","2","Non-Projection Neuron Cells","aIP"
"AACAGATTATAGTGGG","KO4",3667,1453,11.3716934824107,"1","0","0","Projection Neurons","Neuron"
"AACAGCAATCCCAGTT","KO4",7646,2355,7.4025634318598,"0","1","1","Projection Neurons","Neuron"
"AACAGCAGGTACAATT","KO4",7783,2366,10.5486316330464,"4","4","4","Non-Projection Neuron Cells","Oligo"
"AACAGCATGTGCTCAA","KO4",2596,1186,1.61787365177196,"0","1","1","Projection Neurons","Neuron"
"AACAGCCAAAGCATTA","KO4",3408,1229,7.04225352112676,"0","1","1","Projection Neurons","Neuron"
"AACAGCCCCAGTCCGG","KO4",9821,3017,10.1313511862336,"0","6","6","Projection Neurons","Neuron"
"AACAGCCGGGAACCGC","KO4",4171,1776,1.58235435147447,"0","0","0","Projection Neurons","Neuron"
"AACAGCCTTACATTCG","KO4",14273,4389,5.45085125761928,"6","2","2","Non-Projection Neuron Cells","aIP"
"AACAGCGAGACACCCG","KO4",18016,3772,6.82171403197158,"0","6","6","Projection Neurons","Neuron"
"AACAGCGTATTCTAAC","KO4",4381,1527,7.44122346496234,"0","1","1","Projection Neurons","Neuron"
"AACAGCGTTCGTCCTT","KO4",6224,1857,4.37017994858612,"3","3","3","Non-Projection Neuron Cells","RGP"
"AACAGCTGTTGTTACT","KO4",4930,1928,6.89655172413793,"1","0","0","Projection Neurons","Neuron"
"AACAGGAAGAGGTGTA","KO4",3926,1304,7.00458481915436,"5","5","5","Non-Projection Neuron Cells","OBNB"
"AACAGGATGGAGGAGT","KO4",1980,1043,4.49494949494949,"0","1","1","Projection Neurons","Neuron"
"AACAGGCAATTATCCT","KO4",8527,2879,6.69637621672335,"2","2","2","Non-Projection Neuron Cells","aIP"
"AACAGGCAGCAACTAC","KO4",3621,1332,6.32421982877658,"0","0","0","Projection Neurons","Neuron"
"AACAGGCCTCCTCACG","KO4",8765,2793,3.98174557900742,"2","2","2","Non-Projection Neuron Cells","aIP"
"AACAGGCGTCCTGCGT","KO4",5134,1868,11.7062719127386,"0","1","1","Projection Neurons","Neuron"
"AACAGGCTCCTGCACG","KO4",14747,3771,5.9537533057571,"0","1","1","Projection Neurons","Neuron"
"AACAGGCTGGACATAC","KO4",3257,1301,14.3076450721523,"5","5","5","Non-Projection Neuron Cells","OBNB"
"AACAGGGATGGTCCTG","KO4",9167,2671,7.3088251336315,"0","0","0","Projection Neurons","Neuron"
"AACAGGGCTGTCGATA","KO4",5599,1845,6.73334524022147,"0","0","0","Projection Neurons","Neuron"
"AACAGGGTCCTTCAAC","KO4",5012,1818,12.4700718276137,"5","5","5","Non-Projection Neuron Cells","OBNB"
"AACAGGGTGAGCCGGT","KO4",4255,1553,6.06345475910693,"0","0","0","Projection Neurons","Neuron"
"AACAGGGTTTGTGGAC","KO4",2681,1238,6.63931368892204,"1","0","0","Projection Neurons","Neuron"
"AACAGGTATCTCGAAA","KO4",13748,3570,5.47716031422752,"2","2","2","Non-Projection Neuron Cells","aIP"
"AACAGGTGTAACATGC","KO4",5306,1845,7.76479457218243,"0","1","1","Projection Neurons","Neuron"
"AACAGGTTACGCCTTG","KO4",3107,1363,10.7177341486965,"1","0","0","Projection Neurons","Neuron"
"AACAGTAGTGTGCTAC","KO4",6394,2065,6.77197372536753,"1","0","0","Projection Neurons","Neuron"
"AACAGTATACGCTGAC","KO4",8983,2608,6.1004118891239,"0","1","1","Projection Neurons","Neuron"
"AACAGTATCGTGAAGT","KO4",12593,2957,6.24156277296911,"1","0","0","Projection Neurons","Neuron"
"AACAGTCAAAATCAAT","KO4",2724,1267,8.22320117474302,"0","1","1","Projection Neurons","Neuron"
"AACAGTCCCCGACAGA","KO4",1787,1083,4.30889759373251,"2","2","2","Non-Projection Neuron Cells","aIP"
"AACAGTCCTCGGTGAG","KO4",3462,1448,10.1675332177932,"0","1","1","Projection Neurons","Neuron"
"AACAGTCGGAGTTGCC","KO4",6207,2192,7.47543096503947,"0","1","1","Projection Neurons","Neuron"
"AACAGTCTATTGAAAG","KO4",10860,3312,3.35174953959484,"2","2","2","Non-Projection Neuron Cells","aIP"
"AACAGTCTCAACTATA","KO4",6628,1993,9.32407966203983,"0","1","1","Projection Neurons","Neuron"
"AACAGTGACGCAGGAT","KO4",4601,1779,7.2158226472506,"0","1","1","Projection Neurons","Neuron"
"AACAGTGCAACACCAT","KO4",5048,1694,6.51743264659271,"0","1","1","Projection Neurons","Neuron"
"AACAGTTACCACCTCT","KO4",7003,2580,3.28430672568899,"2","2","2","Non-Projection Neuron Cells","aIP"
"AACAGTTATAAAAGTC","KO4",3168,1224,10.3219696969697,"5","5","5","Non-Projection Neuron Cells","OBNB"
"AACAGTTCTCCACGCT","KO4",2628,1203,9.43683409436834,"1","0","0","Projection Neurons","Neuron"
"AACAGTTGCTGTGGCC","KO4",3157,1401,10.6430155210643,"0","1","1","Projection Neurons","Neuron"
"AACAGTTTAGCTCTCA","KO4",5828,1936,9.23129718599863,"2","2","2","Non-Projection Neuron Cells","aIP"
"AACAGTTTCTCGCTTA","KO4",3953,1608,8.82873766759423,"4","4","4","Non-Projection Neuron Cells","Oligo"
"AACATAAACCAGACCG","KO4",5741,2006,3.51855077512628,"2","2","2","Non-Projection Neuron Cells","aIP"
"AACATAAAGTGAGAGA","KO4",2162,1075,11.7483811285846,"4","4","4","Non-Projection Neuron Cells","Oligo"
"AACATAAGTATACGCC","KO4",5408,1817,5.89866863905325,"0","1","1","Projection Neurons","Neuron"
"AACATAATGATTGGCT","KO4",10489,2663,3.04128134235866,"3","3","3","Non-Projection Neuron Cells","RGP"
"AACATAATGGCCACAA","KO4",5829,2088,8.20037742322868,"4","4","4","Non-Projection Neuron Cells","Oligo"
"AACATACATGTGAATT","KO4",22328,4281,6.02382658545324,"4","4","4","Non-Projection Neuron Cells","Oligo"
"AACATACCCAGACTTA","KO4",3562,1407,8.81527231892195,"0","0","0","Projection Neurons","Neuron"
"AACATACTTAGCGCCT","KO4",10443,2801,5.19965527147371,"1","0","0","Projection Neurons","Neuron"
"AACATAGAAGCTCCGG","KO4",6656,1952,6.79086538461538,"0","1","1","Projection Neurons","Neuron"
"AACATAGCACAAATAG","KO4",3749,1378,7.62870098692985,"2","2","2","Non-Projection Neuron Cells","aIP"
"AACATAGCAGTGATAT","KO4",7606,2382,6.23192216671049,"1","0","0","Projection Neurons","Neuron"
"AACATAGTGTTGATCC","KO4",9375,2549,6.77333333333333,"0","1","1","Projection Neurons","Neuron"
"AACATATAATAATCGA","KO4",6579,2385,5.59355525155799,"2","2","2","Non-Projection Neuron Cells","aIP"
"AACATATATATGAGAC","KO4",8199,2269,6.89108427857056,"1","0","0","Projection Neurons","Neuron"
"AACATATGCTTTTGGA","KO4",10119,2760,7.25368119379385,"4","4","4","Non-Projection Neuron Cells","Oligo"
"AACATATTGAAACCAC","KO4",7923,2330,7.20686608607851,"4","4","4","Non-Projection Neuron Cells","Oligo"
"AACATATTTGCGTCCA","KO4",3811,1531,2.25662555759643,"5","5","5","Non-Projection Neuron Cells","OBNB"
"AACATCAAAGCGCGCA","KO4",5676,2241,3.55884425651867,"2","2","2","Non-Projection Neuron Cells","aIP"
"AACATCACACGATTCC","KO4",7990,2344,6.62077596996245,"0","6","6","Projection Neurons","Neuron"
"AACATCAGACGGATAG","KO4",6969,2283,7.01678863538528,"1","0","0","Projection Neurons","Neuron"
"AACATCATGCTTGGAC","KO4",9385,3099,3.40969632392115,"3","3","3","Non-Projection Neuron Cells","RGP"
"AACATCCAGTAAGTGC","KO4",3368,1789,1.06888361045131,"0","0","0","Projection Neurons","Neuron"
"AACATCCGGCACTGTC","KO4",6477,1991,7.10205341979311,"2","2","2","Non-Projection Neuron Cells","aIP"
"AACATCCGTGAGTCAT","KO4",3203,1261,14.3615360599438,"4","4","4","Non-Projection Neuron Cells","Oligo"
"AACATCGACAAGGCTG","KO4",9859,2638,6.17709706866822,"1","0","0","Projection Neurons","Neuron"
"AACATCGCATTCTGTC","KO4",5827,1942,7.39660202505577,"0","1","1","Projection Neurons","Neuron"
"AACATCTAATGGTCCC","KO4",7592,2235,8.48261327713383,"0","1","1","Projection Neurons","Neuron"
"AACATCTATTGACCGT","KO4",2786,1199,6.03015075376884,"0","1","1","Projection Neurons","Neuron"
"AACATCTCCAACCTTA","KO4",18688,3699,6.84396404109589,"2","2","2","Non-Projection Neuron Cells","aIP"
"AACATCTCCCTTTCAA","KO4",2059,1146,1.60271976687712,"0","1","1","Projection Neurons","Neuron"
"AACATCTCGCCCGCCC","KO4",9666,3287,2.02772605007242,"2","2","2","Non-Projection Neuron Cells","aIP"
"AACATCTCGCTGGATC","KO4",3149,1424,8.98697999364878,"2","2","2","Non-Projection Neuron Cells","aIP"
"AACATCTCTCGCTGGC","KO4",5629,1730,10.1083673831942,"5","5","5","Non-Projection Neuron Cells","OBNB"
"AACATCTCTTGTGCAA","KO4",9211,2292,3.76723482792314,"3","3","3","Non-Projection Neuron Cells","RGP"
"AACATCTGAAACTTAT","KO4",5232,2090,9.28899082568807,"5","5","5","Non-Projection Neuron Cells","OBNB"
"AACATCTTCCGTCGGA","KO4",5744,2020,10.4805013927577,"2","2","2","Non-Projection Neuron Cells","aIP"
"AACATGAGTAAGATCA","KO4",3654,1368,11.8226600985222,"0","1","1","Projection Neurons","Neuron"
"AACATGCGTCTGTCAT","KO4",6975,2329,7.19713261648745,"0","0","0","Projection Neurons","Neuron"
"AACATGGATCTCGTTG","KO4",3224,1384,11.5074441687345,"1","0","0","Projection Neurons","Neuron"
"AACATGGATTATCTGG","KO4",10122,2633,7.94309425014819,"4","4","4","Non-Projection Neuron Cells","Oligo"
"AACATGGGATAGAGGC","KO4",4845,1734,10.4643962848297,"0","0","0","Projection Neurons","Neuron"
"AACATGGTACAACATA","KO4",6109,2272,8.13553773121624,"4","4","4","Non-Projection Neuron Cells","Oligo"
"AACATGGTTACGTTGA","KO4",5473,1876,7.38169194226201,"2","2","2","Non-Projection Neuron Cells","aIP"
"AACATGTACTAATTGC","KO4",14429,3387,5.88398364405018,"0","6","6","Projection Neurons","Neuron"
"AACATGTCCATTCTGA","KO4",5980,2013,8.24414715719064,"0","1","1","Projection Neurons","Neuron"
"AACATGTCTAGACGAT","KO4",14444,3322,5.0470783716422,"1","0","0","Projection Neurons","Neuron"
"AACATGTTGAGATAAA","KO4",5292,2211,2.47543461829176,"2","2","2","Non-Projection Neuron Cells","aIP"
"AACATTACATTACAGC","KO4",10799,2802,6.49134179090657,"2","2","2","Non-Projection Neuron Cells","aIP"
"AACATTCCAGTCTCGT","KO4",7875,2463,4.54603174603175,"2","2","2","Non-Projection Neuron Cells","aIP"
"AACATTCCGCTGCCTA","KO4",13309,3413,5.43992786835976,"3","3","3","Non-Projection Neuron Cells","RGP"
"AACATTCCTTAAACTC","KO4",5669,2074,11.518786382078,"4","4","4","Non-Projection Neuron Cells","Oligo"
"AACATTCGGAATGCGT","KO4",2317,1058,5.00647388864912,"0","0","0","Projection Neurons","Neuron"
"AACATTCGGATCCCGG","KO4",6797,2361,5.061056348389,"5","5","5","Non-Projection Neuron Cells","OBNB"
"AACATTCGTACCATAC","KO4",2396,1140,6.13522537562604,"4","4","4","Non-Projection Neuron Cells","Oligo"
"AACATTCTATTGTGTG","KO4",2654,1161,1.65787490580256,"4","4","4","Non-Projection Neuron Cells","Oligo"
"AACATTGAGGGCTCAT","KO4",4877,1792,8.48882509739594,"0","1","1","Projection Neurons","Neuron"
"AACATTGCCGTAAAAT","KO4",4019,1481,4.08061706892262,"4","4","4","Non-Projection Neuron Cells","Oligo"
"AACATTGTAGTCACCA","KO4",8312,2495,6.86958614051973,"5","5","5","Non-Projection Neuron Cells","OBNB"
"AACATTGTCGCACGCT","KO4",7115,2340,6.6619817287421,"0","1","1","Projection Neurons","Neuron"
"AACATTTTAATTTAGG","KO4",2373,1055,4.551201011378,"4","4","4","Non-Projection Neuron Cells","Oligo"
"AACCAAAAACCTATAT","KO4",19080,3855,5.24633123689727,"1","0","0","Projection Neurons","Neuron"
"AACCAAACGCGTCGTA","KO4",2928,1382,2.66393442622951,"2","2","2","Non-Projection Neuron Cells","aIP"
"AACCAAAGCAGGCGGG","KO4",16219,3577,5.38257599112152,"0","0","0","Projection Neurons","Neuron"
"AACCAAAGCTTACAGA","KO4",6124,2222,6.62965382103201,"0","0","0","Projection Neurons","Neuron"
"AACCAAAGGGGTTCGC","KO4",10348,2963,2.87978353304986,"2","2","2","Non-Projection Neuron Cells","aIP"
"AACCAAATATACGGGC","KO4",4357,1457,6.01331191186596,"0","1","1","Projection Neurons","Neuron"
"AACCAAATATGTATCA","KO4",3549,1393,13.0459284305438,"4","4","4","Non-Projection Neuron Cells","Oligo"
"AACCAACAGGTGTAGC","KO4",3342,1661,5.38599640933573,"2","2","2","Non-Projection Neuron Cells","aIP"
"AACCAACCAGTATGGT","KO4",9479,3317,1.92003375883532,"3","3","3","Non-Projection Neuron Cells","RGP"
"AACCAACGTCTTCTTA","KO4",3499,1559,2.0005715918834,"2","2","2","Non-Projection Neuron Cells","aIP"
"AACCAAGAACTCATTC","KO4",6515,2142,5.34151957022256,"2","2","2","Non-Projection Neuron Cells","aIP"
"AACCAAGAGTAGTATC","KO4",5492,1838,2.36707938820102,"2","2","2","Non-Projection Neuron Cells","aIP"
"AACCAAGCTCATATCG","KO4",3702,1469,8.42787682333874,"2","2","2","Non-Projection Neuron Cells","aIP"
"AACCAAGTCAGCCGAA","KO4",7609,2661,5.57234853463004,"0","6","6","Projection Neurons","Neuron"
"AACCAATAATACTGTG","KO4",6253,2066,12.0582120582121,"0","0","0","Projection Neurons","Neuron"
"AACCAATATAGTATGC","KO4",3693,1551,3.62848632548064,"0","1","1","Projection Neurons","Neuron"
"AACCAATGAGGACCAG","KO4",7451,2548,6.64340356999061,"4","3","3","Non-Projection Neuron Cells","RGP"
"AACCAATTCATGTATG","KO4",4000,1718,3.25,"4","4","4","Non-Projection Neuron Cells","Oligo"
"AACCAATTGCAACTGG","KO4",4631,1748,7.68732455193263,"0","1","1","Projection Neurons","Neuron"
